point_id,mandal,orbit,lon,lat,label,confidence,reason,ndvi_max,ndvi_peak,clear_bins,radar_dips,optical_flood,VH_00,VH_01,VH_02,VH_03,VH_04,VH_05,VH_06,VH_07,VH_08,VH_09,VH_10,VH_11,VH_12,VH_13,VH_14,VV_00,VV_01,VV_02,VV_03,VV_04,VV_05,VV_06,VV_07,VV_08,VV_09,VV_10,VV_11,VV_12,VV_13,VV_14,NDVI_00,NDVI_01,NDVI_02,NDVI_03,NDVI_04,NDVI_05,NDVI_06,NDVI_07,NDVI_08,NDVI_09,NDVI_10,NDVI_11,NDVI_12,NDVI_13,NDVI_14,LSWI_00,LSWI_01,LSWI_02,LSWI_03,LSWI_04,LSWI_05,LSWI_06,LSWI_07,LSWI_08,LSWI_09,LSWI_10,LSWI_11,LSWI_12,LSWI_13,LSWI_14
P001,1,165,79.06014425042441,17.690298311344705,Other kharif crop,high,"clear green-up, no flooding",0.56,08-24,11,,,-18.85031509399414,-18.840709686279297,-16.645904541015625,-17.326086044311523,-16.923492431640625,-12.123950004577637,-14.631159782409668,-14.709452629089355,-12.856928825378418,-15.752100944519043,-14.740376472473145,-14.183008193969727,-13.876718521118164,-16.085872650146484,-16.57692527770996,-14.40692138671875,-13.250452995300293,-9.792495727539062,-14.079048156738281,-11.512840270996094,-9.667981147766113,-8.949580192565918,-9.070202827453613,-10.495469093322754,-10.314606666564941,-10.233789443969727,-9.746858596801758,-9.03074836730957,-10.679353713989258,-10.867940902709961,0.232031911611557,0.3210245370864868,0.39015525579452515,0.39601385593414307,,,0.45245522260665894,0.5556245446205139,,0.5011814832687378,0.4644692838191986,0.4893103539943695,,0.5452930331230164,0.515117883682251,-0.16198959946632385,-0.06990966945886612,-0.031049828976392746,-0.005210537929087877,,,0.21370171010494232,0.03269902244210243,,0.04602475091814995,0.010516154579818249,-0.01522847916930914,,-0.00026710485690273345,-0.015649477019906044
P002,1,165,79.10649731908498,17.670355712037253,Other kharif crop,high,"clear green-up, no flooding",0.7,08-24,14,11-04,,-18.34916877746582,-19.645708084106445,-14.686874389648438,-17.121580123901367,-14.06497573852539,-13.556687355041504,-16.539318084716797,-14.426548957824707,-14.959789276123047,-15.098555564880371,-18.35017967224121,-13.935452461242676,-16.057268142700195,-19.93697738647461,-18.620187759399414,-10.023165702819824,-8.488995552062988,-7.207935810089111,-12.111035346984863,-8.530403137207031,-10.500448226928711,-9.765412330627441,-7.788954734802246,-9.412049293518066,-9.799474716186523,-9.998126029968262,-10.819999694824219,-10.440117835998535,-10.360243797302246,-10.534947395324707,0.22995683550834656,0.32098791003227234,0.5726332664489746,0.44560062885284424,,0.4253709614276886,0.6479821801185608,0.696219801902771,0.6560559868812561,0.6195099353790283,0.6161534190177917,0.4218381643295288,0.5361433029174805,0.5532750487327576,0.5158427357673645,-0.10685288906097412,-0.00874585285782814,0.0460880771279335,0.052776142954826355,,0.17787271738052368,0.23870423436164856,0.16152749955654144,0.1531585305929184,0.11866429448127747,0.11190424859523773,0.2741992175579071,-0.020329421386122704,0.02403360977768898,0.014016382396221161
P003,1,165,79.14072313140993,17.579805531398005,Review,low,optical flood signal without a radar dip-and-rise,0.86,09-29,14,11-16,"07-31, 08-12",-21.290163040161133,-21.00998878479004,-13.753363609313965,-19.150623321533203,-19.79217529296875,-21.687559127807617,-22.728927612304688,-20.81999397277832,-18.86149787902832,-18.844751358032227,-16.388099670410156,-15.541074752807617,-13.2681303024292,-13.863701820373535,-17.9428768157959,-9.799272537231445,-11.423412322998047,-4.3274006843566895,-12.28538990020752,-12.021141052246094,-15.515871047973633,-11.782159805297852,-7.596145153045654,-8.838300704956055,-8.494194984436035,-9.309798240661621,-9.084023475646973,-6.6129984855651855,-10.682121276855469,-12.269233703613281,0.2392304539680481,0.227443128824234,0.20726005733013153,0.23658624291419983,0.33685797452926636,0.18747800588607788,0.40579158067703247,0.42788833379745483,,0.7603226900100708,0.8589742183685303,0.6173741221427917,0.7451010942459106,0.6518919467926025,0.504830002784729,-0.10788780450820923,-0.07906533777713776,-0.06029201298952103,0.01223656814545393,0.28124505281448364,0.39840155839920044,0.38170987367630005,0.24660471081733704,,0.3930719792842865,0.3872772455215454,0.28018707036972046,0.2971881330013275,0.2516435980796814,0.09682545065879822
P004,1,165,79.08170381724328,17.670355712037253,Review,low,radar dip but optical shows dry soil soon after,0.76,07-31,12,07-07,,-19.05725860595703,-17.62196159362793,-13.961738586425781,-20.50094985961914,-14.902603149414062,-14.859643936157227,-16.7699031829834,-15.190669059753418,-13.220710754394531,-13.56787395477295,-13.96379566192627,-14.075813293457031,-14.142166137695312,-14.35697078704834,-15.295252799987793,-10.97011661529541,-10.913026809692383,-7.916893005371094,-12.568158149719238,-7.768467903137207,-7.52230167388916,-8.393267631530762,-8.472585678100586,-9.340160369873047,-6.994198322296143,-8.960243225097656,-7.743005752563477,-6.714081764221191,-11.35754108428955,-11.649150848388672,0.33195960521698,0.3193969130516052,0.6064568758010864,0.5785055756568909,,0.7594650983810425,0.651092529296875,0.632972776889801,,0.6443058252334595,0.6458216905593872,0.5852413177490234,,0.5885831117630005,0.5021212100982666,-0.15059345960617065,-0.028159378096461296,0.11490495502948761,0.05131971836090088,,0.28282609581947327,0.2902601957321167,0.1914219856262207,,0.146425262093544,0.13407950103282928,0.07571523636579514,,0.08569885790348053,0.0425773561000824
P005,1,165,79.07146302300431,17.566869791306683,Other kharif crop,high,"clear green-up, no flooding",0.75,09-29,13,,,-22.913328170776367,-17.29484748840332,-15.951581001281738,-17.390369415283203,-14.218696594238281,-13.03449821472168,-12.989684104919434,-14.864469528198242,-12.076929092407227,-13.152714729309082,-15.376053810119629,-15.133687019348145,-14.5208158493042,-14.769576072692871,-15.71789264678955,-8.978699684143066,-9.41891860961914,-8.896520614624023,-10.452170372009277,-7.688597202301025,-8.101255416870117,-9.98377799987793,-6.6163153648376465,-9.962091445922852,-5.644260406494141,-6.616690158843994,-7.446385860443115,-8.79711627960205,-8.733856201171875,-9.385117530822754,0.2065339982509613,0.26987943053245544,0.32165151834487915,0.27159973978996277,0.4209776818752289,0.5637247562408447,0.7409486770629883,0.7307168245315552,,0.719035804271698,0.7527625560760498,0.5565405488014221,,0.6477195620536804,0.5954477190971375,-0.09605710208415985,-0.06698710471391678,-0.008225696161389351,0.002134463284164667,0.053360652178525925,0.20331697165966034,0.3096204698085785,0.2680753469467163,,0.2346411496400833,0.1566985547542572,0.04985838383436203,,0.0717962309718132,0.05121222138404846
P006,1,165,79.12293648878436,17.59920914153499,Other kharif crop,high,"clear green-up, no flooding",0.68,08-12,12,08-24,,-19.7709903717041,-18.257381439208984,-19.319034576416016,-15.804866790771484,-17.355703353881836,-11.674071311950684,-11.071605682373047,-15.424762725830078,-15.69080638885498,-19.060270309448242,-16.72829818725586,-18.618663787841797,-18.01784324645996,-21.255002975463867,-19.223594665527344,-13.544434547424316,-11.982333183288574,-11.988259315490723,-10.897307395935059,-8.159515380859375,-8.143791198730469,-7.962430477142334,-6.8528547286987305,-6.220974445343018,-8.216272354125977,-11.684367179870605,-9.954306602478027,-9.495777130126953,-12.43260669708252,-10.715363502502441,0.139995276927948,,0.3526831269264221,0.41782456636428833,0.330453097820282,0.48442625999450684,0.6753770709037781,0.36598607897758484,,0.31029969453811646,0.3734933137893677,0.5327152013778687,,0.26961082220077515,0.2585170865058899,-0.13428956270217896,,0.03111516498029232,0.0991121381521225,0.03537771850824356,0.13730782270431519,0.2688922882080078,-0.026457397267222404,,-0.09160967916250229,-0.01108566951006651,0.09045140445232391,,-0.14639151096343994,-0.11936476081609726
P007,2,165,79.3307168140012,16.79449831002072,Paddy,high,radar dip-and-rise + optical flood within 3 weeks,0.79,11-04,9,07-07,07-31,-17.797121047973633,-19.31563949584961,-14.932466506958008,-25.49882698059082,-15.003875732421875,-16.26591682434082,-17.647396087646484,-14.923662185668945,-15.615952491760254,-17.900869369506836,-14.308286666870117,-15.448946952819824,-15.126391410827637,-13.991127967834473,-12.447675704956055,-11.62394905090332,-13.172893524169922,-8.90845012664795,-14.989431381225586,-9.437896728515625,-11.530237197875977,-10.92929744720459,-7.842939853668213,-9.818238258361816,-11.117695808410645,-10.066411018371582,-11.76616096496582,-7.75801944732666,-8.891005516052246,-10.151049613952637,0.2883266806602478,0.2537177503108978,,0.12935864925384521,,0.162637859582901,,0.6228200197219849,,,0.7436805963516235,,0.7494720220565796,0.7896001935005188,0.6436947584152222,-0.09327533841133118,-0.10704535245895386,,0.038446903228759766,,0.13555282354354858,,0.2082338035106659,,,0.3229791224002838,,0.46218141913414,0.38241472840309143,0.30023956298828125
P008,2,165,79.23127331204918,16.861871956329683,Review,low,already green in June: orchard or perennial?,0.6,08-24,10,,,-16.30698585510254,-13.453811645507812,-16.435810089111328,-17.83384895324707,-16.181720733642578,-16.91804313659668,-16.361665725708008,-15.943169593811035,-14.75705623626709,-13.738639831542969,-13.209139823913574,-14.507712364196777,-13.816554069519043,-16.781566619873047,-18.35828971862793,-9.854507446289062,-9.640717506408691,-6.951895713806152,-10.994661331176758,-9.578045845031738,-10.961669921875,-9.955492973327637,-8.5136137008667,-9.60181999206543,-11.646892547607422,-7.77867317199707,-6.441009044647217,-7.0501909255981445,-9.773100852966309,-8.305091857910156,0.5350096821784973,0.5140810608863831,,0.5074946880340576,,0.48026835918426514,,0.5974387526512146,,0.4810126721858978,0.4788148105144501,,0.5492353439331055,0.5524982810020447,0.4961089789867401,0.10195155441761017,0.06264656037092209,,0.08118327707052231,,0.18261152505874634,,0.25622910261154175,,0.18062563240528107,0.057200245559215546,,0.15434589982032776,0.03643124923110008,-0.008457324467599392
P009,2,165,79.29244858289772,16.85890751589209,Review,low,optical flood signal without a radar dip-and-rise,0.8,09-29,9,,07-31,-18.850780487060547,-18.055076599121094,-15.165183067321777,-16.325891494750977,-18.235076904296875,-16.784406661987305,-20.21462059020996,-18.82672119140625,-20.890378952026367,-19.58936882019043,-15.827362060546875,-13.534906387329102,-13.029054641723633,-17.207950592041016,-15.921403884887695,-7.783598899841309,-9.878318786621094,-3.937079906463623,-6.514702796936035,-9.883188247680664,-11.890799522399902,-9.03161334991455,-10.907288551330566,-13.309508323669434,-12.375618934631348,-10.034435272216797,-8.894599914550781,-7.032057285308838,-10.196962356567383,-8.40212345123291,0.2562094032764435,0.1351185292005539,,0.12901777029037476,,0.20871233940124512,,0.48209214210510254,,,0.8004306554794312,,0.7098097205162048,0.6724820137023926,0.4771183729171753,-0.0791972428560257,-0.17318737506866455,,0.048319507390260696,,0.20558595657348633,,0.2439727783203125,,,0.3361530900001526,,0.37630122900009155,0.25700968503952026,0.1520676165819168
P010,2,165,79.315625117228,16.77239975403138,Review,low,radar dip but optical shows dry soil soon after,0.33,09-29,11,06-25,,-17.70028305053711,-17.86105728149414,-23.627809524536133,-20.020841598510742,-14.656639099121094,-16.879148483276367,-17.061378479003906,-18.52585220336914,-19.474163055419922,-16.463977813720703,-20.828935623168945,-16.31113052368164,-18.008333206176758,-15.801430702209473,-18.423770904541016,-10.377018928527832,-11.322273254394531,-9.548240661621094,-9.2360258102417,-10.91015625,-9.378668785095215,-6.026786804199219,-9.819677352905273,-8.0773344039917,-9.68112850189209,-12.362156867980957,-7.128940582275391,-10.593379974365234,-12.884925842285156,-12.075963973999023,0.2170255184173584,0.21884724497795105,,0.12111799418926239,,0.19248929619789124,,0.3228629529476166,,0.2716131806373596,0.32756608724594116,0.30608081817626953,0.2907928228378296,0.2965156137943268,0.283297061920166,0.028749238699674606,-0.043552499264478683,,0.03603474795818329,,-0.049271389842033386,,0.036137256771326065,,-0.08166630566120148,0.06984283775091171,0.07586313784122467,-0.020337268710136414,-0.06656166911125183,-0.07712236791849136
P011,2,165,79.27493143485738,16.807164555526803,Review,low,radar dip but optical shows dry soil soon after,0.67,09-29,8,"06-13, 11-16",,-17.91520118713379,-23.06089973449707,-16.4260311126709,-21.36638069152832,-18.005983352661133,-17.794231414794922,-15.866362571716309,-15.155272483825684,-15.501643180847168,-13.790498733520508,-13.408610343933105,-10.279926300048828,-13.386055946350098,-14.360448837280273,-18.557859420776367,-8.729880332946777,-10.865159034729004,-8.236449241638184,-10.820091247558594,-10.973342895507812,-11.853697776794434,-9.055956840515137,-9.335071563720703,-8.719301223754883,-8.07220458984375,-10.075922966003418,-10.219518661499023,-8.629547119140625,-10.597346305847168,-11.058599472045898,0.2700294256210327,0.3082647919654846,,0.3628872334957123,,0.409889817237854,,0.5745011568069458,,,0.6682068109512329,,,0.43874627351760864,0.2505819797515869,-0.024581432342529297,-0.03170468658208847,,0.15414488315582275,,0.2420220971107483,,0.22133256494998932,,,0.2621006369590759,,,0.07318085432052612,-0.11242187023162842
P012,2,165,79.26927204856743,16.723890728688925,Other kharif crop,high,"clear green-up, no flooding",0.85,09-17,11,,,-16.777448654174805,-15.279586791992188,-16.57628059387207,-15.269715309143066,-18.691680908203125,-14.980992317199707,-16.002748489379883,-15.655532836914062,-15.671408653259277,-15.189148902893066,-14.871071815490723,-15.011192321777344,-15.513578414916992,-12.570395469665527,-15.843202590942383,-10.038212776184082,-8.870465278625488,-9.233516693115234,-10.403956413269043,-10.644192695617676,-8.730978012084961,-10.105199813842773,-11.300297737121582,-9.638172149658203,-10.620210647583008,-7.280461311340332,-9.653669357299805,-9.793346405029297,-10.085198402404785,-9.05378532409668,0.3110554814338684,0.25073152780532837,,0.2681233882904053,,0.3316527307033539,,0.6674658060073853,,0.8471534848213196,0.8005132675170898,0.7587206363677979,0.5905231237411499,0.6418052315711975,0.3343115448951721,-0.07406028360128403,-0.1267726719379425,,-0.12148170173168182,,0.24307169020175934,,0.2723739445209503,,0.35119980573654175,0.32459357380867004,0.38702934980392456,0.3089446723461151,0.19877898693084717,-0.06585829704999924
P013,3,165,79.18761518924097,17.45152610882574,Review,low,already green in June: orchard or perennial?,0.58,11-16,12,,,-20.159738540649414,-16.32482147216797,-13.875368118286133,-18.489795684814453,-13.312274932861328,-17.06743049621582,-16.792953491210938,-15.423089981079102,-13.578357696533203,-14.133524894714355,-12.052248001098633,-16.973155975341797,-15.908217430114746,-14.968844413757324,-16.394052505493164,-13.431330680847168,-13.737395286560059,-9.435760498046875,-11.428832054138184,-3.273796319961548,-6.241733074188232,-8.671955108642578,-6.991250038146973,-1.4243714809417725,-4.174794673919678,-8.120209693908691,-10.257604598999023,-6.328698635101318,-9.479491233825684,-7.863959789276123,0.3299647569656372,0.45359039306640625,0.5622596740722656,0.26528868079185486,0.39117878675460815,0.25994670391082764,0.12736400961875916,0.3216283321380615,,,0.5185258388519287,0.3588855266571045,,0.5690579414367676,0.5772825479507446,-0.13822348415851593,-0.08809594064950943,0.09498435258865356,-0.11433436721563339,0.016828224062919617,0.02959161251783371,-0.0989074856042862,-0.060824915766716,,,0.07863128185272217,0.05642131716012955,,0.14844369888305664,0.15746450424194336
P014,3,165,79.07388847427144,17.529140549373665,Other kharif crop,high,"clear green-up, no flooding",0.73,08-24,14,11-16,,-21.399791717529297,-25.136951446533203,-18.485145568847656,-18.310728073120117,-15.394303321838379,-13.069252014160156,-14.415722846984863,-11.230944633483887,-9.813010215759277,-13.07984733581543,-15.297080039978027,-16.424299240112305,-14.898702621459961,-13.544111251831055,-19.49164390563965,-10.631497383117676,-10.777383804321289,-5.663698673248291,-7.675017356872559,-7.4060258865356445,-6.591500759124756,-9.445405960083008,-6.2910847663879395,-7.181521892547607,-5.844096660614014,-8.397780418395996,-5.963624477386475,-6.777070045471191,-9.01564884185791,-7.656100273132324,0.15084969997406006,0.1560603529214859,0.21751654148101807,0.24974358081817627,0.34140443801879883,0.5495569705963135,0.4939318299293518,0.7303102612495422,0.46037471294403076,0.5580217242240906,0.5579105615615845,0.5077041387557983,,0.7013719081878662,0.6625590920448303,-0.20755553245544434,-0.2185666710138321,-0.12421129643917084,-0.1736845076084137,0.01552474033087492,0.19102570414543152,0.2905367910861969,0.19799809157848358,0.2005896419286728,0.2717474699020386,0.047574467957019806,0.07889699935913086,,0.1781734824180603,0.16884511709213257
P015,3,165,79.18734569465573,17.500574123338662,Review,low,radar dip but optical shows dry soil soon after,0.69,08-12,13,"06-13, 09-29",,-19.771392822265625,-23.97456169128418,-17.022022247314453,-18.099430084228516,-15.789340019226074,-16.146257400512695,-14.799190521240234,-14.417033195495605,-14.375368118286133,-14.38174057006836,-18.883899688720703,-19.054119110107422,-14.98936653137207,-16.306184768676758,-16.612119674682617,-10.99859619140625,-9.103561401367188,-3.3088948726654053,-9.481164932250977,-6.5015363693237305,-8.939142227172852,-6.952839374542236,-7.306567668914795,-4.531805515289307,-6.969501495361328,-11.833060264587402,-9.158323287963867,-8.344758033752441,-9.84220027923584,-9.916328430175781,0.18204590678215027,0.22285613417625427,0.23997825384140015,0.2235204577445984,0.2665894627571106,0.3325701355934143,0.6897467374801636,0.5493688583374023,,0.4573817849159241,0.3336871266365051,,0.337033212184906,0.3884674906730652,0.3908560872077942,-0.22544848918914795,-0.21425066888332367,-0.1145143061876297,-0.12021912634372711,-0.1129600778222084,0.04762765020132065,0.18828772008419037,0.10675443708896637,,0.03672247752547264,-0.1252511590719223,,-0.061381496489048004,-0.05672474578022957,-0.05651780217885971
P016,3,165,79.14126212058041,17.535069430248853,Other kharif crop,high,"clear green-up, no flooding",0.84,09-29,12,,,-15.987435340881348,-16.050365447998047,-13.893766403198242,-15.773468017578125,-14.742141723632812,-16.318580627441406,-18.314958572387695,-14.322657585144043,-15.286737442016602,-15.297930717468262,-12.124728202819824,-11.616450309753418,-14.652615547180176,-12.87353801727295,-16.069889068603516,-7.858682632446289,-6.913135528564453,-7.400218963623047,-10.208040237426758,-10.385549545288086,-9.635363578796387,-10.834552764892578,-8.784957885742188,-9.242767333984375,-7.947871685028076,-8.607728958129883,-7.890002250671387,-8.571852684020996,-6.035423755645752,-8.461136817932129,0.24411676824092865,0.43498897552490234,0.4225013554096222,0.4381842613220215,0.4370991587638855,,0.6026384830474854,0.5342073440551758,,,0.8444880247116089,0.6907220482826233,0.5683953166007996,0.5093448758125305,0.40714558959007263,-0.05167922005057335,0.021084444597363472,0.0258735790848732,0.006058305501937866,0.15402968227863312,,0.3065583109855652,0.2930581271648407,,,0.37709009647369385,0.37399962544441223,0.19109609723091125,0.06653867661952972,-0.022942189127206802
P017,3,165,79.07119352841907,17.470390729792246,Review,low,radar dip but optical shows dry soil soon after,0.63,09-29,12,08-12,,-14.88595962524414,-18.884992599487305,-13.084293365478516,-15.094522476196289,-12.57930850982666,-14.731861114501953,-21.916017532348633,-19.000106811523438,-15.265178680419922,-15.424847602844238,-13.485005378723145,-13.950331687927246,-14.82598876953125,-14.194485664367676,-18.488494873046875,-10.60351848602295,-10.778020858764648,-8.023038864135742,-8.426145553588867,-5.998558044433594,-10.276135444641113,-9.524983406066895,-10.573248863220215,-10.117730140686035,-8.586873054504395,-7.408132553100586,-7.806638240814209,-7.933784484863281,-8.980212211608887,-8.222288131713867,0.25908076763153076,0.2487674355506897,0.32995039224624634,0.30108973383903503,0.408211350440979,,0.5144709944725037,0.5222064256668091,,0.5181518197059631,0.6337933540344238,0.5963207483291626,,0.42761144042015076,0.2877955436706543,-0.09257996827363968,-0.04899713024497032,-0.008243855088949203,0.002520169597119093,0.1046697124838829,,0.297651082277298,0.23352810740470886,,0.22354285418987274,0.18393157422542572,0.16686463356018066,,0.31337618827819824,0.25766515731811523
P018,3,165,79.14934695813747,17.525367625180362,Other kharif crop,high,"clear green-up, no flooding",0.73,09-29,13,09-29,,-15.48361873626709,-19.12435531616211,-15.106942176818848,-16.750999450683594,-13.413047790527344,-14.296064376831055,-12.403356552124023,-14.116922378540039,-12.614344596862793,-12.902362823486328,-17.033254623413086,-14.373602867126465,-14.704401016235352,-15.370012283325195,-14.172110557556152,-6.718839168548584,-9.723773002624512,-6.289236068725586,-3.745631217956543,-7.11281156539917,-6.720829963684082,-9.863924980163574,-8.570632934570312,-8.890863418579102,-10.292996406555176,-8.635462760925293,-6.923207759857178,-6.086201190948486,-9.23717975616455,-9.610459327697754,0.1787133663892746,0.2617783546447754,,0.3211618661880493,0.37678247690200806,0.46003657579421997,0.4658571481704712,0.5360314249992371,,0.5753188729286194,0.7271885275840759,0.6641836166381836,0.6781793236732483,0.6570980548858643,0.5356308817863464,-0.13220161199569702,-0.09314953535795212,,0.018406525254249573,0.04463091492652893,0.22084161639213562,0.26712101697921753,0.22124968469142914,,0.31925562024116516,0.21507225930690765,0.1626293808221817,0.14822356402873993,0.16214995086193085,0.11952836066484451
P019,4,92,79.6756698831031,17.228654086835686,Other kharif crop,high,"clear green-up, no flooding",0.73,10-23,11,,,-19.607866287231445,-15.192663192749023,-19.66088104248047,-18.555320739746094,-15.387612342834473,-17.10105323791504,-12.607011795043945,-15.34641170501709,-15.778728485107422,-15.969996452331543,,-14.51301097869873,-13.220813751220703,,-14.714786529541016,-10.227920532226562,-8.90628433227539,-10.479475021362305,-10.118231773376465,-7.079829692840576,-9.297506332397461,-8.547008514404297,-6.652331352233887,-5.347877025604248,-8.255776405334473,,-9.237030029296875,-9.331755638122559,,-10.416817665100098,0.3205689787864685,,,0.2983138859272003,0.2658277153968811,0.3550024628639221,,0.5488572120666504,,0.7019771337509155,0.7008794546127319,0.6448925733566284,0.7347261905670166,0.6448767185211182,0.5483670830726624,-0.13832563161849976,,,0.011442067101597786,0.14367112517356873,0.19261741638183594,,0.2723759412765503,,0.17019791901111603,0.21731635928153992,0.18739168345928192,0.23674675822257996,0.18445643782615662,-0.014763761311769485
P020,4,92,79.69561248241055,17.300070151923187,Review,low,radar dip but optical shows dry soil soon after,0.65,08-24,11,06-13,,-12.62956428527832,-18.760513305664062,-16.22938346862793,-16.86748695373535,-13.746993064880371,-15.418362617492676,-12.894830703735352,-10.825995445251465,-11.93897819519043,-15.144282341003418,,-13.856600761413574,-12.933942794799805,,-15.815291404724121,-6.0821075439453125,-9.105233192443848,-9.258342742919922,-10.381834983825684,-8.50502872467041,-6.5947394371032715,-7.258019924163818,-5.226749897003174,-6.666747570037842,-5.340821743011475,,-6.868854999542236,-7.201323986053467,,-9.534963607788086,0.34997057914733887,,,0.287418007850647,0.35331588983535767,0.4345245063304901,,0.6471301317214966,,0.6125341653823853,0.40378350019454956,0.4593321979045868,0.5099248290061951,0.5607187747955322,0.5715939402580261,-0.08455168455839157,,,-0.011563172563910484,0.10771138966083527,0.11690976470708847,,0.26394301652908325,,0.0996558889746666,0.023271629586815834,0.017350276932120323,0.04981166869401932,0.035491060465574265,0.07429917901754379
P021,4,92,79.72795183263887,17.29333278729229,Review,low,optical flood signal without a radar dip-and-rise,0.82,10-23,12,07-31,07-31,-13.936178207397461,-16.222930908203125,-16.62010955810547,-12.39185905456543,-11.942486763000488,-20.630640029907227,-18.630109786987305,-16.303089141845703,-18.353883743286133,-17.985776901245117,,-17.710346221923828,-15.54335880279541,,-16.04792594909668,-8.328182220458984,-8.50042724609375,-9.75422477722168,-8.619125366210938,-7.585427761077881,-14.799334526062012,-9.860623359680176,-8.433235168457031,-8.381756782531738,-9.631133079528809,,-12.003144264221191,-10.283390045166016,,-10.357871055603027,0.30588534474372864,,,0.3227218985557556,0.30689603090286255,0.08978548645973206,,0.3682946562767029,0.6713931560516357,0.6180559396743774,0.7053890824317932,0.7363557815551758,0.821053147315979,0.7172056436538696,0.5708295702934265,-0.10005863010883331,,,0.12819357216358185,0.11482583731412888,0.20151209831237793,,0.1741393804550171,0.3099679946899414,0.28792741894721985,0.33107343316078186,0.3735623359680176,0.37060344219207764,0.3256370723247528,0.21726542711257935
P022,4,92,79.72822132722409,17.19523675826644,Paddy,high,radar dip-and-rise + optical flood within 3 weeks,0.81,09-17,12,07-31,"07-31, 08-12",-17.044025421142578,-15.613761901855469,-17.83272933959961,-16.206024169921875,-18.202001571655273,-22.174983978271484,-17.75214958190918,-18.3377628326416,-19.6614933013916,-17.016019821166992,,-16.551712036132812,-14.70107650756836,,-14.63260269165039,-10.298357009887695,-9.866284370422363,-13.919411659240723,-10.119475364685059,-8.824356079101562,-13.18554401397705,-9.008851051330566,-5.752098083496094,-10.170429229736328,-10.48753833770752,,-9.265832901000977,-8.668380737304688,,-9.908828735351562,0.33025693893432617,,,0.3846718668937683,,0.20890749990940094,0.30035674571990967,0.543466329574585,0.6777604222297668,0.807697057723999,0.7898131608963013,0.726947546005249,0.7445604205131531,0.6412869095802307,0.5232204794883728,-0.09244989603757858,,,0.05952964723110199,,0.16841939091682434,0.2744643986225128,0.2442634105682373,0.34473666548728943,0.336047500371933,0.3130166530609131,0.35023415088653564,0.33483412861824036,0.2768673002719879,0.18174269795417786
P023,4,92,79.63255074946537,17.234043978540402,Paddy,high,radar dip-and-rise + optical flood within 3 weeks,0.78,09-29,9,07-07,07-19,-18.97338104248047,-16.555246353149414,-17.217832565307617,-24.36100959777832,-17.475086212158203,-16.681501388549805,-16.035734176635742,-14.103811264038086,-16.516313552856445,-18.638456344604492,,-16.146907806396484,-16.02678108215332,,-15.871049880981445,-12.733349800109863,-9.161746978759766,-10.19229507446289,-13.07713794708252,-4.296589374542236,-7.8725481033325195,-6.010870456695557,-9.251827239990234,-10.796501159667969,-12.407963752746582,,-8.484619140625,-10.252280235290527,,-11.582096099853516,0.2641633450984955,,,0.242335245013237,0.2593264579772949,0.46951034665107727,,0.6338937878608704,,,0.7816432118415833,,0.6274631023406982,0.2538452744483948,0.16796787083148956,-0.1425631195306778,,,0.15780265629291534,0.24541352689266205,0.1781054586172104,,0.3156863749027252,,,0.30721724033355713,,0.23809824883937836,-0.15223971009254456,-0.010507420636713505
P024,4,92,79.64386952204528,17.221647227619552,Review,low,already green in June: orchard or perennial?,0.66,09-29,9,,,-14.120831489562988,-14.640793800354004,-16.572843551635742,-18.894245147705078,-19.20042610168457,-20.42176628112793,-18.39684295654297,-16.074066162109375,-17.64189910888672,-17.14340591430664,,-16.428468704223633,-15.349309921264648,,-14.165889739990234,-8.752930641174316,-8.448471069335938,-7.8954315185546875,-10.162236213684082,-8.235756874084473,-11.753393173217773,-10.182717323303223,-8.553982734680176,-9.480192184448242,-10.744922637939453,,-9.241449356079102,-8.967855453491211,,-9.42712116241455,0.4929307699203491,,,0.2531659007072449,,0.30945128202438354,,0.48337239027023315,,0.5908536314964294,0.6570850610733032,,0.5548122525215149,0.4312129020690918,0.25460684299468994,0.04737941175699234,,,0.07406078279018402,,0.15029603242874146,,0.26768580079078674,,0.2402316927909851,0.2725960910320282,,0.19466805458068848,0.0766129270195961,-0.10042431205511093
P025,5,165,78.98333829363219,17.470660224377482,Other kharif crop,high,"clear green-up, no flooding",0.86,08-12,13,,,-17.93181800842285,-20.034921646118164,-17.87504005432129,-19.41815185546875,-13.473552703857422,-14.207855224609375,-14.52821159362793,-14.313912391662598,-15.371711730957031,-11.931869506835938,-16.679180145263672,-16.103546142578125,-14.288508415222168,-16.992324829101562,-18.072317123413086,-9.242023468017578,-13.15514087677002,-9.26105785369873,-10.37171745300293,-10.113341331481934,-10.255547523498535,-10.223348617553711,-9.097078323364258,-6.164731979370117,-9.768329620361328,-8.273468971252441,-8.55230712890625,-9.036413192749023,-8.905561447143555,-10.170931816101074,0.4290615916252136,0.35091331601142883,0.45861729979515076,0.37293797731399536,0.334415465593338,0.4203677177429199,0.8649888038635254,0.7258995771408081,,0.667902410030365,0.7510111331939697,0.6490024328231812,,0.6532911062240601,0.5926530361175537,-0.019659683108329773,-0.14441931247711182,-0.02097715623676777,-0.03393649309873581,0.17083501815795898,0.20706406235694885,0.2909688353538513,0.21805506944656372,,0.14236313104629517,0.16283616423606873,0.10136919468641281,,0.10438165068626404,0.06287745386362076
P026,5,165,78.98872818533691,17.49949614499772,Paddy,high,radar dip-and-rise + optical flood within 3 weeks,0.8,09-29,11,"06-13, 07-07, 11-04",06-13,-17.369483947753906,-21.943429946899414,-16.24262237548828,-23.513872146606445,-23.346416473388672,-19.61815071105957,-21.64523696899414,-18.217966079711914,-16.727060317993164,-15.35710620880127,-14.319031715393066,-14.622078895568848,-14.50020980834961,-19.11752700805664,-16.333724975585938,-11.576704025268555,-12.159200668334961,-15.249835014343262,-15.427823066711426,-14.973186492919922,-11.221298217773438,-9.604877471923828,-7.933554649353027,-5.550329685211182,-10.738399505615234,-10.051040649414062,-8.362992286682129,-6.581990718841553,-8.481419563293457,-7.61725378036499,0.2627466022968292,0.10019002854824066,,0.10906477272510529,0.2374541312456131,,0.7600555419921875,0.7331394553184509,,0.7781334519386292,0.7955470085144043,0.45655393600463867,,0.27067333459854126,0.27044016122817993,-0.05388958007097244,0.10246557742357254,,0.029577068984508514,0.1731421798467636,,0.2811940014362335,0.3217899799346924,,0.38418859243392944,0.3992697596549988,0.1938685029745102,,-0.06955230981111526,-0.03660900145769119
P027,5,165,78.90976627186281,17.39924415928998,Other kharif crop,high,"clear green-up, no flooding",0.75,08-12,13,,,-19.916105270385742,-17.269678115844727,-17.12103271484375,-20.228111267089844,-16.066707611083984,-15.103813171386719,-15.095043182373047,-15.055009841918945,-14.638622283935547,-13.091635704040527,-15.121821403503418,-10.756484031677246,-15.180695533752441,-14.461573600769043,-17.713747024536133,-10.941344261169434,-9.305758476257324,-12.09799861907959,-12.679964065551758,-6.618983745574951,-11.243380546569824,-7.39680814743042,-10.17125415802002,-10.276365280151367,-10.881586074829102,-8.50117015838623,-7.495412349700928,-8.323247909545898,-9.40743350982666,-10.14876937866211,0.3702879846096039,0.42864683270454407,0.418159544467926,0.33939045667648315,0.3803001344203949,0.6247527003288269,0.7482466101646423,0.6970597505569458,0.5988507270812988,,0.5587242841720581,0.41987356543540955,,0.45578300952911377,0.4239944815635681,-0.02506008744239807,0.020283836871385574,0.12109792977571487,0.10199277102947235,0.2140321135520935,0.20092357695102692,0.2864077091217041,0.24367299675941467,0.21981750428676605,,0.07556351274251938,-0.0358719639480114,,-0.08277139067649841,-0.13090655207633972
P028,5,165,78.86152674110558,17.566330802136214,Other kharif crop,high,"clear green-up, no flooding",0.72,09-29,13,,,-17.10771369934082,-17.139156341552734,-14.600397109985352,-16.19541358947754,-13.220682144165039,-14.663522720336914,-13.952950477600098,-12.415508270263672,-14.90396499633789,-12.514945030212402,-16.06128692626953,-14.019051551818848,-12.781360626220703,-16.456300735473633,-13.614419937133789,-11.052332878112793,-9.255682945251465,-6.840343952178955,-11.543342590332031,-7.682811737060547,-9.241875648498535,-7.269610404968262,-7.380753993988037,-9.047942161560059,-8.544767379760742,-5.606044769287109,-9.393630981445312,-7.788210868835449,-8.487524032592773,-7.4595232009887695,0.5050920844078064,0.4297381639480591,0.4403667449951172,0.4626668393611908,,0.3151867389678955,0.5534296035766602,0.6534919738769531,0.6208411455154419,,0.7241098284721375,0.47707486152648926,0.3332335352897644,0.5665333271026611,0.3825640082359314,0.04423613101243973,0.020565511658787727,0.04029383882880211,0.04239384084939957,,0.14551204442977905,0.22590093314647675,0.16212248802185059,0.2015208899974823,,0.20335189998149872,0.0437937006354332,0.07402229309082031,-0.012027271091938019,-0.0452747605741024
P029,5,165,78.97713991817176,17.504347047531965,Review,low,radar dip but optical shows dry soil soon after,0.72,11-04,13,07-07,,-23.829404830932617,-19.41364288330078,-13.889639854431152,-21.130842208862305,-16.759489059448242,-15.749232292175293,-13.119587898254395,-14.357280731201172,-13.536181449890137,-12.844136238098145,-13.982612609863281,-12.017746925354004,-10.77396297454834,-13.63598918914795,-13.84081745147705,-10.515743255615234,-10.473953247070312,-5.543551921844482,-8.178437232971191,-6.482652187347412,-9.375657081604004,-7.403753757476807,-7.215013027191162,-7.1713480949401855,-5.47907829284668,-6.237900257110596,-6.07906436920166,-5.970165252685547,-7.14327335357666,-5.012742042541504,0.15546491742134094,0.14531581103801727,0.15189945697784424,0.16586431860923767,0.1980605572462082,0.20594380795955658,0.5755621194839478,0.5708152055740356,,0.5942606925964355,0.6410101652145386,0.6345670819282532,,0.7210198640823364,0.6339374780654907,-0.12261763215065002,-0.10572196543216705,-0.02524609863758087,-0.07245587557554245,0.0774456113576889,-0.06418241560459137,0.24382051825523376,0.2055026888847351,,0.1536281704902649,0.2139112949371338,0.21576932072639465,,0.2676088213920593,0.2542800307273865
P030,5,165,78.89413558591912,17.499765639582957,Other kharif crop,high,"clear green-up, no flooding",0.92,08-12,11,11-16,,-15.262202262878418,-15.961647033691406,-16.586402893066406,-19.60403060913086,-19.3313045501709,-14.774271011352539,-14.4718017578125,-15.518941879272461,-15.774104118347168,-16.02694320678711,-14.564035415649414,-16.9305362701416,-13.75556468963623,-13.708562850952148,-18.217878341674805,-9.105944633483887,-8.341535568237305,-11.590044021606445,-11.660341262817383,-8.466669082641602,-7.830554962158203,-9.344589233398438,-9.030543327331543,-9.24432373046875,-8.28842830657959,-9.719980239868164,-9.25631046295166,-7.897442817687988,-5.677224636077881,-10.54235553741455,0.3217989206314087,0.3145640790462494,,0.22892716526985168,,,0.921644926071167,0.7424598932266235,0.6255674958229065,0.7760736346244812,0.8578774929046631,0.6097363233566284,,0.37401309609413147,0.28990834951400757,0.012597983703017235,0.14937187731266022,,0.1314067542552948,,,0.27156177163124084,0.26887547969818115,0.3950873613357544,0.3699975311756134,0.35522952675819397,0.2554437220096588,,0.04321824759244919,-0.0045719207264482975
P031,6,165,78.88012186748685,17.4579939788714,Review,low,already green in June: orchard or perennial?,0.65,09-29,13,11-16,,-14.423404693603516,-15.265999794006348,-16.10452651977539,-15.34605598449707,-13.717113494873047,-13.777383804321289,-16.394855499267578,-15.15722942352295,-15.425657272338867,-16.070446014404297,-13.620790481567383,-15.848267555236816,-13.445629119873047,-12.878313064575195,-17.66423988342285,-7.138944149017334,-9.841631889343262,-8.238560676574707,-6.81784200668335,-10.92758560180664,-8.468997955322266,-9.02910041809082,-10.049727439880371,-7.27230167388916,-6.804721832275391,-9.55085563659668,-8.420405387878418,-7.612081527709961,-9.271951675415039,-6.4927978515625,0.5658013820648193,0.4840921461582184,0.42720353603363037,0.33057135343551636,,0.4090319871902466,0.6363254189491272,0.6400600671768188,0.573051929473877,0.577964723110199,0.6482170224189758,0.42454788088798523,,0.5028120279312134,0.44850414991378784,0.12856444716453552,0.17174981534481049,0.15916042029857635,0.14862120151519775,,0.18812775611877441,0.24811522662639618,0.23283927142620087,0.32034412026405334,0.2980533540248871,0.20587311685085297,0.002776351058855653,,0.02022717520594597,-0.01079975999891758
P032,6,165,78.74241013443134,17.501652101679607,Review,low,radar dip but optical shows dry soil soon after,0.84,09-29,11,08-12,,-15.342612266540527,-12.679474830627441,-11.953907012939453,-16.07886505126953,-14.068021774291992,-14.9249849319458,-21.20954132080078,-19.53847312927246,-15.834763526916504,-14.95742416381836,-14.11772632598877,-13.852507591247559,-13.04426383972168,-16.53826904296875,-16.401750564575195,-9.803204536437988,-7.583414554595947,-8.649252891540527,-9.154999732971191,-7.659965515136719,-7.541245460510254,-11.44582462310791,-8.350327491760254,-7.228682518005371,-7.578296661376953,-8.723214149475098,-3.5857136249542236,-8.40573501586914,-8.524341583251953,-12.537751197814941,0.6274001598358154,0.6157708168029785,,0.3310996890068054,,0.2828400135040283,0.3341975808143616,0.43270426988601685,,0.6140228509902954,0.8443319797515869,0.8146560788154602,,0.7514873743057251,0.5397574305534363,0.20320183038711548,0.20644262433052063,,0.054146938025951385,,0.17176704108715057,0.21925976872444153,0.2662466764450073,,0.29907459020614624,0.3148716390132904,0.38659125566482544,,0.31095945835113525,0.22288496792316437
P033,6,165,78.82271952083161,17.46311437599088,Other kharif crop,high,"clear green-up, no flooding",0.54,09-29,12,,,-16.762619018554688,-16.328445434570312,-16.448060989379883,-15.06030559539795,-15.51993179321289,-16.137393951416016,-16.68279266357422,-15.597692489624023,-17.621625900268555,-16.72707748413086,-15.649625778198242,-15.6437349319458,-13.795196533203125,-14.753475189208984,-14.463132858276367,-11.792559623718262,-9.149483680725098,-8.773353576660156,-12.004015922546387,-10.073470115661621,-10.426993370056152,-9.841300010681152,-11.774354934692383,-9.199844360351562,-10.96019458770752,-10.864920616149902,-8.432151794433594,-10.215662956237793,-11.128279685974121,-10.915519714355469,0.38978058099746704,0.27379441261291504,0.3646928668022156,0.31510040163993835,,0.37187427282333374,0.529399037361145,0.516065776348114,,,0.5393307209014893,0.46824491024017334,0.4930708408355713,0.48445454239845276,0.4718509316444397,0.03303451091051102,-0.03434469550848007,0.011040547862648964,0.044740211218595505,,0.12394683063030243,0.12658067047595978,0.09326472878456116,,,0.04882103204727173,0.02625138685107231,-0.037345170974731445,-0.029259148985147476,-0.03783576935529709
P034,6,165,78.80196843776845,17.507850477140032,Review,low,radar dip but optical shows dry soil soon after,0.85,09-29,11,08-12,,-19.368375778198242,-19.627368927001953,-17.82142448425293,-20.504165649414062,-14.698395729064941,-16.538841247558594,-22.228456497192383,-17.991037368774414,-17.09429931640625,-15.773432731628418,-17.130781173706055,-13.81502628326416,-14.523369789123535,-16.429166793823242,-15.346956253051758,-13.898199081420898,-12.264097213745117,-11.026833534240723,-13.794114112854004,-9.995428085327148,-11.24472427368164,-8.911792755126953,-8.09507942199707,-5.436460018157959,-9.409977912902832,-7.674249649047852,-6.671759605407715,-7.7880682945251465,-12.643511772155762,-10.494303703308105,0.32540032267570496,,0.20142203569412231,0.17280223965644836,,0.31479108333587646,0.45797204971313477,0.5301899909973145,,0.6004530191421509,0.8548784852027893,0.725170373916626,,0.6583828926086426,0.4593334496021271,-0.10109904408454895,,-0.028156504034996033,-0.01846250332891941,,0.1780204474925995,0.23858213424682617,0.3371979594230652,,0.3758540153503418,0.38451072573661804,0.38427650928497314,,0.25082939863204956,0.06684023141860962
P035,6,165,78.89305760757817,17.465270332672766,Other kharif crop,high,"clear green-up, no flooding",0.59,08-12,14,,,-14.507756233215332,-18.086711883544922,-15.22298526763916,-17.194400787353516,-16.12115478515625,-15.139226913452148,-17.038652420043945,-14.089485168457031,-15.463882446289062,-14.177298545837402,-13.734783172607422,-15.456311225891113,-13.673093795776367,-14.631654739379883,-16.625967025756836,-7.617229461669922,-9.152915954589844,-5.0182976722717285,-8.192843437194824,-8.04843521118164,-6.290460586547852,-8.922056198120117,-10.45410442352295,-8.904583930969238,-7.629395484924316,-4.81596040725708,-8.122695922851562,-6.240130424499512,-11.049615859985352,-8.04339599609375,0.3148648142814636,0.332852840423584,0.3355507254600525,0.2353949099779129,,0.3775247037410736,0.594226062297821,0.5429053902626038,0.5177968740463257,0.5760536789894104,0.5839744210243225,0.38621506094932556,0.44164329767227173,0.47400978207588196,0.38652825355529785,0.018819771707057953,-0.03960833325982094,-0.025700457394123077,-0.019379237666726112,,0.10976679623126984,0.15929163992404938,0.13896168768405914,0.14591100811958313,0.07831878960132599,0.034011706709861755,0.19474467635154724,0.11786623299121857,0.08931592106819153,0.05011921003460884
P036,6,165,78.86529966529888,17.438590368734417,Other kharif crop,high,"clear green-up, no flooding",0.6,09-29,13,,,-19.893857955932617,-22.20762825012207,-17.806049346923828,-19.10505485534668,-17.825414657592773,-16.350370407104492,-15.0399169921875,-16.765817642211914,-15.361776351928711,-16.05419921875,-16.9630184173584,-17.003522872924805,-15.040460586547852,-18.1472225189209,-15.562580108642578,-12.388991355895996,-12.332493782043457,-12.868302345275879,-13.15176010131836,-10.48386001586914,-11.521463394165039,-7.285538196563721,-9.640907287597656,-9.29255485534668,-10.829556465148926,-10.678916931152344,-9.180228233337402,-8.592103958129883,-10.603079795837402,-12.326766014099121,0.34605082869529724,0.3180925250053406,0.33171913027763367,0.31555014848709106,,0.40346983075141907,0.4992152750492096,0.527378499507904,0.5427862405776978,,0.5975276827812195,0.45910295844078064,0.348084419965744,0.44680771231651306,0.41657060384750366,0.0017002866370603442,-0.05533038452267647,0.017816895619034767,0.035129450261592865,,0.13022668659687042,0.18300972878932953,0.04082394018769264,0.12499348819255829,,0.06211866810917854,0.00541433971375227,0.002751491265371442,-0.056402549147605896,-0.052209146320819855
P037,7,165,78.72866591058431,17.556359502482486,Review,low,already green in June: orchard or perennial?,0.65,11-04,10,,,-17.246068954467773,-18.324106216430664,-16.174659729003906,-18.81035804748535,-16.158048629760742,-15.04841423034668,-18.23826789855957,-18.5764217376709,-17.61008071899414,-20.868032455444336,-16.78974723815918,-16.892587661743164,-17.071847915649414,-17.01831817626953,-14.367399215698242,-10.180618286132812,-11.578388214111328,-9.811044692993164,-10.431192398071289,-9.85836124420166,-8.023871421813965,-10.219756126403809,-9.26323413848877,-8.012557029724121,-6.654246807098389,-7.787520885467529,-7.551745414733887,-8.532050132751465,-7.976475715637207,-8.153971672058105,0.6142427325248718,,0.4413544535636902,0.30516403913497925,,0.3812010884284973,,0.4503864645957947,,0.3921695649623871,0.4006391167640686,0.4870358109474182,,0.6520931720733643,0.4784238934516907,0.11701683700084686,,0.033325448632240295,0.04440246894955635,,0.013051844201982021,,0.10174618661403656,,0.29746729135513306,0.14941398799419403,0.19699928164482117,,0.2015404999256134,0.12057267129421234
P038,7,165,78.71303522464062,17.60567701158065,Review,low,already green in June: orchard or perennial?,0.61,09-29,11,08-12,,-15.529693603515625,-15.733246803283691,-14.957523345947266,-16.987314224243164,-16.146421432495117,-11.734281539916992,-18.366779327392578,-13.624792098999023,-15.244233131408691,-14.546825408935547,-13.961974143981934,-12.124683380126953,-14.172089576721191,-15.535550117492676,-17.515840530395508,-9.1243314743042,-7.934161186218262,-10.458159446716309,-10.138487815856934,-8.174768447875977,-7.542461395263672,-6.0158796310424805,-7.770300388336182,-9.330120086669922,-6.444781303405762,-7.562366008758545,-6.803929805755615,-6.4960784912109375,-9.779038429260254,-9.034869194030762,0.5098494291305542,0.3560023307800293,0.45070892572402954,0.3537443280220032,0.37348252534866333,0.4428110718727112,,0.6056126356124878,,,0.6149483919143677,0.38198402523994446,,0.5227442979812622,0.41200172901153564,0.10660438984632492,0.00022253557108342648,0.0881851315498352,0.10486261546611786,0.14393669366836548,0.19015446305274963,,0.21060040593147278,,,0.1591513454914093,0.25055891275405884,,0.04895426705479622,-0.013270474970340729
P039,7,165,78.72704894307289,17.618073762501496,Other kharif crop,high,"clear green-up, no flooding",0.74,09-29,11,11-16,,-16.144424438476562,-17.882694244384766,-13.368522644042969,-17.160682678222656,-14.600659370422363,-18.870397567749023,-18.856027603149414,-19.800731658935547,-14.306296348571777,-14.403273582458496,-13.043763160705566,-14.393393516540527,-12.491232872009277,-14.505280494689941,-18.620929718017578,-9.306685447692871,-8.268975257873535,-8.028125762939453,-8.658801078796387,-7.580221176147461,-11.768765449523926,-10.149518966674805,-8.722444534301758,-9.599322319030762,-6.516287803649902,-8.405937194824219,-11.930641174316406,-10.841336250305176,-9.64988899230957,-13.440958023071289,0.32699137926101685,0.1579723060131073,0.3395165503025055,0.3976874351501465,,0.3534396290779114,,0.49519187211990356,0.7328672409057617,,0.739224374294281,0.7337444424629211,,0.5337940454483032,0.38061845302581787,-0.06331492215394974,-0.13512441515922546,-0.02027113363146782,0.030084576457738876,,0.1379825323820114,,0.2666206955909729,0.3658558130264282,,0.3216899037361145,0.337185800075531,,0.1481882482767105,0.02398463524878025
P040,7,165,78.7135742138111,17.59651419568263,Review,low,already green in June: orchard or perennial?,0.81,08-24,10,11-04,,-15.568373680114746,-16.485429763793945,-12.799394607543945,-17.042808532714844,-16.185720443725586,-13.302572250366211,-16.295766830444336,-13.224167823791504,-12.20067310333252,-13.696279525756836,-11.975652694702148,-12.526498794555664,-11.724668502807617,-17.127031326293945,-13.20901870727539,-10.707128524780273,-10.566938400268555,-5.929512977600098,-8.763542175292969,-8.223187446594238,-9.058449745178223,-6.769308090209961,-6.7030110359191895,-8.354098320007324,-7.117720127105713,-6.869566440582275,-5.825309753417969,-7.396352291107178,-9.022689819335938,-8.747998237609863,0.6493587493896484,0.3714953660964966,0.45238029956817627,0.36678510904312134,,0.47079572081565857,,0.8089468479156494,,,0.8083116412162781,0.4870862066745758,,0.6735432147979736,0.5687437057495117,0.18581083416938782,0.027824539691209793,0.104090616106987,0.07316817343235016,,0.2231128215789795,,0.3344312608242035,,,0.3282485604286194,0.23369276523590088,,0.10000739991664886,0.019596761092543602
P041,7,165,78.82810941253634,17.57279867218187,Review,low,radar dip but optical shows dry soil soon after,0.7,11-04,12,06-13,,-15.372969627380371,-19.80378532409668,-13.657249450683594,-16.75740623474121,-12.364142417907715,-15.41035270690918,-14.988936424255371,-15.251374244689941,-15.055839538574219,-11.853167533874512,-16.198665618896484,-15.654657363891602,-15.687386512756348,-16.465471267700195,-15.041633605957031,-9.60396957397461,-8.54771614074707,-8.476058006286621,-10.108168601989746,-9.982495307922363,-6.1433916091918945,-9.29948616027832,-10.781821250915527,-8.668209075927734,-9.165703773498535,-11.588690757751465,-8.97423267364502,-9.682361602783203,-9.195951461791992,-8.091085433959961,0.6122370958328247,0.46689373254776,,0.4899956285953522,0.385976642370224,0.44240424036979675,0.49111929535865784,0.5368988513946533,0.3697129487991333,,0.6561191082000732,0.6411423683166504,,0.7019271850585938,0.5784944891929626,0.13118749856948853,0.11352038383483887,,0.09761840850114822,0.11591199040412903,0.07169605791568756,0.1414836049079895,0.031566157937049866,0.3060351610183716,,0.10697710514068604,0.16423660516738892,,0.14288164675235748,0.09270861744880676
P042,7,165,78.8316128421444,17.53129650605555,Other kharif crop,high,"clear green-up, no flooding",0.66,09-29,11,,,-14.626456260681152,-15.485116004943848,-13.275083541870117,-16.10480308532715,-14.36043643951416,-18.118356704711914,-13.383875846862793,-15.430065155029297,-14.98709487915039,-12.70460033416748,-15.697272300720215,-15.597550392150879,-14.456404685974121,-16.130111694335938,-15.426448822021484,-6.771986961364746,-11.235431671142578,-8.927783012390137,-8.16627311706543,-6.3016157150268555,-6.643380165100098,-7.634034156799316,-7.95973014831543,-8.134952545166016,-9.555323600769043,-11.018912315368652,-8.859183311462402,-6.367000579833984,-6.191020488739014,-9.146601676940918,0.4611041247844696,0.30441370606422424,0.35971975326538086,0.2610540986061096,,0.33885619044303894,0.6352460980415344,0.6564779281616211,,,0.6630551815032959,0.5199804306030273,,0.5663120746612549,0.44367343187332153,-0.005368819460272789,-0.08043096214532852,-0.023341108113527298,-0.02097371220588684,,0.16099506616592407,0.1570201963186264,0.0914076417684555,,,0.13824152946472168,0.1319027841091156,,0.07097113132476807,0.025218769907951355
P043,8,165,78.8714980407593,16.62336924839595,Other kharif crop,high,"clear green-up, no flooding",0.6,10-11,9,,,-19.811601638793945,-18.029861450195312,-14.166473388671875,-17.494600296020508,-18.29991340637207,-13.21407413482666,-16.5772647857666,-15.44575309753418,-16.324243545532227,-16.40825843811035,-13.605907440185547,-14.694865226745605,-14.226104736328125,-14.342824935913086,-15.614762306213379,-9.933411598205566,-11.315478324890137,-4.946815490722656,-10.809271812438965,-10.551162719726562,-7.968070030212402,-8.50419807434082,-10.372726440429688,-8.864496231079102,-8.465960502624512,-11.366903305053711,-7.061507701873779,-8.471419334411621,-8.918157577514648,-11.798726081848145,0.19547180831432343,0.23928122222423553,,0.22163331508636475,,0.4386312663555145,,0.5155829191207886,,,0.5377548336982727,0.5980207324028015,,0.5919787287712097,0.5512811541557312,-0.12473024427890778,9.944111661752686e-05,,0.06675245612859726,,0.07091518491506577,,0.12542635202407837,,,0.13440650701522827,0.09696097671985626,,0.09518947452306747,0.058768004179000854
P044,8,165,78.85990977359417,16.59022141441194,Other kharif crop,high,"clear green-up, no flooding",0.63,07-31,8,,,-16.3142147064209,-14.231023788452148,-13.009323120117188,-14.812593460083008,-11.815849304199219,-13.216432571411133,-15.81360912322998,-13.870747566223145,-12.338662147521973,-13.894318580627441,-11.330196380615234,-10.440166473388672,-12.007551193237305,-13.664854049682617,-13.291349411010742,-9.472561836242676,-11.582029342651367,-6.494138717651367,-8.723207473754883,-8.454306602478027,-7.156301021575928,-8.145936012268066,-8.842618942260742,-7.3122429847717285,-8.708200454711914,-5.330478191375732,-10.280972480773926,-9.22316837310791,-11.183819770812988,-8.780930519104004,0.3016388416290283,,,0.47231411933898926,,0.6311931610107422,,,,,0.5881126523017883,0.459758460521698,0.3902379274368286,0.37248900532722473,0.3478240370750427,-0.03976336121559143,,,0.1697160005569458,,0.24112588167190552,,,,,0.15745961666107178,0.053648125380277634,0.11723228543996811,-0.07300765067338943,-0.1125849038362503
P045,8,165,78.97687042358653,16.49940173918746,Other kharif crop,high,"clear green-up, no flooding",0.62,08-24,8,11-16,,-22.26458168029785,-20.419292449951172,-18.505889892578125,-18.034709930419922,-18.360254287719727,-13.475398063659668,-11.341606140136719,-15.690444946289062,-13.233356475830078,-14.09293270111084,-12.3120698928833,-14.396458625793457,-14.707878112792969,-17.31146812438965,-22.71773338317871,-8.907218933105469,-7.933547496795654,-8.503924369812012,-8.380901336669922,-10.11100959777832,-3.02339506149292,-5.72370719909668,-6.081031322479248,-4.957248687744141,-6.904274940490723,-5.048081874847412,-8.29500961303711,-8.614917755126953,-11.167572975158691,-14.1068696975708,0.0968506708741188,,,,,0.48912906646728516,0.48376837372779846,0.6191591620445251,,,0.5275670289993286,,0.13651727139949799,0.22386127710342407,0.2142047882080078,-0.16141976416110992,,,,,0.10504753887653351,0.25516805052757263,0.22244736552238464,,,0.09382063895463943,,-0.15329718589782715,-0.14215043187141418,-0.16178429126739502
P046,8,165,79.1089227703521,16.522847768102977,Paddy,high,radar dip-and-rise + optical flood within 3 weeks,0.27,07-07,9,"07-07, 07-19, 07-31, 09-05, 11-04","07-31, 08-24, 09-29",-21.222003936767578,-23.094907760620117,-17.036462783813477,-24.377702713012695,-38.85414123535156,-38.934078216552734,-28.033145904541016,-31.350547790527344,-35.39899826049805,-35.242401123046875,-36.317813873291016,-30.6440486907959,-29.495141983032227,-38.36262893676758,-26.229389190673828,-14.760176658630371,-13.599979400634766,-9.76205062866211,-12.639130592346191,-13.21656608581543,-22.22182273864746,-13.716052055358887,-14.3885498046875,-21.046117782592773,-12.290877342224121,-17.81655502319336,-21.199010848999023,-32.0743408203125,-21.02672004699707,-27.271211624145508,0.17556524276733398,,0.22713522613048553,0.27181437611579895,,-0.27572664618492126,,0.09348127990961075,,,-0.7091537714004517,,-1.0,-0.40473905205726624,-0.223542720079422,-0.11714302003383636,,0.010693969205021858,-0.07104944437742233,,-0.30397993326187134,,0.1093062162399292,,,-0.5235375761985779,,-1.0,0.23579633235931396,0.10068970173597336
P047,8,165,79.00543684962153,16.62283025922548,Other kharif crop,high,"clear green-up, no flooding",0.61,09-29,8,09-05,,-21.991792678833008,-21.314441680908203,-17.527851104736328,-19.924152374267578,-17.958057403564453,-14.362298965454102,-13.314983367919922,-12.641983032226562,-17.059040069580078,-13.994521141052246,-11.419442176818848,-13.97772216796875,-14.109354972839355,-16.812040328979492,-13.39145278930664,-14.101811408996582,-14.140304565429688,-2.803558826446533,-9.834789276123047,-9.441350936889648,-5.0877604484558105,-7.059012413024902,-6.230177879333496,-8.24656867980957,-6.333436965942383,-3.9188597202301025,-7.955965518951416,-6.230601787567139,-6.0279083251953125,-7.201685905456543,0.22213810682296753,,,0.17584536969661713,,0.338386207818985,,0.6000288724899292,,,0.6100245118141174,,0.5340108871459961,0.5459787845611572,0.5014379024505615,-0.15095190703868866,,,-0.11929954588413239,,-0.005441790912300348,,0.21014662086963654,,,0.21043990552425385,,0.057908475399017334,0.08448740094900131,0.058545999228954315
P048,8,165,78.88066085665733,16.589143436070998,Review,low,radar dip but optical shows dry soil soon after,0.69,09-29,11,06-13,,-20.650300979614258,-25.83211326599121,-18.37999153137207,-20.498140335083008,-19.818323135375977,-13.511046409606934,-15.91705322265625,-15.54466724395752,-13.142149925231934,-14.034616470336914,-14.010441780090332,-15.081857681274414,-13.185769081115723,-14.212299346923828,-15.317997932434082,-3.8663413524627686,-9.221819877624512,-6.094364643096924,-12.825227737426758,-10.54311752319336,-2.5642011165618896,-8.376580238342285,-6.359348297119141,-6.485435485839844,-6.099154949188232,-6.960803985595703,-6.698753356933594,-6.71750020980835,-8.752138137817383,-8.578719139099121,0.09694504737854004,0.06643272936344147,,0.16960322856903076,,0.31287890672683716,0.4043767750263214,0.6366875171661377,,,0.6889544129371643,0.5717257261276245,0.6444068551063538,0.6476651430130005,0.6449167728424072,-0.1742485761642456,-0.0354740284383297,,-0.007777754217386246,,-0.03773505985736847,0.24259856343269348,0.25249332189559937,,,0.19692111015319824,0.06649287045001984,0.14346623420715332,0.1400941014289856,0.1187189593911171
P049,9,165,79.0555628424754,17.01359740781747,Other kharif crop,high,"clear green-up, no flooding",0.72,09-29,8,,,-19.174211502075195,-19.610851287841797,-16.645835876464844,-14.582240104675293,-18.02139663696289,-14.087045669555664,-15.66135025024414,-18.269453048706055,-19.365400314331055,-14.671388626098633,-12.25916862487793,-14.14741039276123,-15.814927101135254,-13.721590995788574,-15.05264663696289,-10.71495246887207,-9.179953575134277,-5.197076797485352,-10.543435096740723,-5.870509147644043,-4.040483474731445,-7.748326778411865,-9.609222412109375,-5.333923816680908,-7.1723246574401855,-7.801845550537109,-8.952034950256348,-7.818234920501709,-7.183316707611084,-7.212860584259033,0.25087371468544006,,0.20850087702274323,0.2759050726890564,,,,0.4521375596523285,0.6090075373649597,,0.7216543555259705,,,0.6790593862533569,0.5228378772735596,-0.1029731035232544,,-0.04072250798344612,-0.022833403199911118,,,,0.18343663215637207,0.2456388920545578,,0.26863908767700195,,,0.22763723134994507,0.10868817567825317
P050,9,165,78.97902638026842,16.99688874353285,Review,low,radar dip-and-rise; optical inconclusive,0.71,09-29,8,07-07,,-22.887361526489258,-15.281160354614258,-14.430341720581055,-21.192155838012695,-13.738813400268555,-11.62889575958252,-13.454232215881348,-13.22176456451416,-15.221195220947266,-13.4982328414917,-13.08055591583252,-11.617950439453125,-12.824273109436035,-12.38219165802002,-9.486637115478516,-9.424978256225586,-8.59758472442627,-1.636141300201416,-8.649847984313965,-5.423030376434326,-6.137537479400635,-8.523005485534668,-11.037225723266602,-7.378069877624512,-6.723546504974365,-7.134696960449219,-7.56808614730835,-5.740856647491455,-8.203219413757324,-8.089583396911621,0.17329256236553192,0.23050557076931,,0.15301662683486938,,,,0.6258922219276428,,,0.709267258644104,0.6375591158866882,,0.6157393455505371,0.5789061188697815,-0.18892571330070496,-0.13994809985160828,,-0.05980553478002548,,,,0.2963949739933014,,,0.260430246591568,0.2627963423728943,,0.13201910257339478,0.10052896291017532
P051,9,165,79.08278179558422,16.99365480851002,Review,low,radar dip but optical shows dry soil soon after,0.7,11-04,7,06-13,,-15.415011405944824,-21.12774658203125,-17.555328369140625,-19.46599578857422,-15.694229125976562,-16.719541549682617,-14.089696884155273,-13.893087387084961,-14.13193130493164,-12.912612915039062,-15.861222267150879,-13.393455505371094,-12.135518074035645,-16.168109893798828,-14.612948417663574,-2.3417391777038574,-8.967415809631348,-6.8593597412109375,-9.11722183227539,-4.470250606536865,-5.135396957397461,-6.657900810241699,-4.400084018707275,-6.562366008758545,-7.080837249755859,-7.26906156539917,-6.553660869598389,-5.8553595542907715,-5.175037860870361,-6.000283718109131,0.11553986370563507,,0.1507924497127533,0.17434899508953094,,,,0.54285728931427,,,0.6004059314727783,,,0.7016592621803284,0.6694498658180237,-0.24209295213222504,,-0.15542803704738617,-0.07537437230348587,,,,0.19792824983596802,,,0.12251262366771698,,,0.20607134699821472,0.16256491839885712
P052,9,165,78.92997836575549,17.079084592029783,Review,low,radar dip but optical shows dry soil soon after,0.54,11-04,11,"07-07, 11-16",,-16.03238868713379,-16.67174530029297,-14.864435195922852,-20.157873153686523,-14.469067573547363,-13.893416404724121,-15.69195556640625,-16.834871292114258,-16.876319885253906,-17.11998748779297,-16.77461814880371,-16.53862190246582,-14.985088348388672,-15.000999450683594,-19.780593872070312,-6.225223541259766,-10.45122241973877,-5.713919162750244,-11.728277206420898,-8.360383033752441,-5.851839542388916,-8.550305366516113,-10.183942794799805,-7.4905548095703125,-10.510293960571289,-7.982692718505859,-10.633997917175293,-7.903909683227539,-9.748476028442383,-8.914013862609863,0.10761313140392303,0.16842634975910187,0.15713092684745789,0.17890173196792603,0.20672090351581573,0.21317434310913086,,0.38843798637390137,0.46988362073898315,,0.38557153940200806,,,0.5415959358215332,0.5178329944610596,-0.19395683705806732,-0.18504120409488678,-0.08025336265563965,-0.07149443030357361,-0.016598112881183624,0.017371943220496178,,0.06409905850887299,0.0826042890548706,,0.010743606835603714,,,0.07390892505645752,0.06266132742166519
P053,9,165,78.98145183153554,16.96562737164549,Review,low,radar dip but optical shows dry soil soon after,0.72,09-29,8,"06-13, 07-07",,-16.674530029296875,-21.831003189086914,-18.146669387817383,-26.549150466918945,-14.87143611907959,-15.220542907714844,-15.847278594970703,-17.973363876342773,-12.131103515625,-14.941773414611816,-12.355283737182617,-15.591106414794922,-13.649079322814941,-16.48675537109375,-13.90435791015625,-5.9278388023376465,-9.435918807983398,-4.725226879119873,-10.40550422668457,-4.468022346496582,-6.83449125289917,-5.683246612548828,-8.354957580566406,-2.7504563331604004,-6.978749752044678,-5.127526760101318,-7.333183288574219,-8.32611083984375,-11.06920337677002,-7.605746269226074,0.19371530413627625,,0.15288951992988586,0.19387182593345642,,0.3300819396972656,,0.547207772731781,,,0.718939483165741,,,0.5119765996932983,0.530782163143158,-0.25799858570098877,,-0.1810765415430069,-0.18941867351531982,,-0.03470870479941368,,0.2622261345386505,,,0.16297492384910583,,,-0.04511144012212753,-0.009646574966609478
P054,9,165,79.01594713844572,16.951613653213226,Other kharif crop,high,"clear green-up, no flooding",0.61,11-04,9,,,-17.293855667114258,-17.883216857910156,-16.483190536499023,-16.608299255371094,-15.899337768554688,-16.693078994750977,-14.158798217773438,-13.91953182220459,-14.486512184143066,-16.05255699157715,-15.048800468444824,-16.67180061340332,-17.749326705932617,-13.733441352844238,-15.291830062866211,-10.43433666229248,-10.189148902893066,-5.074682235717773,-9.833285331726074,-9.20907974243164,-9.183899879455566,-9.405583381652832,-8.800654411315918,-6.440593242645264,-6.808011531829834,-6.916214942932129,-5.676112174987793,-6.1068572998046875,-9.541482925415039,-6.447389602661133,0.20045416057109833,0.17693571746349335,0.15537434816360474,0.16581064462661743,,0.23070138692855835,,0.41894838213920593,,,0.5045072436332703,,,0.6126761436462402,0.4960337281227112,-0.13451620936393738,-0.1700136661529541,-0.0700511559844017,-0.07907518744468689,,0.024873599410057068,,0.10175882279872894,,,0.10595729202032089,,,0.12857724726200104,0.0472244918346405
P055,10,92,79.8740178978367,16.960237479940773,Paddy,high,radar dip-and-rise + optical flood within 3 weeks,0.9,09-17,10,"07-07, 07-19, 11-16",07-31,-16.66834831237793,-20.464174270629883,-13.892901420593262,-22.06009292602539,-24.596757888793945,-22.688312530517578,-20.550823211669922,-16.519084930419922,-17.406511306762695,-16.790040969848633,,-20.29030418395996,-15.417966842651367,,-19.527847290039062,-11.412463188171387,-10.748467445373535,-10.736539840698242,-10.984662055969238,-14.924105644226074,-8.574750900268555,-6.30727481842041,-5.876908779144287,-10.123188972473145,-14.384236335754395,,-12.650099754333496,-7.554433822631836,,-11.910595893859863,0.15580911934375763,0.10350829362869263,,0.07946018874645233,,0.24027682840824127,,0.6582768559455872,,0.8970657587051392,0.8643064498901367,,0.7007362842559814,0.5903773307800293,0.29831647872924805,-0.18797236680984497,-0.294377863407135,,-0.2312130331993103,,0.2576363980770111,,0.3105774223804474,,0.37724167108535767,0.4087505638599396,,0.37256985902786255,0.24099771678447723,-0.0474107563495636
P056,10,92,79.83386320463656,16.958081523258883,Paddy,high,radar dip-and-rise + optical flood within 3 weeks,0.88,09-29,10,07-19,07-31,-19.147924423217773,-17.449541091918945,-18.474416732788086,-16.845813751220703,-29.237886428833008,-22.460205078125,-18.13982391357422,-15.80380630493164,-14.199775695800781,-17.3740291595459,,-17.50068473815918,-15.270773887634277,,-14.942397117614746,-8.769414901733398,-9.18859577178955,-7.239741325378418,-7.600498676300049,-17.55733299255371,-10.482402801513672,-8.467041015625,-7.1218109130859375,-9.943882942199707,-7.3377838134765625,,-12.233684539794922,-8.858807563781738,,-6.716944217681885,0.14682570099830627,0.11787625402212143,0.06985262036323547,0.00979262962937355,,0.25669288635253906,,0.7211642265319824,,,0.8828232884407043,,0.5345853567123413,0.18985648453235626,0.15999425947666168,-0.10806188732385635,-0.14963671565055847,-0.05419246479868889,-0.056349433958530426,,0.27712956070899963,,0.34431618452072144,,,0.41189107298851013,,0.23906594514846802,-0.006700677797198296,-0.18266752362251282
P057,10,92,79.91363360186637,17.005782064845633,Paddy,high,radar dip-and-rise + optical flood within 3 weeks,0.83,09-17,10,"08-12, 08-24, 11-16",08-24,-19.294174194335938,-14.651543617248535,-15.0364408493042,-13.23589038848877,-12.256896018981934,-14.201959609985352,-21.28238868713379,-21.84550666809082,-20.051240921020508,-16.106237411499023,,-18.19959259033203,-12.939432144165039,,-17.018035888671875,-9.612192153930664,-10.472855567932129,-10.775156021118164,-9.541647911071777,-6.017491817474365,-9.72082233428955,-12.858818054199219,-14.941143035888672,-11.258258819580078,-8.151975631713867,,-12.141942024230957,-7.177609443664551,,-12.483392715454102,0.4346090853214264,0.47247233986854553,,0.549801230430603,,0.4686232805252075,,0.3067224323749542,,0.8346096873283386,0.7975168824195862,,0.7346054911613464,0.7381425499916077,0.522675096988678,-0.011509044095873833,0.01521875150501728,,0.09684041142463684,,0.029373619705438614,,0.3178952634334564,,0.35168254375457764,0.3471119999885559,,0.4232162833213806,0.3537948727607727,0.18801748752593994
P058,10,92,79.91956248274155,17.006590548601338,Review,low,optical flood signal without a radar dip-and-rise,0.75,09-29,7,,07-31,-15.431340217590332,-15.957727432250977,-11.936712265014648,-16.575328826904297,-16.84416389465332,-19.604082107543945,-20.633869171142578,-19.612485885620117,-18.018104553222656,-18.543258666992188,,-15.28769588470459,-15.834188461303711,,-12.99152946472168,-10.940287590026855,-9.283001899719238,-6.207554817199707,-6.540501594543457,-9.508075714111328,-10.858080863952637,-12.767556190490723,-7.605830669403076,-9.97669506072998,-9.114692687988281,,-6.006178379058838,-9.503471374511719,,-4.912267684936523,0.36481696367263794,,,0.2569500207901001,,0.09730856120586395,,0.491982638835907,,,0.7518779039382935,,,0.6533492207527161,0.3482567071914673,-0.04359566420316696,,,-0.012180529534816742,,0.22552306950092316,,0.3152341842651367,,,0.3654076159000397,,,0.304609477519989,-0.02575852908194065
P059,10,92,79.92171843942344,16.939755891462845,Paddy,high,radar dip-and-rise + optical flood within 3 weeks,0.87,09-17,11,07-19,07-31,-19.406736373901367,-19.4009952545166,-16.498090744018555,-18.39024543762207,-22.16051483154297,-19.584001541137695,-16.591917037963867,-17.48012924194336,-15.046031951904297,-18.9747257232666,,-15.1371431350708,-14.547660827636719,,-12.408105850219727,-9.5601224899292,-8.2035551071167,-7.15639591217041,-8.969407081604004,-10.487311363220215,-8.76143741607666,-7.2558207511901855,-9.208731651306152,-8.005868911743164,-10.258787155151367,,-10.224109649658203,-8.99160385131836,,-9.257340431213379,0.3373314440250397,0.20254336297512054,0.16195924580097198,0.11974073946475983,,0.16983425617218018,,0.5035361051559448,0.6899505853652954,0.8662503361701965,0.7992057204246521,,,0.6027432084083557,0.27273786067962646,0.0691508799791336,-0.0009626017417758703,0.011928756721317768,0.06556951999664307,,0.2847481667995453,,0.30347681045532227,0.4079013168811798,0.43849024176597595,0.3997642993927002,,,0.32316508889198303,-0.018777722492814064
P060,10,92,79.88857060543943,16.919543797570157,Paddy,high,radar dip-and-rise + optical flood within 3 weeks,0.93,09-17,11,07-31,07-31,-20.214937210083008,-17.710487365722656,-14.327492713928223,-17.752626419067383,-13.35950756072998,-26.17529296875,-21.503501892089844,-19.589765548706055,-20.835222244262695,-16.020875930786133,,-17.603357315063477,-16.011171340942383,,-14.770018577575684,-11.424921035766602,-6.439901351928711,-6.18721342086792,-10.814830780029297,-6.562576770782471,-15.431053161621094,-15.150677680969238,-6.109195232391357,-9.073440551757812,-9.313665390014648,,-12.103921890258789,-9.775619506835938,,-8.808788299560547,0.1927216500043869,0.17689195275306702,,0.17557130753993988,,0.11939015984535217,,0.5318121314048767,0.7397957444190979,0.9260220527648926,0.8783276081085205,,0.7460852861404419,0.7909094095230103,0.621973991394043,-0.1339876502752304,-0.2883627116680145,,-0.05875257030129433,,0.10461413860321045,,0.26216810941696167,0.3648136854171753,0.37680450081825256,0.3660873472690582,,0.4201628863811493,0.3452492356300354,0.20428869128227234
P061,11,165,78.79199713811474,16.738982425462133,Other kharif crop,high,"clear green-up, no flooding",0.53,09-29,11,09-05,,-18.464191436767578,-19.2003116607666,-16.728391647338867,-15.94836139678955,-15.360050201416016,-12.797723770141602,-10.95098876953125,-12.282753944396973,-16.704652786254883,-13.230120658874512,-12.462431907653809,-15.891120910644531,-12.859216690063477,-14.199919700622559,-15.633132934570312,-8.269331932067871,-9.719439506530762,-8.004446983337402,-10.538107872009277,-9.66159439086914,-5.634253978729248,-7.6376824378967285,-9.05129337310791,-4.890528202056885,-7.815173149108887,-4.774981498718262,-7.014468193054199,-6.807671546936035,-7.970835208892822,-10.395169258117676,0.33073022961616516,0.2249077409505844,,0.34219205379486084,,0.3846147060394287,0.35233306884765625,0.440189003944397,,0.5097317099571228,0.530575156211853,0.4383886754512787,,0.4978337585926056,0.42374885082244873,-0.059328556060791016,0.0668272078037262,,0.06296006590127945,,0.057900320738554,0.24706941843032837,0.17711122334003448,,0.08914057910442352,0.07171475142240524,0.046887338161468506,,0.003963835537433624,0.007938830181956291
P062,11,165,78.81436518868931,16.900948671188882,Other kharif crop,high,"clear green-up, no flooding",0.81,09-29,10,06-13,,-10.64815616607666,-14.836198806762695,-13.669587135314941,-17.50457191467285,-19.243467330932617,-18.421646118164062,-15.967314720153809,-16.923229217529297,-16.782773971557617,-14.402403831481934,-16.32831573486328,-15.713109970092773,-12.74072551727295,-11.628509521484375,-14.90607738494873,-4.088376045227051,-9.278552055358887,-6.973968982696533,-12.041241645812988,-11.91308879852295,-9.26572322845459,-8.69275951385498,-8.43359088897705,-7.864516258239746,-8.53974437713623,-10.621180534362793,-9.842093467712402,-6.515198707580566,-9.79179859161377,-8.865036964416504,0.37335440516471863,0.5539147853851318,0.3283122777938843,0.2890923321247101,,0.4179958701133728,0.4270384907722473,0.6289525032043457,,,0.8088464736938477,,,0.5204328298568726,0.3998209536075592,-0.055798113346099854,0.06910406053066254,0.08138051629066467,0.07492384314537048,,0.15679050981998444,0.3342207074165344,0.3085156977176666,,,0.2880468964576721,,,0.05971881002187729,-0.028950652107596397
P063,11,165,78.82999587463298,16.850822678335014,Other kharif crop,high,"clear green-up, no flooding",0.81,09-29,10,,,-12.197884559631348,-15.894124984741211,-15.592547416687012,-15.42267894744873,-18.672622680664062,-18.850759506225586,-17.458101272583008,-18.747432708740234,-11.961071014404297,-14.356143951416016,-15.307483673095703,-13.967576026916504,-12.248856544494629,-14.561565399169922,-15.528608322143555,-7.522881031036377,-11.390292167663574,-7.941295146942139,-7.579448223114014,-10.154303550720215,-11.709047317504883,-7.292325496673584,-7.30671501159668,-6.667542457580566,-9.128055572509766,-7.292518615722656,-9.136306762695312,-8.872007369995117,-6.964062213897705,-6.1345086097717285,0.29059934616088867,0.4569694399833679,,0.29779374599456787,0.390267550945282,0.42799949645996094,0.4173614978790283,0.622979462146759,,,0.810748815536499,,,0.661630392074585,0.547353982925415,-0.1351349949836731,0.027832984924316406,,0.08792252838611603,0.11153116822242737,0.19935715198516846,0.354436993598938,0.31080493330955505,,,0.3095666766166687,,,0.22753214836120605,0.1178077757358551
P064,11,165,78.77986988177912,16.90957249791643,Review,low,radar dip but optical shows dry soil soon after,0.75,09-29,10,06-13,,-16.53606414794922,-20.539222717285156,-16.71432113647461,-21.486831665039062,-17.385360717773438,-14.390603065490723,-14.797778129577637,-18.0466251373291,-12.089831352233887,-13.505392074584961,-11.467598915100098,-14.956169128417969,-15.016650199890137,-14.795580863952637,-14.671065330505371,-3.697352170944214,-8.66046142578125,-8.125884056091309,-8.937350273132324,-6.159663677215576,-4.234917640686035,-5.843645095825195,-9.374175071716309,-3.398249626159668,-6.628073692321777,-7.808347225189209,-7.2318010330200195,-5.763863563537598,-8.581806182861328,-6.934536933898926,0.17654988169670105,0.17807692289352417,0.14750516414642334,,0.3026912808418274,0.4187238812446594,0.5856118202209473,0.7256577610969543,,,0.7536928653717041,,,0.6607218980789185,0.65777587890625,-0.20657850801944733,-0.18525682389736176,-0.13840600848197937,,-0.02564532682299614,0.11710800230503082,0.334046870470047,0.2750406265258789,,,0.17520809173583984,,,0.1129196435213089,0.13044100999832153
P065,11,165,78.86745562198077,16.798540728799257,Other kharif crop,high,"clear green-up, no flooding",0.73,10-11,11,,,-16.32078742980957,-17.533300399780273,-17.110576629638672,-17.580188751220703,-14.055787086486816,-12.902141571044922,-14.190484046936035,-13.711811065673828,-16.13490104675293,-14.345494270324707,-14.040277481079102,-14.371609687805176,-15.969202995300293,-13.279088020324707,-13.499353408813477,-7.205058574676514,-10.00080394744873,-9.424702644348145,-10.082810401916504,-8.257125854492188,-6.5088677406311035,-9.771464347839355,-9.720098495483398,-9.797618865966797,-8.106544494628906,-6.999701499938965,-8.47750473022461,-8.299055099487305,-6.512246131896973,-7.604894638061523,0.2743474543094635,0.2826564908027649,,0.19494621455669403,0.3773513734340668,0.4287550747394562,,0.6562831401824951,,0.6356611251831055,0.6638270616531372,0.7265008091926575,,0.6244181990623474,0.5746955871582031,-0.15221327543258667,0.013466646894812584,,0.011808126233518124,0.010136176832020283,0.07822621613740921,,0.17926718294620514,,0.19505226612091064,0.18361908197402954,0.20919954776763916,,0.06511511653661728,0.04555455222725868
P066,11,165,78.86179623569082,16.79719325587308,Other kharif crop,high,"clear green-up, no flooding",0.7,10-11,9,08-24,,-15.628852844238281,-17.291799545288086,-17.788450241088867,-15.838568687438965,-15.914362907409668,-14.37743091583252,-13.709965705871582,-18.959745407104492,-15.156049728393555,-17.0737247467041,-15.788993835449219,-14.876582145690918,-13.6143798828125,-15.405821800231934,-16.025684356689453,-10.386245727539062,-10.994720458984375,-11.548323631286621,-13.896881103515625,-8.323091506958008,-6.82429313659668,-9.49288272857666,-11.066024780273438,-9.56921100616455,-7.922704696655273,-7.903943061828613,-7.259330749511719,-9.675711631774902,-10.239383697509766,-10.065571784973145,0.3756224513053894,,,,0.4095771908760071,0.4814830720424652,,0.6101975440979004,,0.6834843754768372,0.5849069356918335,0.6971524357795715,,0.6091902852058411,0.5294377207756042,-0.08071814477443695,,,,0.03296685963869095,0.11656192690134048,,0.18486393988132477,,0.19591574370861053,0.14998865127563477,0.24825419485569,,0.09225243330001831,0.03722395375370979
P067,12,165,79.00435887128059,17.22703711932427,Other kharif crop,high,"clear green-up, no flooding",0.64,09-29,12,11-16,,-17.90513801574707,-16.964637756347656,-13.690399169921875,-17.1162166595459,-14.965556144714355,-13.564353942871094,-17.68143653869629,-17.86017417907715,-16.498945236206055,-16.38466453552246,-16.591550827026367,-12.886002540588379,-14.010262489318848,-14.041133880615234,-18.325984954833984,-6.301225185394287,-8.781291961669922,-4.085986137390137,-7.829452991485596,-4.179375171661377,-3.749638557434082,-4.194587707519531,-7.452229022979736,-3.327721118927002,-4.70424222946167,-7.841128826141357,-6.681183815002441,-6.062004566192627,-9.126899719238281,-6.882092475891113,0.17006029188632965,0.26235491037368774,,0.28830721974372864,0.32151302695274353,0.3707117438316345,,0.6019787788391113,,0.5805326700210571,0.6423816680908203,0.38951575756073,0.5837072134017944,0.5818192958831787,0.5398839712142944,-0.133622407913208,-0.05879322066903114,,0.016813140362501144,0.031985942274332047,0.10625650733709335,,0.1911584734916687,,0.1596936583518982,0.15434464812278748,0.14179542660713196,0.11611493676900864,0.062478773295879364,0.03653637692332268
P068,12,165,79.12455345629577,17.258028996626393,Paddy,high,radar dip-and-rise + optical flood within 3 weeks,0.74,09-29,13,08-12,"08-12, 08-24",-19.787967681884766,-21.078765869140625,-11.093189239501953,-19.675796508789062,-14.51427173614502,-13.30325984954834,-22.545515060424805,-19.865747451782227,-18.286348342895508,-17.166561126708984,-14.413641929626465,-13.74995231628418,-13.3534574508667,-15.221384048461914,-13.48266315460205,-9.907111167907715,-9.45705509185791,-8.245769500732422,-13.60369873046875,-9.76755428314209,-6.994516849517822,-15.681694030761719,-12.074423789978027,-8.15861701965332,-8.135222434997559,-8.44768238067627,-8.009947776794434,-7.6078996658325195,-9.009615898132324,-9.154990196228027,0.2813621759414673,0.4593501687049866,0.5856377482414246,0.554967999458313,0.5325380563735962,0.47914305329322815,0.28538256883621216,0.3730376660823822,,,0.7432460784912109,0.4370270371437073,0.7406566143035889,0.6441150903701782,0.4190329313278198,-0.04153063893318176,0.055938057601451874,0.17561747133731842,0.1295798271894455,0.20882681012153625,0.22642119228839874,0.35661205649375916,0.3454066514968872,,,0.36197584867477417,0.32029032707214355,0.30497175455093384,0.23310589790344238,-0.020530909299850464
P069,12,165,79.10083793279502,17.17125174018045,Other kharif crop,high,"clear green-up, no flooding",0.66,08-24,11,,,-17.025859832763672,-17.46135902404785,-13.034797668457031,-17.551301956176758,-14.0032958984375,-12.561490058898926,-12.67284107208252,-15.945927619934082,-12.494027137756348,-14.197221755981445,-14.355655670166016,-15.05965805053711,-11.473294258117676,-15.64223861694336,-15.531266212463379,-13.621898651123047,-7.965991020202637,-3.627063512802124,-10.345735549926758,-4.7608962059021,-6.661427021026611,-7.208714485168457,-7.391465187072754,-5.98391056060791,-5.822716236114502,-7.7841877937316895,-9.106274604797363,-9.429558753967285,-9.328780174255371,-8.742369651794434,0.13904300332069397,,0.11902475357055664,0.19079585373401642,0.22166433930397034,0.29979443550109863,,0.6563401222229004,,,0.6282723546028137,0.5257377624511719,0.5869754552841187,0.5900671482086182,0.5762064456939697,-0.18367861211299896,,-0.11126337945461273,0.01996183954179287,-0.020027808845043182,0.06716637313365936,,0.20345953106880188,,,0.18496930599212646,0.13098964095115662,0.17486485838890076,0.08699235320091248,0.0817861333489418
P070,12,165,79.11727710249441,17.173407696862334,Other kharif crop,high,"clear green-up, no flooding",0.67,11-04,11,,,-19.207876205444336,-18.599390029907227,-15.751933097839355,-15.311023712158203,-16.19860076904297,-15.021662712097168,-15.775724411010742,-15.948711395263672,-14.944131851196289,-14.913162231445312,-17.320892333984375,-15.57759952545166,-14.33177661895752,-13.44757080078125,-13.25300121307373,-10.12767219543457,-11.307472229003906,-4.811334133148193,-10.155357360839844,-11.25696086883545,-6.289839267730713,-9.7011079788208,-9.823922157287598,-5.584265232086182,-7.0053911209106445,-7.068920135498047,-7.112339496612549,-7.577053546905518,-8.305327415466309,-7.368342399597168,0.21755173802375793,0.24119515717029572,0.15185517072677612,0.20851019024848938,0.23869401216506958,0.2544704079627991,,0.4353908896446228,,,0.483794629573822,0.6435220241546631,,0.6713544726371765,0.6648251414299011,-0.11499033868312836,-0.12387563288211823,-0.047437891364097595,-0.03157763183116913,0.024592455476522446,0.04480560123920441,,0.07259990274906158,,,0.11804729700088501,0.1722031533718109,,0.18226873874664307,0.17605829238891602
P071,12,165,79.06418666920294,17.247518707802193,Review,low,radar dip but optical shows dry soil soon after,0.7,11-04,10,06-13,,-20.982568740844727,-30.837574005126953,-22.44282341003418,-24.604284286499023,-25.53186798095703,-17.79361343383789,-17.728164672851562,-16.98487091064453,-14.105393409729004,-10.98336410522461,-13.900531768798828,-13.367046356201172,-14.7576904296875,-14.592763900756836,-16.680225372314453,-12.202408790588379,-12.621209144592285,-5.973841667175293,-10.013741493225098,-10.220834732055664,-4.144177436828613,-7.356367588043213,-8.042384147644043,-5.538147449493408,-6.2444610595703125,-5.067659854888916,-6.79700231552124,-7.289320468902588,-8.108469009399414,-6.831070423126221,0.06593458354473114,0.09795993566513062,,0.15707916021347046,0.21545594930648804,0.31543639302253723,,0.5823032855987549,,,0.6427718997001648,0.5251611471176147,,0.7026834487915039,0.6137827634811401,-0.20142722129821777,-0.1456671804189682,,-0.08203776925802231,-0.019588124006986618,0.035355668514966965,,0.15944825112819672,,,0.13587455451488495,0.1249607652425766,,0.22350651025772095,0.1894473433494568
P072,12,165,79.06688161505531,17.259106974967338,Review,low,already green in June: orchard or perennial?,0.69,10-23,12,,,-15.96347713470459,-14.035711288452148,-15.19922924041748,-17.264787673950195,-15.327861785888672,-11.389717102050781,-13.187170028686523,-14.882695198059082,-13.720720291137695,-15.142452239990234,-14.972965240478516,-15.183168411254883,-13.656882286071777,-15.437468528747559,-16.666662216186523,-7.940196514129639,-9.656778335571289,-8.016220092773438,-8.86890697479248,-7.4607672691345215,-4.326054573059082,-8.088637351989746,-4.470792293548584,-6.149406909942627,-4.334275722503662,-5.566890716552734,-6.09763240814209,-7.014388084411621,-10.520608901977539,-6.0576982498168945,0.48301100730895996,0.5939590334892273,,0.5338301658630371,0.557546079158783,0.4757511019706726,,0.644007682800293,,0.5948881506919861,0.5770708918571472,0.4754374623298645,0.6871771812438965,0.6687493920326233,0.6073832511901855,0.028850479051470757,0.07513204216957092,,0.15186041593551636,0.21663910150527954,0.28369808197021484,,0.20156949758529663,,0.12864571809768677,0.1075509563088417,0.1579330563545227,0.20017917454242706,0.1761494129896164,0.21541306376457214
P073,13,92,79.71609407088849,17.157777010918654,Review,low,optical flood signal without a radar dip-and-rise,0.73,09-29,10,08-12,08-12,-15.207898139953613,-15.889686584472656,-16.20113754272461,-15.9318208694458,-11.18254280090332,-15.616719245910645,-18.873497009277344,-17.734495162963867,-18.979507446289062,-16.873374938964844,,-18.245861053466797,-15.634113311767578,,-18.948150634765625,-10.839337348937988,-9.058064460754395,-11.752263069152832,-6.123938083648682,-5.833568572998047,-9.312621116638184,-10.37771224975586,-10.550700187683105,-12.158340454101562,-10.647758483886719,,-10.831480979919434,-10.137858390808105,,-9.745656967163086,0.35229766368865967,0.34200507402420044,,0.3013421893119812,,0.4305342435836792,0.28780004382133484,0.5241237282752991,,,0.730650007724762,,0.7275352478027344,0.6747980117797852,0.49551528692245483,-0.02962120622396469,-0.06556263566017151,,0.03818058222532272,,0.14829793572425842,0.28252387046813965,0.25938257575035095,,,0.3205128610134125,,0.31793826818466187,0.23353442549705505,0.13044779002666473
P074,13,92,79.64467800580098,17.20035715538592,Review,low,optical flood signal without a radar dip-and-rise,0.85,09-17,10,06-25,07-31,-15.295411109924316,-12.12189769744873,-17.993568420410156,-15.66801643371582,-13.82390022277832,-15.831297874450684,-17.614253997802734,-17.209047317504883,-15.387773513793945,-18.482107162475586,,-15.525141716003418,-12.858134269714355,,-14.387362480163574,-7.954134941101074,-5.976809501647949,-9.05146312713623,-8.6402006149292,-8.10071849822998,-10.715982437133789,-8.855355262756348,-7.970767498016357,-8.735541343688965,-8.561456680297852,,-10.417975425720215,-9.867788314819336,,-8.569809913635254,0.4252653419971466,,,0.4258076548576355,0.35150986909866333,0.29890894889831543,,0.46463635563850403,,0.8487837910652161,0.8009516000747681,,0.7544568181037903,0.6455795764923096,0.4918961226940155,-0.0016338484128937125,,,0.0636158436536789,0.18709465861320496,0.2611365020275116,,0.2693551778793335,,0.38233482837677,0.3465416133403778,,0.33590370416641235,0.28512170910835266,0.1334555745124817
P075,13,92,79.66003919715942,17.10980697474667,Review,low,optical flood signal without a radar dip-and-rise,0.81,09-17,11,,"07-07, 07-31",-16.322927474975586,-17.069900512695312,-19.61707878112793,-20.408309936523438,-20.00052833557129,-19.21962547302246,-17.22906494140625,-16.540225982666016,-16.920961380004883,-17.81125831604004,,-17.487958908081055,-15.65617561340332,,-16.281295776367188,-9.914908409118652,-9.810449600219727,-9.66397762298584,-9.78260326385498,-11.403616905212402,-11.418044090270996,-8.913298606872559,-9.984434127807617,-9.896711349487305,-9.578659057617188,,-14.567963600158691,-9.575725555419922,,-8.773942947387695,0.3119836151599884,0.1288832724094391,,0.18984588980674744,,0.2145404815673828,,0.6730760335922241,0.6847915053367615,0.8067035675048828,0.7607766389846802,,0.5616146326065063,0.47063082456588745,0.21268942952156067,-0.0635942742228508,-0.126484215259552,,0.20231163501739502,,0.3125531077384949,,0.33006060123443604,0.40628474950790405,0.36139702796936035,0.3524288535118103,,0.19483739137649536,0.10213214159011841,-0.09494169056415558
P076,13,92,79.64952890833523,17.169365278083795,Review,low,already green in June: orchard or perennial?,0.72,11-04,8,,,-16.43912696838379,-14.696589469909668,-14.71727180480957,-16.5961971282959,-14.914116859436035,-15.060500144958496,-14.644551277160645,-16.787097930908203,-16.78468132019043,-13.74679183959961,,-15.75161361694336,-14.462295532226562,,-12.208294868469238,-10.102314949035645,-7.848813056945801,-10.41209602355957,-11.258296966552734,-7.936618804931641,-6.447368144989014,-7.265415191650391,-8.112960815429688,-7.930500030517578,-7.8822174072265625,,-10.06384563446045,-8.65695571899414,,-8.952338218688965,0.5287689566612244,0.4577792286872864,,0.47889071702957153,,0.42835336923599243,,0.4351084530353546,,,0.6788435578346252,,,0.7193891406059265,0.7034662365913391,0.03222009167075157,-0.027830995619297028,,0.05965142697095871,,0.1432727724313736,,0.243046373128891,,,0.23731958866119385,,,0.2687065005302429,0.2260051965713501
P077,13,92,79.6471034570681,17.137834411611202,Other kharif crop,high,"clear green-up, no flooding",0.57,11-04,10,,,-22.223203659057617,-18.86690902709961,-19.888381958007812,-19.72318458557129,-16.490943908691406,-17.267471313476562,-14.280420303344727,-13.438529014587402,-17.428096771240234,-17.606369018554688,,-14.475258827209473,-15.99091911315918,,-17.795583724975586,-13.54357624053955,-12.396270751953125,-14.186253547668457,-11.242431640625,-9.580280303955078,-11.188051223754883,-9.598694801330566,-7.575398921966553,-12.338656425476074,-12.098917961120605,,-9.686054229736328,-10.067773818969727,,-10.441486358642578,0.3404831290245056,0.23375220596790314,,0.20375142991542816,,0.2670615315437317,,0.4993710219860077,,0.5556999444961548,0.535556435585022,,0.49278610944747925,0.5749486684799194,0.5039567947387695,-0.07070612162351608,-0.07633595913648605,,0.06191105395555496,,0.04496423900127411,,0.15178921818733215,,0.0372677817940712,0.07391059398651123,,0.050187863409519196,0.02742842584848404,-0.01381910964846611
P078,13,92,79.66704605637555,17.161819429697193,Review,low,optical flood signal without a radar dip-and-rise,0.7,09-29,9,,08-12,-17.52861213684082,-14.584687232971191,-17.575525283813477,-15.213122367858887,-16.149410247802734,-17.35533332824707,-16.039016723632812,-15.327743530273438,-16.2927303314209,-16.580656051635742,,-13.80690860748291,-12.372522354125977,,-14.249770164489746,-10.082812309265137,-10.548795700073242,-10.129565238952637,-10.594794273376465,-9.726877212524414,-9.249732971191406,-8.136438369750977,-7.402101039886475,-8.34342098236084,-9.252573013305664,,-7.84780216217041,-9.82675552368164,,-9.997541427612305,0.5404630899429321,0.5054519176483154,,0.3704046308994293,,,0.358677476644516,0.6562574505805969,,,0.7008050680160522,,0.6416646242141724,0.5943272709846497,0.39082884788513184,0.0026300742756575346,-0.04789578914642334,,0.10346723347902298,,,0.34342166781425476,0.2628551125526428,,,0.24425959587097168,,0.1504874974489212,0.05838079750537872,-0.04839984327554703
P079,14,165,78.87985237290162,17.245632245705544,Other kharif crop,medium,"moderate green-up, no flooding",0.48,09-29,10,10-23,,-19.36042022705078,-18.006267547607422,-13.366573333740234,-16.836387634277344,-15.236018180847168,-13.09209156036377,-15.334583282470703,-17.953901290893555,-12.211749076843262,-15.464598655700684,-13.164287567138672,-15.253314018249512,-18.35628318786621,-15.115715980529785,-17.404205322265625,-11.367542266845703,-8.88890552520752,-2.804593801498413,-6.895109176635742,-3.212859869003296,-2.3808772563934326,-5.723625183105469,-3.0578601360321045,-4.041233539581299,-4.84271240234375,-8.037052154541016,-6.394450664520264,-7.727870464324951,-4.3123698234558105,-11.214855194091797,0.12040624022483826,0.27547863125801086,,0.3105517029762268,0.29867249727249146,0.29830342531204224,,0.43758127093315125,,,0.4769379794597626,,0.3587004244327545,0.475202351808548,0.3081928491592407,-0.2105615735054016,-0.10126893222332001,,-0.014484290033578873,0.05273175239562988,0.07193443179130554,,0.07207737863063812,,,0.03676483780145645,,0.11079764366149902,0.0006848828634247184,-0.10423751920461655
P080,14,165,78.95504136218243,17.225959140983328,Review,low,already green in June: orchard or perennial?,0.66,08-24,11,,,-18.935791015625,-16.25752067565918,-16.27068519592285,-17.253582000732422,-13.737091064453125,-14.03952693939209,-11.431418418884277,-15.42019271850586,-12.969189643859863,-16.329038619995117,-15.806574821472168,-13.849102973937988,-14.035797119140625,-17.621679306030273,-15.452760696411133,-8.68057632446289,-12.08612060546875,-9.096792221069336,-12.13567066192627,-10.616292953491211,-9.276095390319824,-6.7814130783081055,-8.545516014099121,-8.836609840393066,-7.077691078186035,-11.277448654174805,-7.259824752807617,-9.306260108947754,-10.525883674621582,-9.227201461791992,0.30086401104927063,0.6497412323951721,,0.49095362424850464,0.5165615081787109,0.48484957218170166,,0.6627815961837769,,0.6218242049217224,0.618098258972168,,0.4419706463813782,0.5569856762886047,0.5306868553161621,-0.1069198027253151,0.12927623093128204,,0.14446085691452026,0.17090439796447754,0.19393983483314514,,0.20850977301597595,,0.18212918937206268,0.1130037009716034,,0.1390421986579895,0.04331173375248909,0.0341365784406662
P081,14,165,78.90168143430573,17.289559863098987,Other kharif crop,high,"clear green-up, no flooding",0.6,09-29,13,,,-15.700572967529297,-14.85594367980957,-14.816551208496094,-14.282377243041992,-14.061772346496582,-15.495124816894531,-13.662800788879395,-14.491033554077148,-13.768810272216797,-14.649557113647461,-15.82468318939209,-12.60630989074707,-13.62583065032959,-15.480984687805176,-14.86270523071289,-9.616069793701172,-10.012940406799316,-9.569276809692383,-11.255776405334473,-11.166908264160156,-7.929695129394531,-7.5569868087768555,-8.917941093444824,-5.476545333862305,-7.511164665222168,-7.910163402557373,-9.997309684753418,-9.99371337890625,-8.653804779052734,-8.517279624938965,0.4285331964492798,0.5665919184684753,0.41213956475257874,0.4441620409488678,0.4229777753353119,0.53900146484375,0.5662355422973633,0.59465491771698,0.4606887400150299,,0.597973644733429,,0.4060017168521881,0.5071567893028259,0.3959883451461792,0.007430944591760635,0.057391393929719925,0.13454079627990723,0.12894250452518463,0.16997689008712769,0.18468910455703735,0.24891388416290283,0.18534210324287415,0.1931585669517517,,0.10635434091091156,,0.1609911173582077,0.02774527110159397,0.032262325286865234
P082,14,165,78.93455977370449,17.300070151923187,Paddy,high,radar dip-and-rise + optical flood within 3 weeks,0.9,09-29,12,"07-31, 11-04",07-31,-19.194917678833008,-18.49134063720703,-16.939266204833984,-21.331918716430664,-21.12421226501465,-27.87816047668457,-24.746129989624023,-23.127729415893555,-16.899696350097656,-13.98739242553711,-16.070261001586914,-13.988932609558105,-13.950303077697754,-18.779191970825195,-17.166526794433594,-10.733691215515137,-8.519904136657715,-6.101814270019531,-9.705035209655762,-12.726250648498535,-13.539661407470703,-11.623525619506836,-10.292092323303223,-8.421172142028809,-9.278553009033203,-10.896212577819824,-10.000750541687012,-10.552950859069824,-11.067255973815918,-13.113873481750488,0.11799493432044983,0.1339440643787384,0.1331564337015152,0.13057872653007507,0.24297887086868286,0.2053031474351883,0.40280839800834656,0.5963009595870972,,,0.9007893204689026,0.4977308511734009,,0.6122549772262573,0.3059799075126648,-0.11320760846138,-0.13698939979076385,0.0474897176027298,0.0007701157592236996,0.17481665313243866,0.3332218527793884,0.35278019309043884,0.2855701446533203,,,0.34877729415893555,0.3140130639076233,,0.2413448840379715,-0.04566963016986847
P083,14,165,78.99950796874634,17.292793798121817,Other kharif crop,high,"clear green-up, no flooding",0.81,09-29,12,09-29,,-21.935373306274414,-23.663475036621094,-19.828664779663086,-23.447843551635742,-20.163528442382812,-13.016851425170898,-13.198339462280273,-12.592707633972168,-10.812891006469727,-12.842316627502441,-15.951305389404297,-13.614544868469238,-14.186409950256348,-14.144932746887207,-14.792031288146973,-4.254616737365723,-7.936838150024414,-5.071633815765381,-8.09938907623291,-10.138998031616211,-4.374581336975098,-6.279999256134033,-4.996397495269775,-4.067351341247559,-3.377976894378662,-6.068946838378906,-6.537209987640381,-4.635258674621582,-6.1251349449157715,-7.40201997756958,0.13120037317276,0.13346433639526367,0.15702226758003235,0.22554180026054382,0.27111494541168213,0.38029763102531433,,0.7130412459373474,0.7685160636901855,,0.8139530420303345,,0.44089457392692566,0.6708889603614807,0.6246715188026428,-0.1799575537443161,-0.15589399635791779,-0.11912963539361954,-0.14528875052928925,0.008016479201614857,0.07825037837028503,,0.2723875641822815,0.33647769689559937,,0.22276745736598969,,0.0061349691823124886,0.10392297804355621,0.09411049634218216
P084,14,165,78.75588486369313,17.300339646508423,Other kharif crop,high,"clear green-up, no flooding",0.73,09-29,12,,,-20.284303665161133,-17.821496963500977,-19.864788055419922,-19.43147087097168,-15.742743492126465,-18.114078521728516,-15.583313941955566,-17.232357025146484,-13.844245910644531,-15.454888343811035,-14.038389205932617,-15.543500900268555,-16.72909927368164,-13.682289123535156,-18.09689712524414,-11.915060997009277,-9.324763298034668,-8.738790512084961,-8.465126037597656,-8.770867347717285,-8.966730117797852,-10.578880310058594,-8.010856628417969,-8.907182693481445,-9.955615997314453,-10.334303855895996,-8.54434585571289,-7.018913269042969,-0.9234614372253418,-11.6699800491333,0.30501729249954224,,0.47858017683029175,0.28660184144973755,0.4244929552078247,0.44515523314476013,0.6167120933532715,0.6380236148834229,0.48976930975914,,0.7344069480895996,0.5526398420333862,,0.6011505722999573,0.46280285716056824,-0.1205403208732605,,0.09325572848320007,0.06164388358592987,0.11287376284599304,0.17237111926078796,0.1990830898284912,0.18113718926906586,0.23339451849460602,,0.18615271151065826,0.1649334579706192,,0.0856354832649231,0.11138442158699036
P085,15,92,79.48486771675611,16.709607515671426,Other kharif crop,high,"clear green-up, no flooding",0.69,10-23,10,,,-15.65905475616455,-15.916948318481445,-18.569272994995117,-16.607362747192383,-12.003433227539062,-16.388656616210938,-14.719894409179688,-16.887327194213867,-18.96334457397461,-19.148609161376953,,-13.87271785736084,-12.646003723144531,,-16.554763793945312,-9.085945129394531,-9.223949432373047,-9.329338073730469,-8.52790641784668,-7.6376118659973145,-10.690892219543457,-8.826305389404297,-10.041704177856445,-10.199498176574707,-10.169997215270996,,-9.110028266906738,-8.779062271118164,,-11.730761528015137,0.3636777698993683,0.2603520154953003,0.18622460961341858,,,0.20756301283836365,,0.4711045026779175,,0.6019412279129028,0.6816222071647644,,0.6942887902259827,0.5022501349449158,0.39225637912750244,-0.025500444695353508,0.1112644374370575,-0.08118803054094315,,,0.13327904045581818,,0.19890347123146057,,0.2515113949775696,0.2298080027103424,,0.3381805121898651,0.01818535476922989,-0.046020884066820145
P086,15,92,79.5832332403672,16.788569429145532,Review,low,radar dip but optical shows dry soil soon after,0.85,09-17,12,07-31,,-21.292556762695312,-18.425256729125977,-20.796175003051758,-17.93443489074707,-16.470949172973633,-23.919506072998047,-22.26854133605957,-18.938508987426758,-20.372453689575195,-19.020235061645508,,-17.846094131469727,-15.168450355529785,,-15.460846900939941,-12.07251262664795,-9.79617691040039,-10.531485557556152,-12.417156219482422,-9.725996017456055,-15.464679718017578,-11.890806198120117,-11.639338493347168,-9.848915100097656,-10.861032485961914,,-9.542180061340332,-9.67636775970459,,-9.748116493225098,0.18325798213481903,0.22521080076694489,0.18965202569961548,0.130006805062294,,0.13730598986148834,,0.647990345954895,,0.8496769666671753,0.8071366548538208,0.7408068180084229,0.7469950914382935,0.39970606565475464,0.28134337067604065,-0.19729241728782654,-0.07626837491989136,-0.10592329502105713,-0.05868147313594818,,0.07388440519571304,,0.25237709283828735,,0.34916001558303833,0.33184754848480225,0.4074828624725342,0.34452947974205017,0.014705179259181023,-0.10719835758209229
P087,15,92,79.63847963034056,16.72362123410369,Other kharif crop,high,"clear green-up, no flooding",0.78,09-17,12,,,-16.304935455322266,-14.19308853149414,-15.56241512298584,-13.832786560058594,-13.130248069763184,-16.441057205200195,-13.787525177001953,-12.984794616699219,-15.486742973327637,-14.035871505737305,,-13.374740600585938,-13.998903274536133,,-13.656923294067383,-9.343365669250488,-8.296382904052734,-7.91108512878418,-10.779417037963867,-9.111790657043457,-8.965791702270508,-8.812285423278809,-8.262325286865234,-9.709073066711426,-8.17225170135498,,-7.57605504989624,-5.61348819732666,,-8.577134132385254,0.4231768250465393,0.42464128136634827,0.529708206653595,0.6274267435073853,,0.4507400095462799,,0.601956844329834,,0.7843675017356873,0.6135705709457397,0.5781755447387695,0.5118721723556519,0.7402752637863159,0.6657779812812805,0.020972924306988716,0.09604036808013916,0.14527691900730133,0.055139027535915375,,0.1301959753036499,,0.21216976642608643,,0.2581184506416321,0.2243439108133316,0.2530056834220886,0.14474144577980042,0.21503262221813202,0.19168254733085632
P088,15,92,79.61206916098745,16.769435313593785,Review,low,optical flood signal without a radar dip-and-rise,0.73,09-17,12,,07-31,-15.097448348999023,-12.40189266204834,-13.791044235229492,-14.187052726745605,-17.977388381958008,-19.059633255004883,-16.621503829956055,-18.31270980834961,-16.467121124267578,-15.934974670410156,,-16.475202560424805,-14.752835273742676,,-12.384193420410156,-7.857248783111572,-5.256145477294922,-6.661804676055908,-10.26701831817627,-9.126423835754395,-12.802762985229492,-7.143829345703125,-7.1229400634765625,-8.248099327087402,-9.678817749023438,,-10.113906860351562,-8.756980895996094,,-7.91744327545166,0.43711578845977783,0.3868089020252228,0.23957698047161102,0.16157788038253784,,0.12749825417995453,,0.5210424065589905,,0.7287644743919373,0.6890474557876587,0.45361578464508057,0.5974463820457458,0.6162205338478088,0.30494171380996704,0.026959361508488655,0.10983560979366302,-0.011384080164134502,-0.023384714499115944,,0.13178417086601257,,0.252877414226532,,0.30266112089157104,0.32135218381881714,0.22953352332115173,0.30816227197647095,0.2913663387298584,0.032927900552749634
P089,15,92,79.6080267422089,16.786413472463643,Review,low,radar dip but optical shows dry soil soon after,0.81,09-29,10,"07-31, 10-11",07-31,-20.377758026123047,-16.807931900024414,-17.18276023864746,-16.602245330810547,-14.91575813293457,-21.35584259033203,-21.408288955688477,-17.94960594177246,-18.133079528808594,-16.38593101501465,,-20.991491317749023,-14.538820266723633,,-12.599902153015137,-11.77357006072998,-9.268898963928223,-7.9350714683532715,-10.73257064819336,-8.356603622436523,-12.902985572814941,-12.396836280822754,-8.857678413391113,-9.981392860412598,-11.030216217041016,,-11.22949504852295,-8.271440505981445,,-11.433242797851562,0.2294655442237854,0.16131502389907837,0.1616838276386261,0.1351606249809265,,0.1832617223262787,,0.6604360342025757,,,0.8118503093719482,,0.7411308884620667,0.5811939835548401,0.2615033984184265,-0.15375685691833496,-0.12147596478462219,-0.11072689294815063,-0.07891154289245605,,0.14370542764663696,,0.32473284006118774,,,0.40359145402908325,,0.38514259457588196,0.25203588604927063,-0.054151974618434906
P090,15,92,79.64279154370433,16.80042719089591,Review,low,radar dip but optical shows dry soil soon after,0.82,10-23,12,08-24,,-18.78542137145996,-19.15884017944336,-17.448644638061523,-16.93076515197754,-14.700364112854004,-17.46024513244629,-18.117719650268555,-24.059547424316406,-20.51471710205078,-18.278963088989258,,-17.23725128173828,-16.020692825317383,,-15.747122764587402,-11.706258773803711,-8.628091812133789,-9.411227226257324,-12.403511047363281,-4.748270034790039,-8.74057388305664,-10.124938011169434,-15.4425630569458,-11.255183219909668,-8.159972190856934,,-9.032309532165527,-10.079988479614258,,-9.249848365783691,0.2266024649143219,0.3243712782859802,0.27457472681999207,0.18258412182331085,,0.17699307203292847,,0.34135040640830994,,0.6424582600593567,0.7857077121734619,0.6765838861465454,0.8185158967971802,0.8014448881149292,0.6506553292274475,-0.10629832744598389,-0.03403439745306969,-0.014477732591331005,-0.0836685299873352,,-0.09036485850811005,,0.2734578251838684,,0.30364230275154114,0.35186895728111267,0.32713064551353455,0.382902055978775,0.4023750424385071,0.30916792154312134
P091,16,165,78.77986988177912,16.704756613137178,Other kharif crop,high,"clear green-up, no flooding",0.54,09-29,9,,,-17.88545799255371,-21.012447357177734,-18.86974334716797,-19.945674896240234,-17.82156753540039,-12.600120544433594,-12.670400619506836,-13.479304313659668,-12.183167457580566,-13.914409637451172,-14.858692169189453,-14.46008586883545,-12.587284088134766,-15.78764533996582,-13.361762046813965,-8.725349426269531,-6.540254592895508,-4.468474388122559,-9.180826187133789,-13.01993465423584,-1.863392949104309,-5.85336971282959,-4.808321475982666,-4.169827461242676,-6.256547451019287,-4.535236835479736,-9.744044303894043,-9.06972599029541,-9.229875564575195,-7.99122953414917,0.12856698036193848,0.046201787889003754,,,,0.5097744464874268,,0.48399582505226135,,0.5377942323684692,0.5428637266159058,,0.4321996569633484,0.4721459150314331,0.458467960357666,-0.19386392831802368,-0.09101718664169312,,,,0.12083259224891663,,0.29077208042144775,,0.15857958793640137,0.12688961625099182,,0.007185913622379303,-0.03628905117511749,-0.044714994728565216
P092,16,165,78.7925361272852,16.72604668537081,Other kharif crop,high,"clear green-up, no flooding",0.73,11-04,9,,,-20.56424903869629,-20.644392013549805,-18.2943172454834,-22.196025848388672,-15.614909172058105,-14.85544204711914,-14.622660636901855,-13.905983924865723,-11.75721549987793,-13.451001167297363,-11.83815860748291,-11.883008003234863,-15.142495155334473,-14.677877426147461,-11.224549293518066,-7.5164384841918945,-7.262486934661865,-8.425312042236328,-7.962143898010254,-9.005267143249512,-3.6879146099090576,-5.638077259063721,-5.467845916748047,-6.398533821105957,-5.676164627075195,-4.931445598602295,-3.6540186405181885,-7.363285541534424,-6.336313247680664,-6.732381343841553,0.16296499967575073,,,0.15682381391525269,,0.4673759341239929,,0.6641572713851929,,0.6250851154327393,0.7095056176185608,0.7186250686645508,,0.7326884269714355,0.7217798233032227,-0.13831768929958344,,,-0.07308356463909149,,0.06975667178630829,,0.31397533416748047,,0.26930683851242065,0.28162017464637756,0.2115682065486908,,0.16368047893047333,0.14209479093551636
P093,16,165,78.95531085676765,16.760541992281002,Other kharif crop,high,"clear green-up, no flooding",0.63,11-04,10,,,-16.592885971069336,-17.84064292907715,-13.998357772827148,-18.9968204498291,-13.388782501220703,-13.693469047546387,-14.790834426879883,-15.661737442016602,-13.251701354980469,-15.425911903381348,-15.799376487731934,-12.840106964111328,-17.34975242614746,-12.96704387664795,-15.384167671203613,-10.627274513244629,-10.470694541931152,-8.134984970092773,-11.866374015808105,-7.3760480880737305,-6.69566011428833,-8.923030853271484,-9.34796142578125,-10.953938484191895,-9.31230640411377,-7.9752516746521,-6.991543769836426,-7.564205646514893,-10.315505027770996,-7.267984390258789,0.26091691851615906,0.32412785291671753,,0.1713903695344925,0.37646257877349854,0.5504909157752991,,0.45029088854789734,,,0.6220065951347351,0.6088559627532959,,0.6291124820709229,0.5980920791625977,-0.190007284283638,-0.07592799514532089,,-0.0014508633175864816,0.02799808792769909,0.15083171427249908,,0.2136845588684082,,,0.09861239790916443,0.13839216530323029,,0.09949102997779846,0.070530965924263
P094,16,165,78.87715742704926,16.64546780438529,Other kharif crop,high,"clear green-up, no flooding",0.62,09-29,9,,,-25.225872039794922,-22.517213821411133,-22.122196197509766,-21.527511596679688,-18.8560848236084,-16.378591537475586,-15.291858673095703,-15.018366813659668,-15.40526294708252,-13.491875648498535,-13.777291297912598,-12.776134490966797,-13.369176864624023,-15.305084228515625,-17.095508575439453,-11.846260070800781,-9.623161315917969,-0.9980188012123108,-8.451526641845703,-8.71097183227539,-7.268424987792969,-9.628870010375977,-5.192412376403809,-3.4159181118011475,-6.798593997955322,-6.888671398162842,-7.040011405944824,-4.929632663726807,-8.18054485321045,-8.744077682495117,0.15513747930526733,0.07416071742773056,,0.1432611644268036,0.2285652905702591,0.21623462438583374,,0.507290244102478,,,0.6222290992736816,,,0.5396108627319336,0.4966624975204468,-0.18801075220108032,-0.07306066155433655,,-0.049610435962677,-0.008500835858285427,-0.07356409728527069,,0.13790303468704224,,,0.17738763988018036,,,0.07084710896015167,0.043391622602939606
P095,16,165,78.95800580262002,16.775094699883738,Other kharif crop,medium,"moderate green-up, no flooding",0.49,09-29,9,,,-18.825946807861328,-18.87215805053711,-16.825592041015625,-20.024677276611328,-17.34899139404297,-13.79210090637207,-15.822789192199707,-14.672821044921875,-14.847509384155273,-14.753084182739258,-11.734786033630371,-14.376143455505371,-14.737861633300781,-14.357955932617188,-17.579910278320312,-10.03288459777832,-10.407081604003906,-12.63486099243164,-12.616474151611328,-8.991223335266113,-8.247212409973145,-9.443976402282715,-8.112207412719727,-7.421677589416504,-9.47779655456543,-7.3399858474731445,-7.972907066345215,-9.682257652282715,-8.338298797607422,-9.978635787963867,0.19285848736763,,,0.13911060988903046,0.26265010237693787,0.4351538419723511,,0.4003552794456482,,,0.487918496131897,0.4095722436904907,,0.4870065450668335,0.456355482339859,-0.184781014919281,,,-0.01187040749937296,-0.06668689101934433,0.03506847843527794,,0.12251946330070496,,,0.04494771733880043,0.06685515493154526,,-0.006574852392077446,-0.031430043280124664
P096,16,165,78.95692782427908,16.740329898388314,Other kharif crop,high,"clear green-up, no flooding",0.64,11-04,11,,,-18.215801239013672,-18.908523559570312,-16.997535705566406,-20.063377380371094,-15.199467658996582,-15.454826354980469,-14.444048881530762,-14.29816722869873,-18.357513427734375,-16.791866302490234,-17.057483673095703,-14.92491626739502,-15.942055702209473,-14.019641876220703,-11.39279842376709,-9.62147331237793,-10.155878067016602,-9.58851432800293,-14.700870513916016,-7.741672039031982,-8.173381805419922,-7.599698543548584,-8.418551445007324,-9.561124801635742,-10.242926597595215,-7.258087158203125,-8.56877326965332,-6.863615989685059,-9.805577278137207,-8.527249336242676,0.23361904919147491,0.3389531970024109,0.15948085486888885,0.16048188507556915,0.25833848118782043,0.4351094961166382,,0.5928042531013489,,,0.587149977684021,,0.5506730079650879,0.6375557780265808,0.5699836015701294,-0.20778211951255798,-0.01941750943660736,0.06845489144325256,-0.008248853497207165,-0.02325751818716526,0.05226428434252739,,0.19450083374977112,,,0.13366125524044037,,0.15442025661468506,0.11722170561552048,0.12314307689666748
P097,17,92,79.74169605648589,16.952152642383695,Review,low,already green in June: orchard or perennial?,0.84,09-17,9,,,-16.38807487487793,-16.956640243530273,-15.75483512878418,-18.906845092773438,-12.037589073181152,-16.473407745361328,-16.26544761657715,-17.1010684967041,-18.95281219482422,-14.53487491607666,,-13.386841773986816,-14.789493560791016,,-15.017699241638184,-11.488776206970215,-11.068853378295898,-9.045137405395508,-9.366545677185059,-8.999480247497559,-8.76451301574707,-8.260970115661621,-11.216361045837402,-10.669870376586914,-7.935468673706055,,-11.159513473510742,-8.051576614379883,,-8.255637168884277,0.4687999486923218,0.4554782807826996,,0.1931956559419632,,0.30028611421585083,,0.4811132848262787,,0.8389681577682495,0.8052380084991455,,,0.7908615469932556,0.5549996495246887,0.022148365154862404,-0.01904814876616001,,0.02253606915473938,,0.11808684468269348,,0.2694820761680603,,0.35208624601364136,0.3422830104827881,,,0.39203834533691406,0.24052457511425018
P098,17,92,79.69588197699579,16.913614916694968,Other kharif crop,high,"clear green-up, no flooding",0.8,09-29,9,07-07,,-13.941832542419434,-12.261672973632812,-15.91271686553955,-19.436674118041992,-17.004016876220703,-16.633602142333984,-19.640775680541992,-18.917457580566406,-18.53972625732422,-15.341588020324707,,-16.155454635620117,-13.060529708862305,,-13.469030380249023,-7.356231689453125,-8.929556846618652,-9.01762580871582,-11.009385108947754,-9.684187889099121,-9.103227615356445,-11.511062622070312,-7.261303901672363,-7.346872806549072,-9.220521926879883,,-8.05761432647705,-8.721731185913086,,-6.933389663696289,0.2643063962459564,0.23161086440086365,,,,0.15498533844947815,,0.49267780780792236,,0.7932736277580261,0.7990643382072449,,0.7964668273925781,0.721007764339447,0.4270484745502472,-0.0561753548681736,-0.08338971436023712,,,,0.02655855379998684,,0.24836885929107666,,0.24445828795433044,0.3047943115234375,,0.3895590305328369,0.3517395257949829,0.06641459465026855
P099,17,92,79.70908721167235,16.98179704675964,Review,low,already green in June: orchard or perennial?,0.83,09-17,10,11-16,,-15.190899848937988,-12.368691444396973,-15.043944358825684,-14.382186889648438,-13.383427619934082,-16.250181198120117,-14.938202857971191,-14.033964157104492,-13.63214111328125,-13.774001121520996,,-13.498537063598633,-10.34762191772461,,-16.207746505737305,-7.652494430541992,-6.316163539886475,-9.09321403503418,-5.794239521026611,-5.838282585144043,-9.670039176940918,-7.591649055480957,-7.711514472961426,-10.63058090209961,-5.608922004699707,,-5.943935871124268,-6.871665954589844,,-6.5468878746032715,0.5498877167701721,0.5483385324478149,,0.48111242055892944,,0.32669734954833984,,0.626084566116333,,0.8262617588043213,0.7799628973007202,,0.6634880900382996,0.8000034093856812,0.657642126083374,0.036159586161375046,0.04334396868944168,,0.044039081782102585,,0.20295679569244385,,0.3268689513206482,,0.3290463387966156,0.3071609139442444,,0.37654730677604675,0.305404931306839,0.23602738976478577
P100,17,92,79.69588197699579,16.916579357132562,Review,low,optical flood signal without a radar dip-and-rise,0.9,09-17,10,,07-31,-18.271595001220703,-19.116670608520508,-19.16604232788086,-20.515789031982422,-19.40345573425293,-22.97238540649414,-21.18391990661621,-20.20455551147461,-17.07944679260254,-16.721363067626953,,-15.244626998901367,-14.586753845214844,,-17.90748405456543,-8.391980171203613,-10.595934867858887,-9.763733863830566,-9.882757186889648,-10.995246887207031,-11.355496406555176,-11.933424949645996,-7.847614765167236,-10.62124252319336,-9.790606498718262,,-9.80136489868164,-8.462791442871094,,-9.231243133544922,0.380012571811676,0.1291944682598114,,0.1452355831861496,,0.1040315181016922,,0.6587928533554077,,0.8967530131340027,0.8602123260498047,,0.5318621397018433,0.33788061141967773,0.23495623469352722,-0.04991700127720833,-0.15998594462871552,,-0.08059491217136383,,0.1877804398536682,,0.32562220096588135,,0.4040871262550354,0.4006020128726959,,0.21695953607559204,-0.05673954635858536,-0.042317889630794525
P101,17,92,79.75058937779868,16.956734050332706,Review,low,optical flood signal without a radar dip-and-rise,0.82,09-29,9,,07-31,-16.695064544677734,-16.425769805908203,-18.54448699951172,-19.414302825927734,-17.158777236938477,-18.75751495361328,-18.80980110168457,-16.413728713989258,-17.598281860351562,-17.727569580078125,,-14.442669868469238,-14.427543640136719,,-16.464426040649414,-8.92365837097168,-9.325594902038574,-7.111597061157227,-9.319954872131348,-10.569751739501953,-10.676362037658691,-12.570724487304688,-7.696469306945801,-8.835492134094238,-10.551809310913086,,-8.998560905456543,-9.919979095458984,,-9.802155494689941,0.23083080351352692,0.21856530010700226,,0.1707715541124344,,0.13284039497375488,,0.5707481503486633,,,0.8162020444869995,,0.7175201773643494,0.7279101610183716,0.31589406728744507,-0.05896800756454468,-0.10549172759056091,,-0.061871714890003204,,0.16396838426589966,,0.27787256240844727,,,0.326956570148468,,0.4238620400428772,0.3330477774143219,0.09845568239688873
P102,17,92,79.72822132722409,16.96616636081596,Paddy,high,radar dip-and-rise + optical flood within 3 weeks,0.88,09-17,10,07-31,07-31,-20.55567169189453,-18.755603790283203,-20.032981872558594,-21.651336669921875,-17.357343673706055,-26.229427337646484,-20.351654052734375,-18.95699691772461,-18.016162872314453,-17.747982025146484,,-18.17608642578125,-14.56028938293457,,-16.989410400390625,-11.505630493164062,-10.68023681640625,-7.441428184509277,-9.272133827209473,-8.081742286682129,-13.838737487792969,-8.3348388671875,-7.324700832366943,-9.781149864196777,-9.287785530090332,,-11.497207641601562,-8.348760604858398,,-13.335148811340332,0.1733962595462799,0.12415693700313568,,0.09642466902732849,,0.11040862649679184,,0.555121123790741,,0.8845266103744507,0.8405396938323975,,0.7369040250778198,0.762282133102417,0.5632710456848145,-0.1915518045425415,-0.1854480803012848,,-0.1522708684206009,,0.07590968906879425,,0.28093859553337097,,0.36436015367507935,0.3481719195842743,,0.39215123653411865,0.3965291380882263,0.25193554162979126
P103,18,165,79.26172620018083,17.471199213547955,Other kharif crop,high,"clear green-up, no flooding",0.99,08-12,10,11-04,,-20.961252212524414,-22.372041702270508,-19.978778839111328,-18.255578994750977,-21.03988265991211,-16.888853073120117,-14.759354591369629,-13.599610328674316,-13.757452011108398,-13.395966529846191,-17.305173873901367,-14.428000450134277,-12.703359603881836,-18.252094268798828,-14.584074974060059,-11.941021919250488,-14.08919906616211,-9.295488357543945,-14.345831871032715,-6.975960731506348,-7.966076374053955,-8.283673286437988,-8.539938926696777,-7.626148223876953,-9.276948928833008,-10.77616024017334,-8.205343246459961,-7.841192245483398,-8.989761352539062,-9.27971076965332,0.1708826720714569,0.14998239278793335,0.2533155679702759,0.2951808273792267,,,0.9905692338943481,0.626582145690918,,,0.8144298791885376,,0.29805827140808105,0.2807718813419342,0.2630442976951599,-0.006008345168083906,-0.26882538199424744,0.12669511139392853,0.10562732070684433,,,0.39507853984832764,0.2698722779750824,,,0.36225906014442444,,-0.013482632115483284,-0.18834687769412994,-0.18344534933567047
P104,18,165,79.26522962978889,17.526715098106543,Review,low,radar dip but optical shows dry soil soon after,0.59,09-29,10,06-13,,-19.399215698242188,-23.995742797851562,-16.08370018005371,-20.636293411254883,-18.171350479125977,-15.472848892211914,-17.449106216430664,-14.246074676513672,-16.45883560180664,-14.182729721069336,-15.044197082519531,-14.510309219360352,-10.658957481384277,-14.840109825134277,-15.411687850952148,-10.58423137664795,-12.37924575805664,-9.855876922607422,-11.168351173400879,-4.9338250160217285,-6.558308124542236,-8.15727710723877,-6.590904235839844,-7.287144660949707,-10.24157428741455,-7.458854675292969,-7.498228073120117,-6.452322006225586,-7.399898529052734,-9.488499641418457,0.43729227781295776,,0.3145202398300171,0.3048110604286194,,0.43710240721702576,,0.5680505037307739,,,0.5910511612892151,0.48266181349754333,0.5848210453987122,0.5838414430618286,0.49302440881729126,-0.06387487053871155,,-0.12553063035011292,-0.12885840237140656,,0.10632430762052536,,0.08176720142364502,,,0.12381447851657867,0.05464008450508118,0.06803303956985474,0.05058598145842552,-0.018398582935333252
P105,18,165,79.22857836619681,17.573337661352344,Review,low,already green in June: orchard or perennial?,0.85,08-12,14,,,-15.929295539855957,-15.875515937805176,-14.506832122802734,-17.052396774291992,-13.986722946166992,-11.52960205078125,-12.976086616516113,-14.879751205444336,-13.212496757507324,-12.527682304382324,-12.85976505279541,-13.978378295898438,-13.002100944519043,-14.933331489562988,-15.461082458496094,-7.686875820159912,-9.287653923034668,-4.7338056564331055,-9.621033668518066,-4.183086395263672,-7.388800621032715,-7.885782718658447,-6.2734222412109375,-7.546724319458008,-9.688156127929688,-6.620806694030762,-7.667299270629883,-7.705296039581299,-9.804393768310547,-9.170825958251953,0.4386600852012634,0.4563778042793274,0.48895925283432007,0.6189894080162048,0.5228638648986816,0.643835186958313,0.852924644947052,0.8435915112495422,,0.8057631254196167,0.8078077435493469,0.7342066764831543,0.7663317322731018,0.7557633519172668,0.6546319723129272,-0.07649776339530945,-0.11503052711486816,0.007465696427971125,0.10271653532981873,0.16338084638118744,0.3231112062931061,0.30968809127807617,0.269223690032959,,0.28125059604644775,0.2454267144203186,0.2578890323638916,0.18736575543880463,0.16827233135700226,0.10667799413204193
P106,18,165,79.20567132645176,17.55932394292008,Other kharif crop,high,"clear green-up, no flooding",0.68,09-05,14,11-16,,-22.117097854614258,-23.093482971191406,-23.117568969726562,-22.108407974243164,-17.798765182495117,-16.590429306030273,-13.692082405090332,-14.036256790161133,-15.16382884979248,-12.710339546203613,-14.881563186645508,-10.8087739944458,-12.524408340454102,-15.064776420593262,-20.250343322753906,-13.808465957641602,-13.727416038513184,-10.026952743530273,-11.115015983581543,-11.471567153930664,-8.253664016723633,-9.559832572937012,-6.852002143859863,-6.585811614990234,-5.651097774505615,-7.738454818725586,-6.768120288848877,-7.212437152862549,-10.555625915527344,-11.610618591308594,0.13594016432762146,0.11121910810470581,0.1794929802417755,0.18408018350601196,0.2768476605415344,0.42599791288375854,0.5440322756767273,0.6098045110702515,0.6772208213806152,,0.5742841958999634,0.4606729745864868,0.6223657131195068,0.5757389664649963,0.2376556098461151,-0.18480706214904785,-0.1702863574028015,-0.10771191120147705,-0.06060393899679184,-0.0052723996341228485,0.1691984236240387,0.28277572989463806,0.1801605224609375,0.22598358988761902,,0.14526554942131042,0.14400076866149902,0.11601889133453369,0.0868704542517662,-0.11119972169399261
P107,18,165,79.26981103773791,17.55528152414154,Other kharif crop,high,"clear green-up, no flooding",0.69,10-23,12,,,-22.08730125427246,-23.852916717529297,-19.933664321899414,-21.208559036254883,-16.210901260375977,-20.77982521057129,-17.134939193725586,-18.686635971069336,-18.553207397460938,-14.7924222946167,-11.633410453796387,-15.743891716003418,-13.033178329467773,-14.488272666931152,-13.472190856933594,-14.412226676940918,-15.60803508758545,-10.066507339477539,-12.21733570098877,-9.009678840637207,-14.444948196411133,-7.7314372062683105,-6.319797039031982,-7.137454032897949,-8.22343921661377,-8.911731719970703,-8.644601821899414,-6.5193023681640625,-10.259404182434082,-7.473766326904297,0.4713466465473175,,0.2634328305721283,0.36586374044418335,0.3782616853713989,0.5226050615310669,0.6600536704063416,0.6517695784568787,,,0.6659502387046814,0.5482438802719116,0.686150074005127,0.6241263747215271,0.5484723448753357,-0.055508192628622055,,-0.22207112610340118,-0.15248456597328186,-0.02315405383706093,0.11806869506835938,0.2855640947818756,0.2619016766548157,,,0.22008578479290009,0.1787395030260086,0.08016478270292282,0.08127749711275101,0.015266317874193192
P108,18,165,79.20647981020748,17.522672679328004,Other kharif crop,high,"clear green-up, no flooding",0.6,09-29,13,,,-12.969368934631348,-16.31937599182129,-12.400227546691895,-16.306427001953125,-16.018138885498047,-12.814867973327637,-14.36400032043457,-13.782644271850586,-13.48021411895752,-12.721923828125,-13.46187973022461,-13.187189102172852,-14.74479866027832,-17.002513885498047,-14.002313613891602,-5.398125648498535,-9.644777297973633,-6.893407344818115,-8.055750846862793,-4.917080879211426,-8.011117935180664,-5.924121379852295,-8.18664264678955,-8.12093448638916,-9.485960960388184,-5.912065505981445,-9.253593444824219,-6.36916446685791,-7.725566864013672,-8.239696502685547,0.36118239164352417,0.3865375518798828,0.349481999874115,0.3450784683227539,0.3865618109703064,0.36817628145217896,0.45671379566192627,0.4443751573562622,,0.5503183603286743,0.6041151285171509,0.4947909712791443,,0.5670998096466064,0.4960739016532898,0.00450017349794507,-0.00011778005864471197,0.033532772213220596,0.04608006030321121,0.050631385296583176,0.2515805959701538,0.24822840094566345,0.2144145667552948,,0.2062622606754303,0.1641576886177063,0.13776859641075134,,0.15745943784713745,0.09798309206962585
P109,19,165,78.73405580228902,16.694785313483454,Other kharif crop,high,"clear green-up, no flooding",0.73,11-04,7,07-07,,-20.207565307617188,-15.797857284545898,-13.69980525970459,-19.4173526763916,-17.535409927368164,-17.359050750732422,-18.340206146240234,-21.044967651367188,-15.582953453063965,-17.60748863220215,-14.567473411560059,-14.60786247253418,-12.109273910522461,-16.141475677490234,-14.083854675292969,-10.181597709655762,-8.884333610534668,-8.119254112243652,-10.810386657714844,-7.6142754554748535,-10.411661148071289,-13.144006729125977,-10.66287612915039,-8.080918312072754,-6.973362445831299,-7.655635356903076,-9.659977912902832,-10.40071964263916,-8.997453689575195,-7.3490400314331055,0.23681005835533142,0.3622622489929199,,,,0.44934457540512085,,0.5066497325897217,,,0.6524096727371216,,,0.7346838116645813,0.6456590890884399,-0.08586705476045609,-0.032071303576231,,,,0.24438191950321198,,0.26114946603775024,,,0.28987210988998413,,,0.2798462510108948,0.2254733443260193
P110,19,165,78.70306392498689,16.551683688723212,Other kharif crop,high,"clear green-up, no flooding",0.77,09-29,7,,,-16.758647918701172,-14.826635360717773,-14.518499374389648,-17.786317825317383,-17.219881057739258,-20.67766571044922,-18.33924102783203,-16.37567138671875,-16.682771682739258,-17.943323135375977,-16.60799789428711,-15.165851593017578,-16.88911247253418,-15.562074661254883,-15.433164596557617,-10.228711128234863,-10.367448806762695,-5.9720330238342285,-10.548072814941406,-3.4895458221435547,-12.595865249633789,-13.660942077636719,-10.358280181884766,-8.235895156860352,-8.103116035461426,-10.345550537109375,-10.187071800231934,-9.064987182617188,-9.394021987915039,-10.351115226745605,0.2777995467185974,,,,,0.4113922715187073,,0.43944883346557617,,,0.7687058448791504,0.5729501843452454,,0.7177988886833191,0.6761733889579773,-0.05892816558480263,,,,,0.23224572837352753,,0.3107200264930725,,,0.3155156075954437,0.1829456090927124,,0.24930202960968018,0.21566973626613617
P111,19,165,78.75857980954548,16.710954988597603,Other kharif crop,medium,"moderate green-up, no flooding",0.49,07-31,7,"09-17, 11-04",,-16.066139221191406,-16.671968460083008,-14.429564476013184,-14.278824806213379,-16.119462966918945,-14.10737419128418,-17.352781295776367,-13.9920015335083,-12.469213485717773,-21.865619659423828,-19.059171676635742,-21.651363372802734,-17.271038055419922,-24.178972244262695,-18.644487380981445,-7.041888236999512,-9.244173049926758,-8.101480484008789,-9.75770378112793,-8.641070365905762,-7.140905380249023,-8.169386863708496,-9.478161811828613,-2.898712635040283,-10.891335487365723,-8.631797790527344,-12.196941375732422,-8.243060111999512,-11.011301040649414,-12.235844612121582,0.23239582777023315,,,0.4299033582210541,,0.49387961626052856,,0.3063720464706421,,,0.18242688477039337,,,0.26631075143814087,0.2873147130012512,-0.1463456153869629,,,0.029421057552099228,,0.14635497331619263,,0.11412017047405243,,,-0.1108676940202713,,,-0.09399750828742981,-0.08232907950878143
P112,19,165,78.81490417785977,16.62983711844161,Other kharif crop,high,"clear green-up, no flooding",0.72,09-29,7,,,-19.398590087890625,-18.468538284301758,-19.037586212158203,-19.75432014465332,-15.717066764831543,-14.869646072387695,-15.947986602783203,-15.843372344970703,-12.342571258544922,-14.7293701171875,-15.960144996643066,-12.670889854431152,-12.03296184539795,-13.48724365234375,-11.695889472961426,-8.98599910736084,-5.867742538452148,-4.804670810699463,-11.648380279541016,-1.0044124126434326,-7.834282398223877,-7.798907279968262,-6.0489397048950195,-9.18356990814209,-6.465787887573242,-6.935198783874512,-6.864603042602539,-5.003495693206787,-5.671768665313721,-8.417851448059082,0.14799709618091583,,,0.18979428708553314,,0.35767775774002075,,0.6626192331314087,,,0.7169281244277954,,,0.6341104507446289,0.6087300777435303,-0.19959962368011475,,,0.03249610587954521,,-0.03797101974487305,,0.24598179757595062,,,0.23095637559890747,,,0.10481391847133636,0.10645847767591476
P113,19,165,78.83619425009341,16.622560764640244,Other kharif crop,high,"clear green-up, no flooding",0.73,09-29,7,,,-18.182262420654297,-17.399736404418945,-14.69852352142334,-17.82063102722168,-16.375255584716797,-13.575685501098633,-14.801321029663086,-14.058947563171387,-12.824393272399902,-12.082807540893555,-10.574198722839355,-14.333383560180664,-10.035379409790039,-15.400311470031738,-14.010273933410645,-9.311925888061523,-9.180023193359375,-5.856736660003662,-10.256152153015137,-10.060088157653809,-4.748312473297119,-7.979769706726074,-6.201327800750732,-4.875631332397461,-5.832507610321045,-4.184567928314209,-5.383315086364746,-6.422766208648682,-8.302812576293945,-9.388935089111328,0.20098808407783508,,,0.21522685885429382,,0.36284351348876953,,0.6692851781845093,,,0.7279194593429565,,,0.5626482963562012,0.46581709384918213,-0.12126679718494415,,,0.062255293130874634,,0.09797748178243637,,0.3138864040374756,,,0.3104960322380066,,,0.185387521982193,0.01747281290590763
P114,19,165,78.78067836553483,16.62983711844161,Other kharif crop,high,"clear green-up, no flooding",0.69,09-29,8,,,-12.549241065979004,-12.927041053771973,-12.562178611755371,-14.840263366699219,-13.120909690856934,-12.965599060058594,-14.08016586303711,-14.211607933044434,-11.834186553955078,-14.220382690429688,-12.373458862304688,-11.53812313079834,-11.273104667663574,-13.458148956298828,-12.260639190673828,-7.402074813842773,-8.500073432922363,-6.972025394439697,-8.235156059265137,-7.060617923736572,-6.930230140686035,-7.5833330154418945,-6.39619779586792,-6.988037109375,-9.328968048095703,-6.362432479858398,-8.068259239196777,-5.962528705596924,-7.394089698791504,-9.44559097290039,0.3258967995643616,,,0.3037320375442505,,0.49034619331359863,,0.4915548861026764,,0.5207775235176086,0.693406343460083,,,0.6207641363143921,0.5765655040740967,-0.035773105919361115,,,0.11364322900772095,,0.15036889910697937,,0.22683817148208618,,0.320188045501709,0.2558717727661133,,,0.12054164707660675,0.05509013682603836
P115,20,165,79.08305129016945,16.889899393194213,Other kharif crop,high,"clear green-up, no flooding",0.62,09-29,10,09-05,,-18.857046127319336,-19.27681541442871,-19.46956443786621,-18.337635040283203,-16.845239639282227,-18.14805030822754,-13.602364540100098,-13.988260269165039,-19.223567962646484,-16.98554229736328,-14.273782730102539,-16.908260345458984,-14.455257415771484,-15.257213592529297,-15.110563278198242,-11.395838737487793,-10.227810859680176,-11.213830947875977,-12.284270286560059,-10.173580169677734,-9.276216506958008,-10.281414985656738,-10.089770317077637,-8.65013313293457,-8.366402626037598,-7.182772159576416,-8.947644233703613,-7.5050272941589355,-10.949501037597656,-9.220783233642578,0.3443186283111572,0.15464404225349426,0.2756548523902893,0.24235419929027557,,0.42386624217033386,,0.5413776636123657,,,0.6203482747077942,,0.5464390516281128,0.5852243900299072,0.5375840067863464,-0.10479848086833954,-0.16508017480373383,-0.08101550489664078,-0.1285400092601776,,0.03738289698958397,,0.10461325198411942,,,0.10367856919765472,,0.13680778443813324,0.08745859563350677,0.048316389322280884
P116,20,165,79.03103883521894,16.810398490549634,Other kharif crop,high,"clear green-up, no flooding",0.53,11-04,9,,,-22.50811195373535,-24.27899169921875,-24.06280517578125,-20.467769622802734,-15.193556785583496,-15.380739212036133,-17.02297019958496,-15.835603713989258,-14.985686302185059,-15.65949535369873,-11.345839500427246,-13.176661491394043,-12.547625541687012,-14.044380187988281,-14.133354187011719,-9.525148391723633,-8.634781837463379,-3.611477851867676,-6.754382133483887,-4.051158905029297,-4.3150315284729,-6.329390525817871,-4.4354777336120605,-4.831220626831055,-6.914969444274902,-5.2259135246276855,-8.095123291015625,-6.121177673339844,-7.037416934967041,-6.8259077072143555,0.1432190090417862,0.1206110417842865,,0.11123060435056686,,0.32174283266067505,,0.4930848181247711,,,0.4270825684070587,0.37556353211402893,,0.525126039981842,0.49573683738708496,-0.20011213421821594,-0.18728035688400269,,-0.08334312587976456,,-0.002195639070123434,,0.1282227635383606,,,0.059817470610141754,0.08124956488609314,,0.09381908178329468,0.0670045018196106
P117,20,165,79.00381988211011,16.799888201725437,Other kharif crop,high,"clear green-up, no flooding",0.79,09-29,10,,,-18.618988037109375,-17.151508331298828,-21.73314094543457,-18.646879196166992,-18.08488655090332,-11.973769187927246,-13.811767578125,-13.73381519317627,-12.975652694702148,-14.29145622253418,-11.600305557250977,-13.822004318237305,-12.871010780334473,-13.493635177612305,-11.862869262695312,-8.495619773864746,-9.085880279541016,-7.567493915557861,-8.17928695678711,-2.790013551712036,-4.792026519775391,-4.91481351852417,-3.8195505142211914,-5.075648307800293,-5.231867790222168,-4.718531608581543,-6.89630651473999,-6.422218322753906,-4.611813545227051,-6.371576309204102,0.17319165170192719,0.14573538303375244,,0.10281307250261307,0.21010397374629974,0.30489858984947205,,0.6043504476547241,,,0.7860515117645264,,0.5338255167007446,0.7033831477165222,0.6747035384178162,-0.23891490697860718,-0.23174382746219635,,-0.1816498190164566,-0.020336808636784554,-0.039794210344552994,,0.21445350348949432,,,0.28197285532951355,,0.23167510330677032,0.21868306398391724,0.2030024379491806
P118,20,165,79.19327457553092,16.870765277642466,Other kharif crop,high,"clear green-up, no flooding",0.75,09-29,9,"06-13, 11-04",,-14.814119338989258,-20.20250701904297,-16.815519332885742,-19.750267028808594,-16.537532806396484,-19.03945541381836,-20.779836654663086,-18.124683380126953,-15.433958053588867,-14.660287857055664,-11.301423072814941,-12.841605186462402,-11.408663749694824,-17.232885360717773,-14.541570663452148,-7.202284812927246,-12.257752418518066,-6.791556358337402,-10.072199821472168,-6.910176753997803,-13.429407119750977,-7.538056373596191,-9.69798469543457,-9.960156440734863,-8.964194297790527,-6.83285665512085,-7.6977009773254395,-8.867310523986816,-6.968923091888428,-8.52757740020752,0.49356216192245483,0.334364116191864,,0.1467750519514084,,0.32171356678009033,,0.5430898070335388,,0.7003192901611328,0.7511526346206665,,,0.5671089291572571,0.43890640139579773,0.03604079410433769,-0.07356470078229904,,0.01772475615143776,,0.08179134130477905,,0.20978856086730957,,0.3022090494632721,0.29931017756462097,,,0.12090262025594711,0.021444521844387054
P119,20,165,79.11592962956823,16.859985494233033,Review,low,radar dip but optical shows dry soil soon after,0.46,06-01,8,06-13,,-18.89742660522461,-23.312923431396484,-18.137603759765625,-20.38210105895996,-18.957042694091797,-18.75297737121582,-17.970439910888672,-18.194580078125,-22.076501846313477,-22.070770263671875,-22.120370864868164,-14.034235000610352,-19.08451271057129,-13.95957088470459,-20.38524627685547,-6.189830780029297,-11.62067699432373,-9.484139442443848,-13.076498031616211,-10.762290000915527,-10.735299110412598,-14.080409049987793,-12.81502628326416,-11.229559898376465,-11.184680938720703,-13.55861759185791,-10.398270606994629,-11.316545486450195,-9.687284469604492,-10.837271690368652,0.46407923102378845,0.29394546151161194,,0.30812105536460876,,0.2709493339061737,,0.37690579891204834,,,0.3615821301937103,,,0.3360547423362732,0.32307446002960205,0.07249066233634949,0.030088359490036964,,0.02946784347295761,,0.07676830142736435,,0.15859666466712952,,,0.1567775458097458,,,0.1266089528799057,0.08282044529914856
P120,20,165,79.08682421436276,16.865914375108222,Review,low,already green in June: orchard or perennial?,0.57,08-24,8,,,-14.618973731994629,-15.453845977783203,-15.544601440429688,-14.985755920410156,-14.489363670349121,-13.222188949584961,-14.585844993591309,-15.757109642028809,-13.157116889953613,-13.477385520935059,-13.690523147583008,-15.858902931213379,-14.501323699951172,-15.817018508911133,-17.875280380249023,-11.564187049865723,-8.954705238342285,-8.576515197753906,-8.473872184753418,-8.209799766540527,-7.333088397979736,-7.036435127258301,-9.698465347290039,-7.601101398468018,-7.911910057067871,-9.476099967956543,-8.758064270019531,-7.052858352661133,-10.503671646118164,-13.562042236328125,0.511157751083374,0.4878401458263397,0.4035177528858185,,,0.4330986738204956,,0.5676279067993164,,,0.523881733417511,,,0.5282900333404541,0.4955473244190216,-0.033369746059179306,0.0057235704734921455,0.10730196535587311,,,0.006833403371274471,,0.14298127591609955,,,0.0620950348675251,,,0.01765190064907074,0.001468593254685402
P121,21,92,79.79047457641357,16.841659862436995,Review,low,optical flood signal without a radar dip-and-rise,0.81,09-17,11,,07-31,-20.21168327331543,-19.159908294677734,-20.519367218017578,-16.448495864868164,-15.944433212280273,-19.572526931762695,-17.095088958740234,-16.90904998779297,-15.598432540893555,-17.349855422973633,,-15.240585327148438,-17.379398345947266,,-17.021596908569336,-12.554573059082031,-12.077139854431152,-9.467578887939453,-7.2193403244018555,-8.601653099060059,-10.134593963623047,-6.710942268371582,-7.794798374176025,-11.764314651489258,-12.201631546020508,,-11.326546669006348,-10.574291229248047,,-8.36744499206543,0.16950258612632751,0.1518092006444931,0.0838550478219986,0.29031261801719666,,0.17462724447250366,,0.672161877155304,,0.8083316683769226,0.7598878145217896,0.7436056733131409,,0.28146877884864807,0.22758711874485016,-0.15368613600730896,-0.1855023205280304,-0.07053793221712112,-0.17923730611801147,,0.18185141682624817,,0.3289383053779602,,0.42503637075424194,0.3740481436252594,0.39119717478752136,,-0.1282319724559784,0.06290968507528305
P122,21,92,79.90231482928645,16.86079397798874,Paddy,high,radar dip-and-rise + optical flood within 3 weeks,0.82,09-29,10,"07-19, 07-31",07-31,-19.741275787353516,-17.679420471191406,-19.725204467773438,-17.425878524780273,-23.50048828125,-25.141633987426758,-24.285884857177734,-19.38064193725586,-17.31263542175293,-15.92155647277832,,-13.730420112609863,-15.97215461730957,,-17.27294921875,-9.758906364440918,-7.721301078796387,-9.369063377380371,-8.713008880615234,-17.1896915435791,-15.192403793334961,-9.763096809387207,-9.376496315002441,-12.855195045471191,-7.492156982421875,,-9.825139045715332,-9.516984939575195,,-9.787824630737305,0.28838083148002625,0.22576706111431122,0.0752972960472107,0.20076733827590942,,0.132136270403862,,0.6384999752044678,,,0.8219935297966003,,0.5638350248336792,0.49631521105766296,0.2169647365808487,-0.1406061053276062,-0.09405961632728577,-0.032241202890872955,-0.16189679503440857,,0.20951123535633087,,0.33338916301727295,,,0.3623555898666382,,0.3413909375667572,0.130490243434906,-0.1504029929637909
P123,21,92,79.85164984726212,16.902296144115063,Other kharif crop,high,"clear green-up, no flooding",0.86,09-17,9,,,-12.411233901977539,-14.31583023071289,-12.64172077178955,-16.536407470703125,-17.763961791992188,-20.198198318481445,-18.957653045654297,-19.458816528320312,-17.706789016723633,-16.34329605102539,,-17.259490966796875,-14.266283988952637,,-14.036349296569824,-10.437347412109375,-8.41043758392334,-9.997879028320312,-11.494905471801758,-10.412727355957031,-13.519571304321289,-13.682488441467285,-8.201369285583496,-10.345463752746582,-12.222002983093262,,-10.371602058410645,-9.384199142456055,,-8.161961555480957,0.3853001296520233,0.33884796500205994,,0.18468651175498962,,,,0.5124108195304871,0.7100386023521423,0.8635787963867188,0.8125222325325012,,,0.6114931702613831,0.2219063639640808,0.0226543340831995,-0.00633173668757081,,-0.06874601542949677,,,,0.2457343339920044,0.46546971797943115,0.3486703038215637,0.3554874062538147,,,0.26120641827583313,-0.06483697891235352
P124,21,92,79.83251573171037,16.887204447341855,Paddy,high,radar dip-and-rise + optical flood within 3 weeks,0.88,09-17,10,"07-31, 08-12",07-31,-17.867780685424805,-15.487775802612305,-20.116424560546875,-17.308837890625,-14.571319580078125,-29.101686477661133,-29.221040725708008,-20.78130340576172,-18.17244529724121,-16.92801856994629,,-15.100394248962402,-14.623592376708984,,-17.477916717529297,-11.510961532592773,-7.372274875640869,-11.586198806762695,-11.00634765625,-5.457404136657715,-20.09902000427246,-12.085991859436035,-8.661029815673828,-12.714506149291992,-14.765482902526855,,-11.710758209228516,-7.32707405090332,,-14.430159568786621,0.25905120372772217,0.17378228902816772,,0.0884777382016182,,0.080415740609169,,0.6462869644165039,,0.8818680644035339,0.8076069355010986,,0.7417048811912537,0.3664255738258362,0.17580734193325043,-0.04916825145483017,-0.13772739470005035,,-0.37093743681907654,,0.19017434120178223,,0.3156815767288208,,0.3472059965133667,0.3691297173500061,,0.3886258602142334,-0.04787171632051468,-0.14224892854690552
P125,21,92,79.85865670647826,16.876694158517655,Review,low,optical flood signal without a radar dip-and-rise,0.82,09-29,10,,07-31,-17.139583587646484,-16.978601455688477,-20.598905563354492,-22.150882720947266,-17.991769790649414,-20.310190200805664,-18.854671478271484,-21.255102157592773,-18.474491119384766,-16.665828704833984,,-18.03990364074707,-13.965203285217285,,-17.007293701171875,-8.955713272094727,-10.35583782196045,-10.058769226074219,-14.442649841308594,-13.385549545288086,-12.367012023925781,-9.302667617797852,-8.00192928314209,-10.642180442810059,-10.170252799987793,,-10.569733619689941,-8.78243637084961,,-8.9368314743042,0.15445038676261902,0.09556511044502258,,0.06053230166435242,,0.18147552013397217,,0.5438602566719055,0.7561492323875427,,0.8202906250953674,,0.7341547608375549,0.6034176349639893,0.21251489222049713,-0.1593199521303177,-0.15828850865364075,,0.00798141211271286,,0.17940640449523926,,0.3069901466369629,0.42689982056617737,,0.37099018692970276,,0.38147252798080444,0.2577861547470093,-0.041532788425683975
P126,21,92,79.83251573171037,16.894750295728457,Paddy,high,radar dip-and-rise + optical flood within 3 weeks,0.88,09-17,11,08-12,07-31,-19.026472091674805,-16.349536895751953,-20.117345809936523,-19.42421531677246,-15.203386306762695,-20.917530059814453,-22.36577033996582,-20.377792358398438,-18.49860954284668,-17.679597854614258,,-15.508201599121094,-16.18366241455078,,-16.17625617980957,-6.718697547912598,-9.375166893005371,-10.20449161529541,-9.66579818725586,-5.18476676940918,-13.708148002624512,-11.306440353393555,-8.986459732055664,-12.036499977111816,-9.236907005310059,,-9.365102767944336,-10.498948097229004,,-10.626286506652832,0.1560482382774353,0.11407571285963058,,0.06679987907409668,,0.1285192370414734,0.51449054479599,0.6119653582572937,,0.884772002696991,0.7514346241950989,,0.6432139277458191,0.2792932093143463,0.13331544399261475,-0.14018872380256653,-0.2630827724933624,,-0.08751560747623444,,0.1389387995004654,0.26862627267837524,0.3240452706813812,,0.3773927390575409,0.3258892297744751,,0.32237398624420166,-0.028460199013352394,0.028179112821817398
P127,22,165,79.51370363737635,17.283630982223798,Review,low,optical flood signal without a radar dip-and-rise,0.88,08-24,10,,07-31,-17.611337661743164,-20.995866775512695,-14.934021949768066,-21.7884578704834,-20.580524444580078,-16.138248443603516,-19.23935890197754,-16.60020637512207,-14.55538558959961,-16.739879608154297,-14.072421073913574,-15.175600051879883,-12.974802017211914,-16.9021053314209,-18.05002212524414,-9.350762367248535,-8.220480918884277,-8.076058387756348,-10.98553466796875,-7.588016986846924,-6.983875751495361,-6.605572700500488,-9.93160343170166,-9.64491081237793,-11.508852005004883,-9.666219711303711,-8.04859447479248,-8.544363975524902,-9.532651901245117,-9.15097713470459,0.24131102859973907,,,0.18731136620044708,,0.2992323040962219,,0.8751861453056335,,0.6401754021644592,0.8176484704017639,0.46445605158805847,0.3575206696987152,0.299923300743103,0.30271872878074646,-0.14864161610603333,,,0.10222937911748886,,0.2658429443836212,,0.3810383677482605,,0.34000417590141296,0.3882320821285248,0.2207489162683487,0.07335573434829712,-0.0539541132748127,-0.06866836547851562
P128,22,165,79.54658197677513,17.341841812634744,Other kharif crop,high,"clear green-up, no flooding",0.81,09-17,10,,,-17.845075607299805,-18.17974090576172,-12.361661911010742,-18.84958839416504,-16.456132888793945,-16.26084327697754,-12.879233360290527,-12.591049194335938,-12.579840660095215,-11.695621490478516,-10.548868179321289,-13.966583251953125,-12.790271759033203,-14.53985595703125,-15.582099914550781,-9.448497772216797,-9.693221092224121,-3.369007110595703,-7.845396518707275,-6.3672075271606445,-4.71360969543457,-6.175699234008789,-5.968585014343262,-3.797584056854248,-4.845759868621826,-4.252359867095947,-5.259152889251709,-4.953148365020752,-5.874466419219971,-6.617312431335449,0.17950235307216644,,,0.2093411535024643,,0.298990935087204,,0.788658082485199,0.768399715423584,0.8095186352729797,0.6560661792755127,,0.5803131461143494,0.5975560545921326,0.5868908166885376,-0.23042170703411102,,,-0.03296048939228058,,-0.042140405625104904,,0.27993249893188477,0.3199150860309601,0.26940324902534485,0.2916218340396881,,0.034234318882226944,0.025515882298350334,0.011584808118641376
P129,22,165,79.53391573126905,17.31866527830446,Other kharif crop,high,"clear green-up, no flooding",0.85,08-24,9,,,-18.051332473754883,-18.472129821777344,-18.34026336669922,-19.112579345703125,-20.141172409057617,-17.293642044067383,-16.3241024017334,-15.487502098083496,-14.675394058227539,-12.590595245361328,-13.320914268493652,-15.545769691467285,-13.559622764587402,-18.369932174682617,-18.08904457092285,-13.067557334899902,-10.126993179321289,-8.96757698059082,-8.067728996276855,-9.447759628295898,-9.943584442138672,-11.182809829711914,-7.332925796508789,-12.423440933227539,-9.374857902526855,-9.940912246704102,-9.800463676452637,-5.539676666259766,-7.419524669647217,-11.817968368530273,0.3344375491142273,,,0.2412824034690857,,0.32618117332458496,,0.8523405194282532,,0.7708229422569275,0.757549524307251,,0.28422194719314575,0.28169313073158264,0.24112197756767273,-0.08925208449363708,,,0.07657843828201294,,0.2288374900817871,,0.36695799231529236,,0.3952707350254059,0.3384767174720764,,0.18007123470306396,-0.12549123167991638,-0.10540290921926498
P130,22,165,79.53068179624621,17.36232340111267,Other kharif crop,high,"clear green-up, no flooding",0.76,09-17,11,,,-17.646160125732422,-20.422992706298828,-16.266252517700195,-21.851043701171875,-21.2656307220459,-19.789173126220703,-14.427735328674316,-18.330446243286133,-14.701560974121094,-15.159374237060547,-14.509243965148926,-13.14847469329834,-16.1531925201416,-16.973012924194336,-16.497417449951172,-12.204429626464844,-8.562864303588867,-10.851716995239258,-7.323389053344727,-11.405741691589355,-11.584881782531738,-7.180248260498047,-7.863630294799805,-7.632856845855713,-8.70744800567627,-11.508424758911133,-8.34645938873291,-8.529764175415039,-8.150081634521484,-4.872148036956787,0.2898994982242584,0.3923376202583313,,0.23590651154518127,,0.4028171896934509,,0.7005519270896912,0.6996140480041504,0.7588938474655151,0.6105532646179199,0.35575178265571594,,0.26959386467933655,0.24813589453697205,0.07219866663217545,0.09877800941467285,,0.0620453841984272,,0.16541482508182526,,0.13904832303524017,0.4466215670108795,0.3751845955848694,0.26799750328063965,0.02861531265079975,,0.25336217880249023,0.2589758038520813
P131,22,165,79.53472421502475,17.33052304005484,Review,low,radar dip but optical shows dry soil soon after,0.86,09-29,9,07-19,,-16.645244598388672,-17.286901473999023,-14.133811950683594,-16.24878692626953,-20.259016036987305,-20.371097564697266,-16.048873901367188,-16.16705894470215,-16.906723022460938,-14.572853088378906,-16.24856185913086,-13.92817211151123,-15.371688842773438,-15.145784378051758,-18.988679885864258,-11.610738754272461,-11.152099609375,-11.311897277832031,-8.709233283996582,-9.939335823059082,-13.043889999389648,-9.067747116088867,-7.7229838371276855,-9.870660781860352,-11.932660102844238,-10.085307121276855,-9.383134841918945,-9.18501091003418,-11.683786392211914,-11.166089057922363,0.4471387565135956,,,0.27020904421806335,,0.2843015491962433,,0.5998905301094055,,0.7809731364250183,0.8559447526931763,,0.7111502885818481,0.5816614627838135,0.29935386776924133,-0.034030042588710785,,,0.10426846891641617,,0.14601531624794006,,0.16307993233203888,,0.30454471707344055,0.3269864320755005,,0.19767603278160095,0.15921951830387115,-0.020349005237221718
P132,22,92,79.57137547861683,17.31489235411116,Other kharif crop,high,"clear green-up, no flooding",0.68,10-11,11,,,-18.470308303833008,-20.309371948242188,-21.081527709960938,-20.03159523010254,-19.824094772338867,-22.008243560791016,-17.313217163085938,-16.894020080566406,-16.91131019592285,-17.63191032409668,,-14.749116897583008,-15.451753616333008,,-14.837015151977539,-11.00741195678711,-10.599115371704102,-10.383573532104492,-12.319604873657227,-13.273972511291504,-11.603517532348633,-8.283244132995605,-8.661381721496582,-11.576884269714355,-10.065309524536133,,-8.45300579071045,-10.294265747070312,,-10.344100952148438,0.31683504581451416,,,0.20417746901512146,0.19911865890026093,0.35380154848098755,,0.4620400071144104,,0.6071140170097351,0.6148468255996704,0.6804336309432983,0.594372034072876,0.5136450529098511,0.329806387424469,-0.043088655918836594,,,0.0353170782327652,0.12136533856391907,0.20016586780548096,,0.1536533683538437,,0.2461753934621811,0.24061597883701324,0.2258318066596985,0.2436811774969101,0.13471661508083344,-0.028369110077619553
P133,23,165,79.12293648878436,16.970208779594497,Paddy,high,radar dip-and-rise + optical flood within 3 weeks,0.76,09-05,13,"07-07, 11-16","07-07, 07-31",-16.14478874206543,-14.845337867736816,-14.64439582824707,-22.91975975036621,-18.833499908447266,-16.57508659362793,-16.484695434570312,-14.54513931274414,-15.078737258911133,-15.425580024719238,-14.277812004089355,-10.93781852722168,-12.754257202148438,-12.079392433166504,-16.590682983398438,-7.258057117462158,-9.7069091796875,-9.893136024475098,-14.684654235839844,-13.11555004119873,-10.034619331359863,-8.63000774383545,-6.487663269042969,-6.173322677612305,-7.121473789215088,-9.772392272949219,-8.064225196838379,-6.677746295928955,-8.33560562133789,-7.992196559906006,0.20028749108314514,0.1759478747844696,0.2944997549057007,0.23781666159629822,,0.36770352721214294,0.6572183966636658,0.5232200026512146,0.7565494775772095,0.7138809561729431,0.623003363609314,,0.2697165310382843,0.3851660490036011,0.2426755726337433,-0.12986686825752258,-0.1424037516117096,0.16410522162914276,0.26193317770957947,,0.3469759523868561,0.37483060359954834,0.32643479108810425,0.43017393350601196,0.40284955501556396,0.29467344284057617,,0.16935238242149353,0.03012000396847725,-0.18581339716911316
P134,23,165,79.11754659707965,16.965357877060253,Review,low,already green in June: orchard or perennial?,0.65,08-12,10,,,-15.078290939331055,-16.01557731628418,-18.511043548583984,-17.345285415649414,-16.864572525024414,-13.974607467651367,-14.776666641235352,-16.04462242126465,-14.20071029663086,-15.291387557983398,-13.627704620361328,-15.985529899597168,-16.422468185424805,-12.61512565612793,-16.587108612060547,-7.526543140411377,-6.224444389343262,-6.926528453826904,-10.463052749633789,-7.779610633850098,-7.911654472351074,-11.285099029541016,-5.711266994476318,-7.881937503814697,-8.872825622558594,-6.109833717346191,-8.449251174926758,-7.547825336456299,-9.150748252868652,-6.762392520904541,0.49460822343826294,0.5008716583251953,,0.3541402816772461,,0.46244198083877563,0.6462489366531372,0.5774573087692261,,,0.6338380575180054,,0.5039663314819336,0.5916065573692322,0.5445950031280518,0.03679415211081505,0.03926248103380203,,0.1432880461215973,,0.22424787282943726,0.235354483127594,0.29531538486480713,,,0.20010626316070557,,0.07443848997354507,0.05807081237435341,0.022165177389979362
P135,23,165,79.2849027345111,16.91604036796209,Review,low,optical flood signal without a radar dip-and-rise,0.81,09-29,9,,07-31,-14.337791442871094,-14.652776718139648,-15.923355102539062,-17.17563247680664,-17.130847930908203,-20.768695831298828,-21.579561233520508,-20.787363052368164,-14.340353012084961,-15.502324104309082,-15.96673583984375,-14.160691261291504,-13.069064140319824,-15.934858322143555,-18.364652633666992,-9.118973731994629,-10.999382019042969,-10.553519248962402,-9.498756408691406,-8.62299919128418,-10.891772270202637,-11.473490715026855,-8.54229736328125,-9.128552436828613,-10.05214786529541,-8.355768203735352,-9.952113151550293,-9.508845329284668,-10.97968864440918,-9.905061721801758,0.4902650713920593,,,0.2000763714313507,,0.16120626032352448,,0.5847590565681458,0.6804431676864624,0.7339603900909424,0.8146265745162964,,,0.4798758625984192,0.238552525639534,0.06625254452228546,,,0.08273767679929733,,0.22129350900650024,,0.3071441352367401,0.3856724798679352,0.32813969254493713,0.3623146712779999,,,0.18551893532276154,-0.05713478848338127
P136,23,165,79.19704749972422,16.91927430298492,Paddy,high,radar dip-and-rise + optical flood within 3 weeks,0.8,09-29,9,"07-07, 07-19",07-31,-17.493694305419922,-15.00385856628418,-13.449222564697266,-18.978853225708008,-25.517147064208984,-21.75254249572754,-17.33442497253418,-15.824005126953125,-17.03925323486328,-16.5356388092041,-14.898138046264648,-15.403080940246582,-16.17068862915039,-15.167268753051758,-14.218057632446289,-6.816316604614258,-6.8217339515686035,-6.980856895446777,-13.503388404846191,-12.866192817687988,-13.289525985717773,-8.496707916259766,-9.045439720153809,-12.319679260253906,-10.3880033493042,-8.463944435119629,-10.951451301574707,-10.208606719970703,-10.881770133972168,-7.928678035736084,0.4204346537590027,0.5349979400634766,,0.17093238234519958,,0.3071260154247284,,0.7750861644744873,,,0.8045811653137207,,0.5511875152587891,0.4840213656425476,0.34663885831832886,-0.009939461015164852,0.049560122191905975,,0.07643938064575195,,0.35082143545150757,,0.35345447063446045,,,0.400937557220459,,0.1894213855266571,0.080969899892807,-0.024671662598848343
P137,23,165,79.31751157932464,16.92574217303058,Paddy,high,radar dip-and-rise + optical flood within 3 weeks,0.79,09-29,8,08-12,08-24,-13.954541206359863,-13.437686920166016,-12.830856323242188,-15.551154136657715,-14.799675941467285,-13.516545295715332,-21.222232818603516,-20.192455291748047,-18.933513641357422,-20.543943405151367,-15.408413887023926,-14.520795822143555,-13.773192405700684,-18.14189338684082,-15.635273933410645,-10.23193073272705,-11.45341682434082,-7.124952793121338,-9.738123893737793,-7.2420196533203125,-9.443641662597656,-12.715455055236816,-11.672189712524414,-10.463994979858398,-9.63443374633789,-6.835195064544678,-10.377857208251953,-7.050583362579346,-9.909234046936035,-10.568151473999023,0.6317304372787476,0.42415523529052734,,0.4069139063358307,,0.37385162711143494,,0.3979625105857849,,,0.7933716773986816,,,0.6731683015823364,0.40519511699676514,0.1669994294643402,0.00037378910928964615,,0.04290816932916641,,0.14091812074184418,,0.3673434555530548,,,0.3571127951145172,,,0.23483487963676453,-0.006017275154590607
P138,23,165,79.28813666953394,16.923855710933932,Review,low,optical flood signal without a radar dip-and-rise,0.77,09-29,8,,"07-07, 07-31",-15.581384658813477,-17.579387664794922,-16.932893753051758,-18.566816329956055,-20.28031349182129,-20.53752899169922,-17.15374755859375,-17.987953186035156,-15.098506927490234,-16.831043243408203,-11.693106651306152,-16.60080337524414,-16.682477951049805,-12.7796630859375,-12.38426399230957,-10.865711212158203,-9.932954788208008,-5.984899997711182,-13.964879989624023,-11.104689598083496,-12.968512535095215,-12.989078521728516,-10.412138938903809,-9.455021858215332,-7.284915447235107,-6.546311378479004,-8.251496315002441,-10.074869155883789,-9.723963737487793,-8.377938270568848,0.3206025958061218,0.1481870859861374,,0.13867662847042084,,0.15530137717723846,,0.6093800663948059,,,0.7741496562957764,,,0.3739393949508667,0.27338144183158875,-0.07251965999603271,-0.17752698063850403,,0.1333082765340805,,0.2552216649055481,,0.3118325471878052,,,0.465395450592041,,,0.10454711318016052,0.05132504180073738
P139,24,165,79.3261354060522,17.259106974967338,Other kharif crop,high,"clear green-up, no flooding",0.64,10-11,13,,,-19.38580894470215,-19.05707550048828,-16.95591163635254,-19.65565299987793,-16.919998168945312,-17.55670166015625,-16.076677322387695,-15.799686431884766,-16.624671936035156,-19.770597457885742,-12.377874374389648,-16.135345458984375,-14.93126106262207,-14.954018592834473,-17.927841186523438,-10.331774711608887,-11.21369743347168,-12.276570320129395,-12.861166000366211,-5.718414783477783,-6.997322082519531,-8.476665496826172,-9.991995811462402,-8.524873733520508,-6.728638172149658,-6.868764877319336,-9.755244255065918,-6.112425327301025,-7.475233554840088,-9.86585807800293,0.24463655054569244,0.2313212901353836,0.26461100578308105,0.22479833662509918,0.28936856985092163,0.29790860414505005,,0.48402291536331177,,0.5726236701011658,0.6094720959663391,0.6394233107566833,0.5804516077041626,0.6225548386573792,0.5640811920166016,-0.159490704536438,-0.1390562802553177,-0.05259890481829643,-0.06726463884115219,0.03324836865067482,0.07160184532403946,,0.10190670192241669,,0.06812296062707901,0.09203935414552689,0.17098569869995117,0.18120965361595154,0.10458958894014359,0.06433536112308502
P140,24,165,79.3299083302455,17.209250476698703,Paddy,high,radar dip-and-rise + optical flood within 3 weeks,0.76,09-29,13,07-31,07-31,-25.38912582397461,-21.919944763183594,-13.287029266357422,-17.768808364868164,-18.420799255371094,-26.43501091003418,-23.94256591796875,-17.290447235107422,-16.80561637878418,-14.417393684387207,-13.578319549560547,-14.89659309387207,-13.680771827697754,-15.893102645874023,-15.445587158203125,-10.13156795501709,-13.845234870910645,-10.613840103149414,-10.477276802062988,-11.465828895568848,-21.035587310791016,-10.684069633483887,-9.41602897644043,-11.505708694458008,-5.767000675201416,-12.112652778625488,-10.351125717163086,-10.98250675201416,-10.370623588562012,-6.437724590301514,0.21783240139484406,0.1959819495677948,0.30321556329727173,0.225484237074852,0.3118976652622223,0.22319550812244415,,0.6698493361473083,0.6240944266319275,0.7124044895172119,0.7567545175552368,,0.5126893520355225,0.43869274854660034,0.31879422068595886,-0.16967476904392242,-0.15007491409778595,-0.024219777435064316,-0.04901043325662613,0.1848057508468628,0.26779407262802124,,0.26099589467048645,0.32351598143577576,0.3252123296260834,0.34658318758010864,,0.1841849982738495,-0.007175419479608536,-0.052383892238140106
P141,24,165,79.26819407022649,17.16774831057238,Other kharif crop,high,"clear green-up, no flooding",0.73,11-04,11,,,-22.860477447509766,-23.32712173461914,-20.9550724029541,-21.099624633789062,-18.48072624206543,-14.43990707397461,-12.908845901489258,-12.512099266052246,-14.282662391662598,-14.647772789001465,-12.169981002807617,-15.206133842468262,-14.07404613494873,-13.521939277648926,-15.783513069152832,-5.2243266105651855,-14.367149353027344,-9.96926498413086,-7.904101848602295,-8.317889213562012,-4.973500728607178,-7.928415298461914,-5.268661022186279,-7.966557502746582,-5.997569561004639,-4.585935592651367,-6.832456588745117,-5.763957977294922,-6.894601821899414,-8.823734283447266,0.20513346791267395,0.2757132947444916,0.26646143198013306,0.2494353950023651,0.2599536180496216,0.3838461935520172,,0.7254041433334351,,,0.6897015571594238,,0.7016032338142395,0.7336373925209045,0.5910516977310181,-0.09535711258649826,-0.04949966073036194,0.056307315826416016,-0.11227644979953766,0.09684889018535614,0.18370336294174194,,0.2926556169986725,,,0.25751104950904846,,0.24093574285507202,0.19500863552093506,0.28087446093559265
P142,24,165,79.34068811365493,17.20763350918729,Paddy,high,radar dip-and-rise + optical flood within 3 weeks,0.78,09-29,11,07-19,07-31,-20.715282440185547,-20.036752700805664,-14.942587852478027,-18.174402236938477,-22.517776489257812,-19.619365692138672,-23.569713592529297,-16.949752807617188,-16.339380264282227,-13.985542297363281,-15.440811157226562,-16.77793312072754,-15.926212310791016,-18.718870162963867,-20.210668563842773,-10.518807411193848,-9.281769752502441,-10.776344299316406,-12.186387062072754,-13.668307304382324,-12.98944091796875,-8.841293334960938,-7.228862285614014,-7.761540412902832,-9.915281295776367,-8.23636531829834,-10.919451713562012,-11.040595054626465,-13.646676063537598,-14.576128005981445,0.25217875838279724,0.36013397574424744,0.36576715111732483,0.21647712588310242,0.2970981001853943,0.19721944630146027,,0.6402689218521118,,,0.7819709777832031,,0.4824170470237732,0.31612518429756165,0.2974749803543091,-0.17294764518737793,-0.10344669967889786,0.045062433928251266,0.08206360042095184,0.19697749614715576,0.2678867280483246,,0.37037789821624756,,,0.37622639536857605,,0.225460484623909,0.12321263551712036,0.16466504335403442
P143,24,165,79.33637620029116,17.181762029004645,Paddy,high,radar dip-and-rise + optical flood within 3 weeks,0.85,09-29,10,08-12,"06-25, 07-19, 07-31, 08-24",-23.115253448486328,-23.260173797607422,-23.315216064453125,-22.42502212524414,-19.477949142456055,-23.22698974609375,-27.602998733520508,-19.9626522064209,-18.135128021240234,-18.370649337768555,-14.156570434570312,-15.382512092590332,-14.827597618103027,-14.97877311706543,-13.866254806518555,-11.5897216796875,-10.718445777893066,-12.132429122924805,-9.470236778259277,-13.818502426147461,-18.412145614624023,-15.913820266723633,-10.38481330871582,-10.38936710357666,-9.023948669433594,-6.275968551635742,-10.00417423248291,-9.363730430603027,-10.113364219665527,-10.237035751342773,0.1481456756591797,0.21317680180072784,0.15001770853996277,0.09044060111045837,0.13737480342388153,0.10515973716974258,,0.4578792452812195,,,0.8509010076522827,,,0.48883765935897827,0.3085474967956543,-0.17901188135147095,-0.07519716769456863,0.17387475073337555,-0.03486745432019234,0.19661174714565277,0.2570498585700989,,0.4802738428115845,,,0.35441556572914124,,,0.16907186806201935,-0.03798660263419151
P144,24,165,79.37626139890607,17.227306613909505,Other kharif crop,high,"clear green-up, no flooding",0.64,08-24,11,,,-18.158510208129883,-19.843704223632812,-19.314239501953125,-19.75019645690918,-13.827285766601562,-15.070923805236816,-15.001914978027344,-16.604480743408203,-14.626426696777344,-16.079748153686523,-13.364795684814453,-12.12313461303711,-14.707266807556152,-14.417961120605469,-15.571125030517578,-9.72093391418457,-11.853293418884277,-5.627930164337158,-12.195882797241211,-6.699740886688232,-6.618287563323975,-8.00995922088623,-6.664735317230225,-7.1405792236328125,-7.403153896331787,-8.203685760498047,-8.795185089111328,-6.518068790435791,-8.546494483947754,-8.280577659606934,0.27095961570739746,0.21041230857372284,0.239632710814476,0.24880552291870117,0.30055350065231323,0.2845190465450287,,0.6442430019378662,,,0.6401463747024536,0.6057775020599365,,0.6411169767379761,0.40488147735595703,-0.11773096770048141,-0.1108250692486763,-0.057415686547756195,-0.04422193020582199,0.02721470408141613,0.17870305478572845,,0.2230551838874817,,,0.19191484153270721,0.20034071803092957,,0.196719229221344,0.08200448006391525
P145,25,165,79.487023673438,17.18391798568653,Other kharif crop,high,"clear green-up, no flooding",0.79,10-23,10,08-12,,-16.36935806274414,-19.82943344116211,-12.249468803405762,-16.165931701660156,-14.820463180541992,-13.052748680114746,-18.835872650146484,-19.04731559753418,-19.2020320892334,-17.839048385620117,-17.41724395751953,-13.148101806640625,-15.842545509338379,-14.788361549377441,-18.376903533935547,-9.227335929870605,-8.843753814697266,-4.9233012199401855,-9.307458877563477,-3.695305347442627,-7.361052989959717,-11.586225509643555,-12.841557502746582,-13.03197193145752,-10.235509872436523,-10.71772289276123,-9.07022762298584,-3.8734958171844482,-9.711543083190918,-7.065486431121826,0.20947027206420898,0.18229085206985474,0.21736232936382294,0.14508822560310364,,,,0.4007435441017151,,0.6804130673408508,0.7800240516662598,,0.7865330576896667,0.6537744402885437,0.4433233439922333,-0.165089413523674,-0.1876223087310791,0.007411202881485224,-0.058041609823703766,,,,0.22258934378623962,,0.296703577041626,0.31470441818237305,,0.24330586194992065,0.20366138219833374,0.13117800652980804
P146,25,165,79.48001681422187,17.1340614874179,Review,low,radar dip but optical shows dry soil soon after,0.78,11-04,9,"07-07, 11-04",,-21.858945846557617,-19.981943130493164,-17.813377380371094,-23.217750549316406,-17.590938568115234,-14.569066047668457,-11.259117126464844,-12.425935745239258,-14.82651138305664,-12.569621086120605,-10.606709480285645,-15.233726501464844,-12.114904403686523,-18.73025131225586,-15.88408374786377,-8.260618209838867,-10.825572967529297,1.2655903100967407,-7.908729076385498,4.2896809577941895,-0.26034772396087646,-3.0324063301086426,-5.689854621887207,-3.898226022720337,-4.599318504333496,-6.036470413208008,-4.400625705718994,-4.729257106781006,-5.854511260986328,-7.644219398498535,0.15306028723716736,0.13790613412857056,,0.18894526362419128,,0.4102212190628052,,0.6264593005180359,,,0.6934483051300049,,0.746127188205719,0.7819243669509888,0.711980402469635,-0.23974090814590454,-0.19851833581924438,,-0.029349874705076218,,0.08010571449995041,,0.30269715189933777,,,0.17373549938201904,,0.21786069869995117,0.24013161659240723,0.1891777515411377
P147,25,92,79.52933432332003,17.11573585562186,Review,low,optical flood signal without a radar dip-and-rise,0.78,09-29,11,06-25,07-31,-17.693313598632812,-11.745346069335938,-19.23604965209961,-18.1937198638916,-16.18303108215332,-20.876596450805664,-20.79518699645996,-18.899723052978516,-14.723556518554688,-17.588315963745117,,-16.42729949951172,-14.002581596374512,,-17.204660415649414,-7.883779525756836,-8.105981826782227,-8.649499893188477,-7.494481563568115,-7.0822649002075195,-13.562585830688477,-10.897481918334961,-7.333559513092041,-10.877093315124512,-12.38844108581543,,-9.467317581176758,-8.629709243774414,,-11.753280639648438,0.355762243270874,0.34835535287857056,,0.16561061143875122,0.19713523983955383,0.18452313542366028,,0.5696371793746948,,0.7213587760925293,0.7842669486999512,,0.7141697406768799,0.5725619792938232,0.3043786883354187,-0.04321620613336563,-0.06566642224788666,,-0.0405818372964859,-0.01641761139035225,0.2650585472583771,,0.21895328164100647,,0.3020521402359009,0.29932481050491333,,0.243581622838974,0.17427463829517365,-0.04008189216256142
P148,25,92,79.57676537032154,17.089325386268747,Review,low,already green in June: orchard or perennial?,0.78,09-29,9,,,-16.401601791381836,-14.486093521118164,-15.228789329528809,-16.225404739379883,-18.020790100097656,-16.83456802368164,-19.067502975463867,-20.831811904907227,-16.78556251525879,-13.25920581817627,,-14.077985763549805,-13.227477073669434,,-14.228760719299316,-10.122136116027832,-8.266257286071777,-6.158736705780029,-8.468562126159668,-7.272708892822266,-8.017414093017578,-10.828094482421875,-9.111615180969238,-8.213871002197266,-8.927019119262695,,-8.740735054016113,-12.871057510375977,,-9.485743522644043,0.5513391494750977,0.5536258816719055,,0.1761869490146637,,,,,,0.7725351452827454,0.7842674255371094,0.7160030603408813,0.6435571312904358,0.5551595687866211,0.31637245416641235,0.06576231867074966,0.06407088041305542,,0.018777409568428993,,,,,,0.3830929696559906,0.36247512698173523,0.4249117374420166,0.28969430923461914,0.20003315806388855,-0.05286767706274986
P149,25,165,79.49564750016555,17.172599213106626,Other kharif crop,high,"clear green-up, no flooding",0.77,09-29,9,07-07,,-25.373308181762695,-16.264480590820312,-14.85641860961914,-19.949535369873047,-18.221904754638672,-16.51316261291504,-16.352262496948242,-14.65903091430664,-16.26520538330078,-15.254770278930664,-17.721805572509766,-13.72186279296875,-15.7593994140625,-18.064245223999023,-17.47197914123535,-11.099695205688477,-7.403992176055908,-7.528149127960205,-8.505020141601562,-12.003738403320312,-11.83421516418457,-10.29079532623291,-8.813200950622559,-11.105813026428223,-6.975044250488281,-9.152886390686035,-7.071409702301025,-8.289525985717773,-9.398721694946289,-7.9273681640625,0.15477803349494934,0.2580322027206421,0.22488099336624146,0.19679279625415802,,,,0.5393821597099304,,,0.7671992778778076,,0.2973751425743103,0.3021952509880066,0.25457218289375305,-0.09379048645496368,-0.10255101323127747,0.09294629842042923,0.017357511445879936,,,,0.2787570059299469,,,0.34916770458221436,,-0.013392477296292782,-0.08801734447479248,-0.11846545338630676
P150,25,165,79.48190327631852,17.138373400781674,Other kharif crop,high,"clear green-up, no flooding",0.67,08-24,9,,,-17.465957641601562,-19.951662063598633,-15.191629409790039,-21.445188522338867,-16.931638717651367,-14.284457206726074,-17.125732421875,-16.52730941772461,-14.178178787231445,-13.6556396484375,-14.406779289245605,-16.41327667236328,-15.409990310668945,-16.644649505615234,-15.009318351745605,-7.386319160461426,-10.927355766296387,-8.055444717407227,-7.047337055206299,-1.1250262260437012,-5.750593185424805,-7.180177688598633,-1.1209977865219116,-7.009590148925781,-4.112478256225586,-5.5327677726745605,-8.470311164855957,-5.58504581451416,-7.089267253875732,-11.088022232055664,0.21579426527023315,0.04574853926897049,,0.2726770341396332,,0.5486726760864258,,0.674808919429779,,,0.6276617050170898,,0.32181474566459656,0.3436952233314514,0.3004869520664215,-0.07578317075967789,-0.03201954811811447,,0.16400274634361267,,0.2257179617881775,,0.3481115698814392,,,0.2919483780860901,,0.2880208492279053,0.17650467157363892,0.37246179580688477
P151,26,92,79.94139154414566,16.97317322003209,Paddy,high,radar dip-and-rise + optical flood within 3 weeks,0.76,10-23,10,08-24,07-31,-14.871491432189941,-14.876202583312988,-9.823465347290039,-11.039410591125488,-13.13101577758789,-12.688940048217773,-15.97781753540039,-24.249996185302734,-23.14324378967285,-18.879545211791992,,-13.27657413482666,-15.274093627929688,,-14.69528579711914,-8.333887100219727,-8.715579986572266,-4.980691909790039,-7.597880840301514,-7.705278396606445,-11.113999366760254,-12.152205467224121,-13.645573616027832,-10.046929359436035,-8.744234085083008,,-10.40186595916748,-9.301279067993164,,-12.381028175354004,0.6570821404457092,0.5227166414260864,,0.43650591373443604,,0.3048349916934967,,0.2792775630950928,,0.6190773248672485,0.7428385019302368,,0.7612756490707397,0.7275539040565491,0.6519349217414856,0.15401525795459747,0.10795406252145767,,0.16424673795700073,,0.2648375630378723,,0.22620311379432678,,0.3719223439693451,0.33020544052124023,,0.3862420916557312,0.3675588071346283,0.3005260229110718
P152,26,92,80.02304840347212,17.03192303961351,Paddy,high,radar dip-and-rise + optical flood within 3 weeks,0.83,09-29,9,07-19,"07-07, 07-31",-16.429380416870117,-16.01146697998047,-13.714653015136719,-18.630542755126953,-23.363428115844727,-17.55535125732422,-21.702505111694336,-15.683667182922363,-13.14991569519043,-16.007644653320312,,-17.051584243774414,-14.432777404785156,,-15.682208061218262,-7.969328880310059,-10.749635696411133,-8.838655471801758,-10.219888687133789,-12.55575180053711,-11.235824584960938,-12.06569766998291,-5.988776683807373,-8.501286506652832,-8.235245704650879,,-9.295315742492676,-8.627313613891602,,-5.8865275382995605,0.5395562648773193,0.6293540596961975,,0.10308907181024551,,0.2900126278400421,,0.4567100405693054,,,0.8253933191299438,,0.5980603694915771,0.308906614780426,0.23492051661014557,0.1660863161087036,0.10850750654935837,,0.13832837343215942,,0.39800238609313965,,0.2552662491798401,,,0.3800012469291687,,0.27169835567474365,-0.010687020607292652,0.003653600811958313
P153,26,92,79.90824371016164,16.91334542210973,Other kharif crop,high,"clear green-up, no flooding",0.85,09-17,11,,,-16.286230087280273,-14.752974510192871,-15.834016799926758,-17.646272659301758,-12.699260711669922,-17.097122192382812,-17.195838928222656,-17.13992691040039,-16.3962345123291,-14.83802604675293,,-16.520639419555664,-15.182304382324219,,-18.993574142456055,-11.296926498413086,-8.235344886779785,-10.248330116271973,-9.6705961227417,-10.012420654296875,-10.132762908935547,-10.627908706665039,-9.55436897277832,-10.00538444519043,-8.583373069763184,,-8.695038795471191,-8.885385513305664,,-10.506204605102539,0.38686612248420715,0.31773263216018677,,0.24617795646190643,,0.17722481489181519,,0.543644905090332,0.6123055219650269,0.8503852486610413,0.7838062047958374,,0.5716701149940491,0.658759593963623,0.48361390829086304,-0.030112162232398987,-0.0864643082022667,,-0.09427276253700256,,0.06569938361644745,,0.22014513611793518,0.3183484673500061,0.27865421772003174,0.3207245469093323,,0.3197297751903534,0.24232842028141022,0.1213206797838211
P154,26,92,79.96052565969741,16.942989826485675,Paddy,high,radar dip-and-rise + optical flood within 3 weeks,0.9,09-29,9,08-12,07-31,-17.935810089111328,-16.021013259887695,-14.935441970825195,-16.616374969482422,-14.852445602416992,-19.225873947143555,-21.700899124145508,-17.70151710510254,-18.45014190673828,-15.22904109954834,,-16.465124130249023,-13.506186485290527,,-16.30584144592285,-12.504120826721191,-9.609230041503906,-9.083303451538086,-8.548108100891113,-5.421168804168701,-12.993104934692383,-9.144219398498535,-8.841070175170898,-9.724206924438477,-11.613494873046875,,-11.929116249084473,-10.186487197875977,,-10.493762016296387,0.4750537872314453,0.4328744113445282,,0.34112250804901123,,0.15253223478794098,,0.5556080341339111,,,0.9018286466598511,,0.7409936189651489,0.6148669123649597,0.3753836154937744,-0.021301310509443283,0.01821494661271572,,-0.06927693635225296,,0.15553778409957886,,0.265545129776001,,,0.40464848279953003,,0.38397371768951416,0.26107147336006165,0.08145071566104889
P155,26,92,79.92845580405434,16.979371595492516,Review,low,optical flood signal without a radar dip-and-rise,0.89,09-17,11,07-31,07-31,-15.429093360900879,-15.05099105834961,-19.040700912475586,-16.91913604736328,-13.376370429992676,-19.514747619628906,-17.46221351623535,-16.473674774169922,-18.288990020751953,-19.108335494995117,,-17.56540298461914,-14.492637634277344,,-14.030200958251953,-10.238645553588867,-10.945357322692871,-7.902392387390137,-7.7026190757751465,-4.594974994659424,-12.762150764465332,-9.37295913696289,-10.324917793273926,-10.605267524719238,-10.272451400756836,,-9.92990493774414,-6.971274375915527,,-11.037397384643555,0.4462108910083771,0.4364286959171295,,0.20565995573997498,,0.1393273025751114,,0.6310216784477234,,0.8871832489967346,0.8453546762466431,0.7079099416732788,0.6704411506652832,0.634367048740387,0.3038787543773651,0.009934898465871811,0.0448450930416584,,0.054850585758686066,,0.21529734134674072,,0.3028513193130493,,0.3858506977558136,0.3479696214199066,0.4196605086326599,0.39936280250549316,0.26105889678001404,-0.09387706965208054
P156,26,92,79.98963107490287,16.96886130666832,Review,low,optical flood signal without a radar dip-and-rise,0.84,09-29,12,07-31,07-31,-22.665985107421875,-15.470357894897461,-17.354839324951172,-15.41940975189209,-12.932687759399414,-20.42734718322754,-17.945568084716797,-17.85781478881836,-17.0958309173584,-20.13254737854004,,-19.313188552856445,-14.565471649169922,,-15.20218563079834,-11.270857810974121,-9.825037002563477,-12.662470817565918,-7.575749397277832,-4.631712913513184,-13.205928802490234,-8.003453254699707,-8.178126335144043,-7.856898307800293,-11.852557182312012,,-10.39450740814209,-7.912898063659668,,-10.982561111450195,0.4958008825778961,0.42736294865608215,,0.37100648880004883,,0.1770177036523819,0.524828314781189,0.606921911239624,0.6889812350273132,0.8248825669288635,0.8411195874214172,,0.7077494859695435,0.6030014157295227,0.3467586040496826,-0.026334144175052643,0.005390687845647335,,-0.06196281686425209,,0.37744832038879395,0.25329115986824036,0.2960559129714966,0.4003196954727173,0.3682795464992523,0.36342594027519226,,0.3444313704967499,0.23643635213375092,-0.014378875494003296
P157,27,165,78.74780002613605,17.650952101900273,Review,low,already green in June: orchard or perennial?,0.62,08-24,9,,,-14.188182830810547,-15.975627899169922,-14.051459312438965,-16.518844604492188,-13.794490814208984,-16.071243286132812,-12.080322265625,-14.413840293884277,-11.366548538208008,-16.758262634277344,-17.882841110229492,-16.5457706451416,-16.73444938659668,-20.625473022460938,-15.540895462036133,-9.358738899230957,-9.46243667602539,-6.033138275146484,-9.872008323669434,-9.053784370422363,-8.23729419708252,-9.86855697631836,-8.76566219329834,-7.966563701629639,-6.882278919219971,-7.974912643432617,-11.304938316345215,-9.36121654510498,-8.091519355773926,-10.010883331298828,0.4330219030380249,0.5009387731552124,,0.3931502103805542,,0.3171578049659729,,0.6188578605651855,,,0.3750900328159332,0.4223284125328064,,0.323888897895813,0.29618310928344727,0.0427413210272789,0.08886665105819702,,0.050313107669353485,,0.17748332023620605,,0.09614911675453186,,,0.0018336041830480099,-0.03203046694397926,,-0.10246963798999786,-0.08292806893587112
P158,27,165,78.87634894329355,17.669547228281544,Review,low,already green in June: orchard or perennial?,0.7,09-29,11,,,-16.991477966308594,-19.128276824951172,-16.33957862854004,-18.23859977722168,-12.759382247924805,-14.096360206604004,-12.670724868774414,-12.635565757751465,-14.648926734924316,-15.936230659484863,-14.167736053466797,-16.791202545166016,-15.296564102172852,-15.80638313293457,-13.944596290588379,-12.686691284179688,-13.22689437866211,-10.113633155822754,-10.599469184875488,-12.136969566345215,-7.820164680480957,-8.155547142028809,-10.13939094543457,-6.612377166748047,-8.136459350585938,-11.7318754196167,-8.826677322387695,-8.945063591003418,-12.026135444641113,-11.180782318115234,0.5308396816253662,0.38644567131996155,0.5128394961357117,0.3316197693347931,,0.5038977861404419,,0.6759086847305298,,0.6665729880332947,0.6993778944015503,0.48093366622924805,,0.6058225631713867,0.5070208311080933,0.038794681429862976,-0.056202612817287445,0.07833769917488098,0.009630645625293255,,0.1355132758617401,,0.20924702286720276,,0.20874330401420593,0.22204306721687317,0.21024687588214874,,0.07469809055328369,0.02492496185004711
P159,27,165,78.86799461115125,17.6399028239056,Paddy,high,radar dip-and-rise + optical flood within 3 weeks,0.86,09-29,11,07-07,06-25,-16.1502742767334,-17.36942481994629,-18.012056350708008,-23.550668716430664,-20.629253387451172,-20.030935287475586,-16.460023880004883,-15.111410140991211,-14.855218887329102,-15.800225257873535,-13.817536354064941,-14.031885147094727,-15.408331871032715,-12.781228065490723,-14.29936408996582,-8.376299858093262,-10.79104232788086,-14.675801277160645,-17.66478729248047,-10.997918128967285,-9.4993257522583,-9.91153621673584,-7.412126064300537,-9.077049255371094,-9.760154724121094,-10.697671890258789,-9.549761772155762,-10.582602500915527,-8.76552677154541,-6.870424747467041,0.38508039712905884,0.36291077733039856,0.1561521738767624,0.19636951386928558,,,,0.7629516124725342,,0.7081982493400574,0.8594928979873657,0.6054102778434753,0.3329704701900482,0.2879140377044678,0.2612900733947754,-0.04953958839178085,0.019038530066609383,0.14034990966320038,0.10218769311904907,,,,0.3007045388221741,,0.3431059420108795,0.32826632261276245,0.27522599697113037,0.08033915609121323,-0.12090935558080673,-0.14545246958732605
P160,27,165,78.78175634387577,17.647448672292207,Review,low,already green in June: orchard or perennial?,0.68,09-29,11,,,-13.070714950561523,-13.125652313232422,-15.539596557617188,-15.921881675720215,-13.743940353393555,-13.766596794128418,-13.468256950378418,-15.233975410461426,-14.304485321044922,-15.740914344787598,-14.930949211120605,-15.94626235961914,-14.707488059997559,-14.808527946472168,-16.38473892211914,-10.399785041809082,-10.23259162902832,-6.631990909576416,-9.62862777709961,-8.546294212341309,-7.113732814788818,-9.66127872467041,-7.505201816558838,-9.207987785339355,-7.409351348876953,-8.655261039733887,-10.590296745300293,-7.317139148712158,-6.875195503234863,-10.707915306091309,0.5299842357635498,0.4401901960372925,,0.4640967547893524,0.3739204406738281,0.31049010157585144,,0.4491596221923828,,0.4756525158882141,0.6841529607772827,0.6526672840118408,,0.6579092144966125,0.4196217954158783,0.09495299309492111,0.02861621230840683,,0.08251110464334488,0.09666375070810318,0.1908268928527832,,0.14989355206489563,,0.19614435732364655,0.21437188982963562,0.18756535649299622,,0.12448734045028687,0.0773889422416687
P161,27,165,78.8248754775135,17.63666888888277,Review,low,radar dip but optical shows dry soil soon after,0.81,09-29,9,"07-19, 11-16",,-19.60687828063965,-17.127824783325195,-14.355552673339844,-16.219911575317383,-22.983625411987305,-20.897550582885742,-20.967775344848633,-18.123849868774414,-18.356014251708984,-15.683234214782715,-16.51141357421875,-14.27143669128418,-13.858474731445312,-15.821592330932617,-21.050153732299805,-10.175728797912598,-11.380861282348633,-9.45345687866211,-9.876357078552246,-14.88280200958252,-14.563669204711914,-10.220202445983887,-9.394927978515625,-7.64421272277832,-8.870448112487793,-8.621935844421387,-11.390210151672363,-9.287079811096191,-8.737632751464844,-9.382164001464844,0.31885290145874023,,0.4129801392555237,0.3308582901954651,,0.2816811800003052,,0.4985479414463043,,,0.808574914932251,0.6668593883514404,,0.44173598289489746,0.26764053106307983,-0.08500586450099945,,0.057316429913043976,0.08364614844322205,,0.22861452400684357,,0.3193856477737427,,,0.26945656538009644,0.3332624137401581,,-0.018897954374551773,-0.11587950587272644
P162,27,165,78.8706895570036,17.719942715720652,Other kharif crop,high,"clear green-up, no flooding",0.79,09-29,11,07-07,,-16.198144912719727,-15.369277954101562,-13.107918739318848,-18.407752990722656,-19.652496337890625,-18.5251522064209,-16.23261070251465,-16.13734245300293,-16.827190399169922,-17.396697998046875,-14.047303199768066,-12.254921913146973,-13.356745719909668,-14.661450386047363,-14.803933143615723,-12.517656326293945,-6.38649845123291,-7.366390228271484,-10.469074249267578,-11.389670372009277,-12.294075012207031,-6.441781997680664,-4.943216800689697,-6.057854175567627,-7.311511993408203,-9.631686210632324,-8.279319763183594,-8.792734146118164,-11.075942039489746,-10.605368614196777,0.21651144325733185,0.18955880403518677,0.2883322536945343,0.2445555180311203,,0.3613972067832947,,0.620924174785614,0.5955384373664856,,0.7866235971450806,0.6110329031944275,,0.548484742641449,0.4479641616344452,-0.15284478664398193,-0.16518813371658325,0.009157476015388966,0.084205761551857,,0.24594780802726746,,0.27707332372665405,0.3425983190536499,,0.3383931517601013,0.27714529633522034,,0.11342229694128036,0.003818025579676032
P163,28,165,78.91057475561851,16.967244339156903,Review,low,already green in June: orchard or perennial?,0.67,11-04,9,,,-13.97731876373291,-14.71777629852295,-11.616637229919434,-15.857442855834961,-14.14391040802002,-13.064278602600098,-14.742301940917969,-15.011581420898438,-15.55179214477539,-16.093456268310547,-12.274809837341309,-15.72004222869873,-12.73764705657959,-15.731710433959961,-14.543448448181152,-9.163872718811035,-8.382288932800293,-8.000802040100098,-7.523667335510254,-7.676780700683594,-5.666919708251953,-10.683246612548828,-9.413676261901855,-5.486838340759277,-7.486783981323242,-7.646399974822998,-8.783882141113281,-7.519900321960449,-7.893484115600586,-8.572723388671875,0.5498026609420776,0.5584102272987366,,0.30798399448394775,,0.40448322892189026,,0.5070244669914246,,,0.626231849193573,,0.532951295375824,0.6725836396217346,0.5961015224456787,0.033685073256492615,0.11830369383096695,,0.12078820914030075,,0.08939531445503235,,0.16600382328033447,,,0.2266608625650406,,0.2449842393398285,0.21904627978801727,0.18163256347179413
P164,28,165,78.78472078431336,16.968591812083083,Other kharif crop,medium,"moderate green-up, no flooding",0.48,09-29,13,"08-24, 10-11, 10-23",,-17.967859268188477,-19.247257232666016,-16.949485778808594,-17.492023468017578,-14.422621726989746,-13.378582000732422,-14.344651222229004,-18.721200942993164,-15.02462387084961,-15.060197830200195,-12.811437606811523,-18.049501419067383,-21.125526428222656,-20.094554901123047,-17.41008186340332,-7.301464080810547,-7.388872146606445,-7.000799179077148,-9.283077239990234,-7.116701602935791,-3.7931876182556152,-6.332914352416992,-6.049465179443359,-5.175786018371582,-5.896420001983643,-7.899106979370117,-7.934046745300293,-10.535660743713379,-10.718584060668945,-11.357358932495117,0.2648293972015381,0.3770731985569,0.3493989109992981,0.23192621767520905,0.37845414876937866,0.34910261631011963,0.3639446198940277,0.42249539494514465,,0.4374389052391052,0.475214421749115,0.2891750633716583,,0.2603916823863983,0.2746163010597229,-0.018402457237243652,0.09385545551776886,0.09493622928857803,0.07671443372964859,0.09729854017496109,0.19977536797523499,0.2975265383720398,0.13340933620929718,,0.2429763376712799,0.13528601825237274,0.0024393959902226925,,-0.026506060734391212,-0.023493198677897453
P165,28,165,78.94695652462535,16.9882649168053,Other kharif crop,high,"clear green-up, no flooding",0.72,10-11,10,,,-16.867111206054688,-16.334318161010742,-15.800446510314941,-18.63076400756836,-17.349164962768555,-20.035907745361328,-17.24497413635254,-18.846435546875,-14.960078239440918,-15.176634788513184,-12.168496131896973,-12.937262535095215,-15.865691184997559,-14.5668306350708,-16.40814971923828,-9.330060958862305,-10.072592735290527,-5.65713357925415,-6.646908760070801,-7.286436080932617,-5.573605060577393,-6.513881206512451,-7.342957496643066,-9.175482749938965,-5.760227680206299,-7.064600467681885,-8.509307861328125,-9.764559745788574,-8.461219787597656,-9.772947311401367,0.28317469358444214,0.21836340427398682,0.21331243216991425,0.15646982192993164,,0.1757713258266449,,0.4073921740055084,,,0.6453484296798706,0.721360981464386,,0.5694627165794373,0.4044140577316284,-0.03677700459957123,-0.05941823497414589,-0.006214596331119537,0.07436997443437576,,0.0902850478887558,,0.21000263094902039,,,0.30612441897392273,0.38445109128952026,,0.1971864253282547,0.08532564342021942
P166,28,165,78.87257601910025,16.927089645956762,Other kharif crop,high,"clear green-up, no flooding",0.69,08-24,9,,,-20.804128646850586,-22.247434616088867,-15.459634780883789,-19.614107131958008,-13.275815963745117,-16.364957809448242,-11.420689582824707,-13.972427368164062,-12.604148864746094,-12.701523780822754,-12.993307113647461,-12.376084327697754,-16.296005249023438,-17.302692413330078,-16.476503372192383,-10.216050148010254,-10.412446975708008,-4.936482906341553,-8.71504020690918,-6.043237209320068,-7.1775970458984375,-4.741275787353516,-5.007561206817627,-3.245177984237671,-4.415684223175049,-6.350471496582031,-6.620113372802734,-5.4153313636779785,-7.375909328460693,-9.150238037109375,0.11645782738924026,0.05349978059530258,0.16967469453811646,0.23875565826892853,,0.5006328225135803,,0.6883957386016846,,,0.5171905755996704,,,0.5424796342849731,0.555587649345398,-0.25043782591819763,-0.18221868574619293,-0.06091337651014328,-0.07394833862781525,,0.17788302898406982,,0.2935987412929535,,,-0.0030618205200880766,,,0.030599519610404968,0.041642311960458755
P167,28,165,78.89278811299295,17.02464668581214,Review,low,optical flood signal without a radar dip-and-rise,0.68,09-29,11,06-13,08-12,-13.87311840057373,-19.035053253173828,-19.64374542236328,-20.982942581176758,-22.406208038330078,-20.129716873168945,-19.499149322509766,-18.478179931640625,-15.94470500946045,-16.599857330322266,-16.251436233520508,-13.6327486038208,-14.490710258483887,-16.235071182250977,-16.771953582763672,-4.049672603607178,-10.49706745147705,-12.244296073913574,-15.213433265686035,-12.045990943908691,-12.834403038024902,-11.091377258300781,-8.95600700378418,-9.92628002166748,-7.4936652183532715,-7.587837219238281,-10.320778846740723,-7.035677909851074,-8.880792617797852,-7.410028457641602,0.19137844443321228,0.29284942150115967,0.24657751619815826,0.2470492422580719,,,0.3565095067024231,0.6078640818595886,0.42688116431236267,,0.6847010850906372,,0.462155818939209,0.3708661198616028,0.2972049117088318,-0.15532034635543823,0.0062028635293245316,0.07419005036354065,0.09392666071653366,,,0.3539997935295105,0.2667308449745178,0.31338581442832947,,0.2417321503162384,,0.20380151271820068,-0.055401623249053955,-0.09563183039426804
P168,28,165,78.89359659674865,17.006051559430865,Review,low,radar dip but optical shows dry soil soon after,0.72,09-29,9,06-13,,-15.659870147705078,-23.36151885986328,-16.321670532226562,-18.124858856201172,-15.668228149414062,-14.190670013427734,-14.872217178344727,-14.326902389526367,-11.526384353637695,-11.008515357971191,-12.165621757507324,-14.817975044250488,-14.925108909606934,-14.215777397155762,-15.285862922668457,-1.1192326545715332,-10.012864112854004,-5.551671028137207,-8.21121597290039,-6.40317964553833,-6.346375942230225,-5.319333553314209,-5.983998775482178,-6.217590808868408,-6.740132808685303,-8.143019676208496,-8.012940406799316,-6.34063720703125,-5.853977203369141,-8.434502601623535,0.1599234789609909,,0.14364516735076904,0.19001132249832153,,,,0.6810643672943115,,,0.7169011235237122,0.643821656703949,0.5536962151527405,0.6561229228973389,0.6030967235565186,-0.2078537791967392,,-0.08431018143892288,-0.003103239694610238,,,,0.27717360854148865,,,0.2331286072731018,0.1670936495065689,0.20357230305671692,0.12756526470184326,0.0925413966178894
P169,29,92,79.91336410728113,16.729550114978878,Review,low,radar dip but optical shows dry soil soon after,0.78,11-16,9,06-25,,-21.852975845336914,-21.489578247070312,-27.34286880493164,-22.646469116210938,-20.514923095703125,-20.97269058227539,-20.021812438964844,-17.710641860961914,-18.80628204345703,-18.558822631835938,,-16.40035057067871,-15.175655364990234,,-12.704056739807129,-11.286711692810059,-11.413984298706055,-12.220125198364258,-13.705450057983398,-9.465161323547363,-10.460739135742188,-14.4850435256958,-4.914540767669678,-11.28691291809082,-9.77095890045166,,-9.11025333404541,-5.051494598388672,,-8.181265830993652,0.10470744967460632,,0.0961812436580658,0.1484519988298416,,0.08752088248729706,,0.33771389722824097,,,0.3350321650505066,0.4681144058704376,,0.6568252444267273,0.7762981653213501,-0.1810743510723114,,-0.1437743753194809,-0.2085852473974228,,-0.12399691343307495,,0.07862643897533417,,,-0.012362228706479073,0.0031905274372547865,,0.18304264545440674,0.27973487973213196
P170,29,92,79.75840472077051,16.811745963475815,Other kharif crop,high,"clear green-up, no flooding",0.91,09-17,11,,,-18.824691772460938,-18.073078155517578,-16.242034912109375,-17.884124755859375,-20.604820251464844,-16.94753646850586,-18.964588165283203,-20.274173736572266,-17.2900390625,-16.881601333618164,,-16.520729064941406,-15.001058578491211,,-14.628046035766602,-12.998781204223633,-11.237628936767578,-10.529848098754883,-11.105611801147461,-10.83732795715332,-8.638547897338867,-9.559612274169922,-7.217334270477295,-7.225344657897949,-8.573335647583008,,-10.625555038452148,-10.932661056518555,,-6.30047607421875,0.193797767162323,0.1656065285205841,0.08388972282409668,0.12195044010877609,,0.13256403803825378,,0.5514252185821533,0.7761518359184265,0.9085755348205566,0.8518868088722229,,,0.7154438495635986,0.317796915769577,-0.10594838857650757,-0.03988960012793541,-0.0548197478055954,-0.21317841112613678,,0.0008850162266753614,,0.2912096679210663,0.3718973398208618,0.38185563683509827,0.39991793036460876,,,0.39452868700027466,0.07669776678085327
P171,29,92,79.87698233827429,16.755691089746758,Other kharif crop,high,"clear green-up, no flooding",0.82,09-29,10,,,-20.33330535888672,-19.322532653808594,-20.43214225769043,-19.668210983276367,-20.712085723876953,-20.916345596313477,-16.035558700561523,-14.201589584350586,-15.314193725585938,-15.934996604919434,,-13.08716106414795,-11.869455337524414,,-14.257081985473633,-13.633007049560547,-13.870179176330566,-10.71142578125,-10.579960823059082,-12.019970893859863,-9.271207809448242,-9.690141677856445,-4.438573837280273,-5.850747585296631,-5.11551570892334,,-6.516506195068359,-3.1028623580932617,,-7.238829612731934,0.19390836358070374,0.11470190435647964,0.12307371944189072,0.1680777370929718,,0.23013731837272644,,0.5259630680084229,,,0.8188538551330566,0.8141248226165771,,0.7421032190322876,0.7224946618080139,-0.15163756906986237,-0.23653152585029602,-0.09769651293754578,-0.22320884466171265,,-0.024202223867177963,,0.20365369319915771,,,0.3143368363380432,0.34174686670303345,,0.17883101105690002,0.16542331874370575
P172,29,92,79.81553757284051,16.743833327996377,Other kharif crop,high,"clear green-up, no flooding",0.76,10-23,11,,,-19.50460433959961,-14.270912170410156,-17.68970489501953,-17.082475662231445,-15.801886558532715,-17.70644760131836,-13.484895706176758,-15.664918899536133,-16.924604415893555,-16.049762725830078,,-18.962844848632812,-14.499524116516113,,-16.082664489746094,-11.542559623718262,-10.837121963500977,-12.587030410766602,-10.637999534606934,-7.656336307525635,-8.85464859008789,-10.325372695922852,-12.208452224731445,-12.249044418334961,-8.899994850158691,,-9.239577293395996,-7.727473735809326,,-11.506063461303711,0.22750307619571686,0.18212175369262695,0.1431175321340561,0.13069400191307068,,0.2972985506057739,,0.3062617778778076,,0.7434912323951721,0.6941304206848145,,0.7612724304199219,0.7353649735450745,0.3858887553215027,-0.12406179308891296,-0.017408281564712524,-0.08678406476974487,-0.09016289561986923,,0.13522186875343323,,0.1883438378572464,,0.22093088924884796,0.2986109256744385,,0.36601269245147705,0.3153720200061798,-0.05881397798657417
P173,29,92,79.85326681477353,16.74652827384874,Review,low,radar dip but optical shows dry soil soon after,0.79,09-29,12,08-12,,-20.344282150268555,-19.532655715942383,-15.719995498657227,-18.58695411682129,-11.383312225341797,-18.07462501525879,-24.094511032104492,-24.975162506103516,-13.640119552612305,-19.267332077026367,,-16.20406150817871,-15.814059257507324,,-15.484810829162598,-12.87614631652832,-9.354488372802734,-10.561348915100098,-12.020306587219238,-6.391366004943848,-10.047098159790039,-12.658854484558105,-9.822440147399902,-8.055251121520996,-9.102596282958984,,-12.62674331665039,-9.771385192871094,,-12.843006134033203,0.33292484283447266,0.2180396020412445,0.23766958713531494,0.19355711340904236,,0.2171955108642578,,0.4538520276546478,,0.7621400952339172,0.791183352470398,0.7726148962974548,0.7217215895652771,0.6409077644348145,0.42675361037254333,-0.05584386736154556,-0.0401572659611702,-0.03620623052120209,-0.16736960411071777,,0.028663592413067818,,0.2120310515165329,,0.2733207941055298,0.3007214665412903,0.3148057460784912,0.3518626391887665,0.2409997135400772,0.05842101573944092
P174,29,92,79.80556627318678,16.738173941706425,Review,low,radar dip but optical shows dry soil soon after,0.72,09-29,11,08-24,,-19.628101348876953,-15.058370590209961,-17.229267120361328,-15.899313926696777,-14.50800609588623,-17.649599075317383,-17.339818954467773,-26.809289932250977,-18.718976974487305,-18.327695846557617,,-17.644718170166016,-12.937019348144531,,-16.644956588745117,-11.91487979888916,-10.334417343139648,-9.304332733154297,-9.786962509155273,-8.441622734069824,-10.372758865356445,-9.507574081420898,-15.176331520080566,-12.542451858520508,-10.185859680175781,,-11.40493392944336,-7.222055435180664,,-11.394449234008789,0.3543393313884735,0.1606599986553192,0.37474149465560913,0.30184388160705566,,0.16924242675304413,,0.3081372082233429,,0.7062177658081055,0.7185020446777344,0.604957640171051,,0.6767593026161194,0.38161247968673706,-0.0761987715959549,0.02367805689573288,0.06334633380174637,-0.08145494014024734,,-0.038042958825826645,,0.23347723484039307,,0.3407532870769501,0.35405927896499634,0.31649309396743774,,0.2674166262149811,0.028418809175491333
P175,30,92,79.96861049725447,16.79773224504355,Other kharif crop,high,"clear green-up, no flooding",0.81,10-11,9,,,-19.446958541870117,-21.57299041748047,-19.724637985229492,-19.942453384399414,-16.211048126220703,-17.197052001953125,-15.70197582244873,-14.265385627746582,-15.35838508605957,-16.524089813232422,,-11.82433032989502,-11.947711944580078,,-12.158529281616211,-9.950836181640625,-7.617864608764648,-8.673834800720215,-8.799434661865234,-5.980433464050293,-8.568657875061035,-9.212959289550781,-5.691185474395752,-7.190654754638672,-8.158522605895996,,-5.030547142028809,-5.092830181121826,,-4.737590312957764,0.16670259833335876,0.09753336757421494,,0.1734676957130432,,0.17350177466869354,,0.482731431722641,,,0.7417080998420715,0.811322808265686,,0.7254131436347961,0.6535357236862183,-0.17681686580181122,-0.2271176278591156,,-0.1651020348072052,,-0.06912655383348465,,0.21665485203266144,,,0.2852170467376709,0.34280845522880554,,0.19490545988082886,0.181060791015625
P176,30,92,79.86970598447292,16.822525746885248,Paddy,high,radar dip-and-rise + optical flood within 3 weeks,0.85,09-29,11,07-31,"07-31, 09-05",-14.00097942352295,-12.4004545211792,-13.031272888183594,-12.254119873046875,-14.61318588256836,-25.503538131713867,-21.064294815063477,-20.699697494506836,-18.612483978271484,-14.703542709350586,,-17.5336971282959,-12.748034477233887,,-15.227579116821289,-7.425487995147705,-7.912808418273926,-9.537425994873047,-9.95256233215332,-7.79330587387085,-10.1314697265625,-9.83325481414795,-9.689092636108398,-10.158167839050293,-7.871660232543945,,-10.35265064239502,-7.560432434082031,,-8.992704391479492,0.4620323181152344,0.5768821835517883,0.327117383480072,0.5286924839019775,,0.07443913072347641,,0.5328147411346436,0.42818790674209595,,0.8473328948020935,,0.6855693459510803,0.5908440947532654,0.3989447355270386,0.20653647184371948,0.11552981287240982,0.18048633635044098,0.1606840193271637,,0.19586916267871857,,0.31686556339263916,0.3922145962715149,,0.3896868824958801,,0.34182193875312805,0.22229483723640442,0.00460489047691226
P177,30,92,79.87132295198434,16.8492057108236,Other kharif crop,high,"clear green-up, no flooding",0.79,11-04,11,,,-15.398584365844727,-15.786879539489746,-16.230880737304688,-18.36963653564453,-13.492526054382324,-16.16282081604004,-18.018924713134766,-19.72079086303711,-20.113632202148438,-14.092317581176758,,-17.824905395507812,-13.961088180541992,,-14.269815444946289,-9.03320026397705,-9.752080917358398,-8.406292915344238,-7.110472202301025,-7.939441680908203,-10.731230735778809,-10.01296329498291,-8.48371696472168,-8.324976921081543,-5.346970081329346,,-7.459356307983398,-8.90273666381836,,-10.144218444824219,0.41575098037719727,0.3692968189716339,,0.2908704876899719,,0.1265452802181244,,0.4106016159057617,0.48395320773124695,0.6638975739479065,0.7177318930625916,,0.7609090805053711,0.7853368520736694,0.5328404307365417,-0.028652168810367584,-0.01856878213584423,,-0.08860261738300323,,0.015713201835751534,,0.2090667486190796,0.37585386633872986,0.30370277166366577,0.2884308397769928,,0.38810646533966064,0.37691235542297363,0.26227477192878723
P178,30,92,79.95540526257793,16.86456690218204,Paddy,high,radar dip-and-rise + optical flood within 3 weeks,0.81,09-17,11,"07-19, 07-31, 10-11",07-31,-19.03940773010254,-13.643796920776367,-13.125255584716797,-16.89030647277832,-21.727060317993164,-23.686187744140625,-23.980037689208984,-15.983402252197266,-20.795654296875,-14.245189666748047,,-19.194814682006836,-13.466682434082031,,-16.42473793029785,-13.227334022521973,-7.783933639526367,-8.829996109008789,-6.992448329925537,-14.401693344116211,-16.58604621887207,-15.348145484924316,-10.305200576782227,-10.60805606842041,-11.596095085144043,,-8.997651100158691,-7.318882942199707,,-9.919902801513672,0.27989935874938965,0.24257612228393555,0.1409180760383606,0.13977742195129395,,0.033607788383960724,0.2703040838241577,0.47870221734046936,,0.8103722333908081,0.8063782453536987,,,0.7145904898643494,0.2914915084838867,-0.07799045741558075,0.10354401171207428,-0.00680574169382453,-0.17789068818092346,,0.1690453439950943,0.19164054095745087,0.2319803088903427,,0.33431410789489746,0.3214896619319916,,,0.3486866354942322,-0.06921880692243576
P179,30,92,79.91902349357109,16.869687299301525,Other kharif crop,high,"clear green-up, no flooding",0.74,09-29,10,,,-17.714414596557617,-18.749191284179688,-16.276081085205078,-19.164884567260742,-16.196094512939453,-20.24531364440918,-20.15406036376953,-19.43708610534668,-17.648540496826172,-16.735576629638672,,-16.572858810424805,-15.548635482788086,,-16.10445785522461,-13.137177467346191,-12.104137420654297,-13.588777542114258,-13.545082092285156,-6.738983631134033,-15.58908748626709,-11.59935188293457,-8.337833404541016,-8.966754913330078,-9.074911117553711,,-8.878439903259277,-8.184600830078125,,-11.106043815612793,0.32472819089889526,0.24265235662460327,0.18424920737743378,0.34284892678260803,,0.14268898963928223,0.32276877760887146,0.4066956043243408,,,0.735834002494812,,,0.6756768226623535,0.5162116885185242,-0.0635547861456871,-0.024395346641540527,0.07477527856826782,-0.0454285629093647,,0.04696444422006607,0.20409482717514038,0.22489896416664124,,,0.285308837890625,,,0.2981153428554535,0.1476851850748062
P180,30,92,79.94570345750944,16.815518887669118,Review,low,radar dip but optical shows dry soil soon after,0.88,09-17,9,"07-07, 07-31",,-16.18503189086914,-20.012619018554688,-16.552593231201172,-25.05866241455078,-16.60932731628418,-25.256372451782227,-21.114755630493164,-18.15080451965332,-16.45850372314453,-18.42201042175293,,-17.050275802612305,-13.64596176147461,,-14.485406875610352,-9.413647651672363,-10.385893821716309,-10.973278045654297,-15.20401668548584,-5.837641716003418,-12.476497650146484,-9.05877685546875,-8.201600074768066,-9.801262855529785,-9.913066864013672,,-10.091826438903809,-9.450515747070312,,-8.982325553894043,0.14418920874595642,0.08800210803747177,0.13017597794532776,0.1345375031232834,,,,0.64332115650177,,0.8806942701339722,0.8481364846229553,,,0.5369480848312378,0.39829543232917786,-0.1519574671983719,-0.15158919990062714,-0.042417120188474655,-0.08980196714401245,,,,0.33075714111328125,,0.3576469123363495,0.37059858441352844,,,0.1647275686264038,0.070119708776474
P181,31,92,79.65006789750569,16.81605787683959,Review,low,radar dip but optical shows dry soil soon after,0.81,09-17,10,"08-12, 08-24",,-22.735679626464844,-17.425716400146484,-16.92451286315918,-16.823566436767578,-12.550074577331543,-16.239612579345703,-23.117450714111328,-25.433597564697266,-19.346355438232422,-16.471282958984375,,-16.76923942565918,-12.932514190673828,,-14.781840324401855,-9.300408363342285,-9.3236665725708,-10.02550983428955,-10.699820518493652,-7.4513044357299805,-9.128532409667969,-13.003918647766113,-11.260673522949219,-9.059165000915527,-11.944954872131348,,-11.328387260437012,-8.952905654907227,,-11.015296936035156,0.210117369890213,0.4929679334163666,0.29182004928588867,0.20126473903656006,,0.16101446747779846,,0.41114944219589233,,0.8075428009033203,0.8025968074798584,,,0.6996174454689026,0.36683353781700134,-0.10998717695474625,0.12498125433921814,-0.039478201419115067,-0.11336745321750641,,0.08507868647575378,,0.2126549631357193,,0.33111003041267395,0.3311821222305298,,,0.32043740153312683,0.00916127860546112
P182,31,92,79.55412782516173,16.84192935702223,Review,low,optical flood signal without a radar dip-and-rise,0.86,09-29,10,,07-31,-16.821535110473633,-16.137592315673828,-18.034183502197266,-18.4493465423584,-15.030963897705078,-19.12841033935547,-19.62343978881836,-18.03672981262207,-15.034120559692383,-18.361879348754883,,-16.64712142944336,-15.226548194885254,,-15.564990043640137,-11.725202560424805,-12.83377456665039,-12.873456001281738,-12.545963287353516,-5.910009860992432,-7.507933139801025,-12.27724838256836,-11.090141296386719,-8.077600479125977,-12.56152057647705,,-9.155815124511719,-8.956204414367676,,-8.226222038269043,0.34632807970046997,0.3600870668888092,0.13742071390151978,0.1154382973909378,,0.11900602281093597,,0.592231035232544,,,0.8561216592788696,,0.7656099796295166,0.5655067563056946,0.3432619571685791,-0.017608365043997765,0.04454103112220764,-0.10358233749866486,-0.11754219233989716,,0.10585830360651016,,0.23517431318759918,,,0.3283943831920624,,0.3292553722858429,0.19515053927898407,0.0009120473987422884
P183,31,92,79.50292385396692,16.870226288471997,Other kharif crop,high,"clear green-up, no flooding",0.83,10-11,11,07-31,,-14.629179000854492,-15.436158180236816,-16.206985473632812,-14.704035758972168,-13.409894943237305,-18.35472869873047,-16.398921966552734,-12.436553001403809,-16.353391647338867,-14.428315162658691,,-13.087096214294434,-13.7108793258667,,-14.322875022888184,-7.102714538574219,-6.906047821044922,-7.305944442749023,-8.287161827087402,-7.78962516784668,-5.909145355224609,-6.418955326080322,-5.602067947387695,-7.685744762420654,-8.896947860717773,,-10.347648620605469,-5.729007244110107,,-9.942842483520508,0.3922784626483917,0.4194844961166382,,0.30471327900886536,,0.35461997985839844,0.4780276119709015,0.537034809589386,,0.6785987019538879,0.7502427697181702,0.8294788599014282,,0.7752009034156799,0.592574417591095,-0.09158827364444733,-0.07607302069664001,,-0.06169719249010086,,0.046653687953948975,0.1313227266073227,0.20716270804405212,,0.3229183554649353,0.3307894170284271,0.35663142800331116,,0.3190387785434723,0.15747010707855225
P184,31,92,79.60667926928272,16.819561306447653,Review,low,radar dip but optical shows dry soil soon after,0.75,09-29,10,"08-12, 11-16",,-20.358850479125977,-19.899330139160156,-18.16421890258789,-16.45979881286621,-13.975507736206055,-17.950435638427734,-22.982025146484375,-19.762723922729492,-17.58381462097168,-18.403654098510742,,-16.57038116455078,-14.96600341796875,,-20.433490753173828,-14.360371589660645,-11.586722373962402,-13.101207733154297,-9.744256973266602,-3.044032573699951,-8.421426773071289,-11.342877388000488,-14.534345626831055,-7.12987756729126,-7.846209526062012,,-9.7368803024292,-7.020049571990967,,-12.084218978881836,0.2343495786190033,0.20963932573795319,0.19885537028312683,0.15680715441703796,,0.13920342922210693,,0.45222756266593933,,0.7458372116088867,0.7476775646209717,,,0.5926510691642761,0.20898741483688354,-0.10505060851573944,-0.04090677946805954,-0.06075615808367729,-0.12544523179531097,,-0.014197256416082382,,0.2534693479537964,,0.2762521505355835,0.308149516582489,,,0.2185123711824417,-0.11722162365913391
P185,31,92,79.60910472054985,16.95376960989511,Paddy,high,radar dip-and-rise + optical flood within 3 weeks,0.85,09-29,9,08-12,07-31,-18.996252059936523,-18.306520462036133,-18.47419548034668,-19.92062759399414,-15.70203685760498,-17.20472526550293,-27.898237228393555,-23.125558853149414,-20.762849807739258,-16.442224502563477,,-18.020917892456055,-13.32786750793457,,-16.218605041503906,-10.647140502929688,-10.398357391357422,-9.478950500488281,-10.138421058654785,-9.49203872680664,-10.78372859954834,-17.713146209716797,-12.810999870300293,-8.86549186706543,-10.281367301940918,,-7.499135494232178,-7.707366943359375,,-7.938594341278076,0.2015092968940735,0.18710766732692719,,0.16468445956707,,0.12274288386106491,,0.4724896550178528,,,0.8525434732437134,,0.5670289993286133,0.7332596778869629,0.38498440384864807,-0.1474488377571106,-0.17017027735710144,,-0.1923101842403412,,0.2429673969745636,,0.3187405467033386,,,0.3656931519508362,,0.313951313495636,0.3540383279323578,-0.0016606077551841736
P186,31,92,79.6109911826465,16.929245602638648,Paddy,high,radar dip-and-rise + optical flood within 3 weeks,0.85,09-17,11,08-12,07-31,-17.63665008544922,-16.179075241088867,-16.85316276550293,-16.597126007080078,-14.059906959533691,-17.70005989074707,-24.62445640563965,-23.7362117767334,-17.822853088378906,-16.038700103759766,,-15.988122940063477,-15.33108901977539,,-13.760489463806152,-11.519835472106934,-6.6849493980407715,-8.275586128234863,-11.525028228759766,-9.28503131866455,-13.846866607666016,-13.483470916748047,-10.569425582885742,-9.463354110717773,-7.208797454833984,,-8.79649543762207,-9.260640144348145,,-10.57009506225586,0.30006977915763855,0.34067630767822266,0.1927376091480255,0.17963045835494995,,0.12817269563674927,,,,0.84926438331604,0.8423086404800415,0.8119889497756958,0.8375928997993469,0.8075696229934692,0.6883902549743652,-0.04645571857690811,-0.02170657366514206,-0.05598200857639313,-0.0595448762178421,,0.11989764124155045,,,,0.30140289664268494,0.32079675793647766,0.39850592613220215,0.42557600140571594,0.412736713886261,0.3177436292171478
P187,32,92,79.73388071351405,17.193619790755022,Paddy,high,radar dip-and-rise + optical flood within 3 weeks,0.66,10-23,11,"06-25, 07-31",08-12,-14.952019691467285,-13.068222045898438,-20.697736740112305,-17.791004180908203,-15.497635841369629,-20.681467056274414,-21.198057174682617,-16.09659194946289,-20.96002197265625,-20.925050735473633,,-14.991374015808105,-15.487607955932617,,-15.3640775680542,-10.089242935180664,-13.471004486083984,-11.357813835144043,-12.5487699508667,-9.63442325592041,-11.078896522521973,-9.726449966430664,-5.608829498291016,-9.927626609802246,-8.055746078491211,,-10.17635726928711,-9.376928329467773,,-8.618060111999512,0.5365257859230042,0.5986828804016113,,0.2451680302619934,,0.11881827563047409,0.09828841686248779,0.21993215382099152,,,0.30358654260635376,0.6031640768051147,0.6632339358329773,0.6590709090232849,0.6513172388076782,0.046229515224695206,0.07871512323617935,,-0.07342363893985748,,-0.05113999918103218,0.0803561583161354,-0.043769873678684235,,,-0.0060745892114937305,0.20345021784305573,0.24944454431533813,0.18634377419948578,0.19792498648166656
P188,32,92,79.86242963067156,17.22110823844908,Other kharif crop,high,"clear green-up, no flooding",0.77,11-04,9,,,-23.69500732421875,-15.544227600097656,-22.215442657470703,-18.14417839050293,-20.202425003051758,-17.208707809448242,-14.554584503173828,-14.245288848876953,-14.795705795288086,-13.885968208312988,,-13.831998825073242,-13.890440940856934,,-11.367618560791016,-10.176606178283691,-6.348072528839111,-12.551345825195312,-11.71650218963623,-10.483026504516602,-11.997909545898438,-7.385672569274902,-7.535838603973389,-7.423544406890869,-6.605717182159424,,-5.627926826477051,-7.561823844909668,,-6.712028503417969,0.2220885455608368,,,0.2168184071779251,,0.13127100467681885,0.27349913120269775,0.47552767395973206,,,0.6410816311836243,0.5925586223602295,,0.76702880859375,0.6949881315231323,-0.2074834108352661,,,-0.03331700339913368,,-0.03676765412092209,0.22243355214595795,0.09089188277721405,,,0.20090316236019135,0.22814957797527313,,0.29952090978622437,0.2724211812019348
P189,32,92,79.83682764507415,17.208980982113466,Other kharif crop,high,"clear green-up, no flooding",0.6,11-16,9,,,-15.649413108825684,-15.076152801513672,-17.269367218017578,-15.933422088623047,-14.095598220825195,-18.10068130493164,-17.173904418945312,-16.740304946899414,-17.998579025268555,-12.45582103729248,,-13.678983688354492,-14.962257385253906,,-16.381187438964844,-5.195735454559326,-0.33308205008506775,-8.460567474365234,-8.892719268798828,-4.2851481437683105,-9.253617286682129,-10.94426441192627,-7.412687301635742,-5.883772373199463,-7.609659194946289,,-9.120410919189453,-7.790928840637207,,-8.548596382141113,0.30205345153808594,,,0.16455796360969543,,0.11894915997982025,,0.35509130358695984,,,0.4145352244377136,0.494427889585495,0.5370094776153564,0.5877338647842407,0.602410078048706,-0.13694724440574646,,,-0.15807561576366425,,0.007840882986783981,,0.0461132638156414,,,0.1304285079240799,0.05514379218220711,0.13626645505428314,0.12823255360126495,0.124092698097229
P190,32,92,79.75867421535575,17.196045242022144,Other kharif crop,high,"clear green-up, no flooding",0.55,10-23,11,07-31,,-19.384309768676758,-14.403603553771973,-17.327739715576172,-15.497383117675781,-15.57448673248291,-19.954137802124023,-17.110443115234375,-16.313621520996094,-18.18661117553711,-16.598215103149414,,-16.502103805541992,-14.401263236999512,,-13.659414291381836,-11.617244720458984,-9.67220687866211,-10.59761905670166,-8.940818786621094,-8.362204551696777,-8.809853553771973,-9.527523040771484,-6.72919225692749,-7.938016891479492,-8.730887413024902,,-6.321194648742676,-6.4391984939575195,,-8.359946250915527,0.20998476445674896,0.1890644133090973,,0.2383909523487091,,0.22420158982276917,0.2909906208515167,0.2861919105052948,,,0.5165526270866394,0.503907322883606,0.5460473895072937,0.4695676565170288,0.4570457637310028,-0.18631389737129211,-0.2413770705461502,,-0.06426207721233368,,-0.05524507164955139,0.16115139424800873,0.17585866153240204,,,0.1698635220527649,0.14089860022068024,0.1611953228712082,0.06241597235202789,-0.001607946353033185
P191,32,92,79.87455688700716,17.21679632508531,Paddy,high,radar dip-and-rise + optical flood within 3 weeks,0.67,08-24,10,07-19,"07-07, 08-12",-18.790536880493164,-16.22705841064453,-17.71028709411621,-19.77219009399414,-25.84549903869629,-23.068286895751953,-19.685047149658203,-16.635459899902344,-15.741337776184082,-17.78412437438965,,-18.467958450317383,-14.380966186523438,,-16.188936233520508,-10.502685546875,-7.999763488769531,-8.793445587158203,-10.887946128845215,-11.451325416564941,-12.185027122497559,-9.767979621887207,-10.626770973205566,-9.972604751586914,-10.73227310180664,,-13.491148948669434,-9.8372802734375,,-9.789856910705566,0.20447394251823425,0.23152127861976624,,0.16406777501106262,,0.34098735451698303,0.3511442542076111,0.6668093800544739,,0.6428821086883545,0.6461871862411499,,,0.29427018761634827,0.19857817888259888,-0.15646375715732574,-0.08292527496814728,,0.19478996098041534,,0.13341517746448517,0.31298041343688965,0.29916900396347046,,0.31964921951293945,0.322624534368515,,,-0.04602997750043869,-0.173837810754776
P192,32,92,79.74115706731541,17.18149253441941,Review,low,radar dip but optical shows dry soil soon after,0.65,09-29,11,06-25,,-19.818702697753906,-14.600126266479492,-21.676403045654297,-21.343341827392578,-21.40418243408203,-21.92782211303711,-15.956694602966309,-14.281488418579102,-16.158658981323242,-16.145326614379883,,-12.569726943969727,-13.252462387084961,,-15.88921070098877,-12.27409839630127,-8.849120140075684,-13.556730270385742,-13.950270652770996,-9.71879768371582,-9.844077110290527,-10.312122344970703,-8.524284362792969,-8.799036026000977,-9.616301536560059,,-8.759027481079102,-8.007265090942383,,-10.30053997039795,0.21220222115516663,0.23059000074863434,,0.1938343197107315,,0.2074228972196579,0.47953757643699646,0.5775142312049866,,,0.6493474841117859,0.5963509678840637,0.39817824959754944,0.3929540514945984,0.3554307818412781,-0.19045498967170715,-0.17407076060771942,,-0.010903923772275448,,0.007193269673734903,0.2504604756832123,0.1897590160369873,,,0.24320514500141144,0.18893809616565704,0.07603507488965988,0.18890900909900665,0.20534369349479675
P193,33,165,79.37060201261612,17.445866722535786,Other kharif crop,high,"clear green-up, no flooding",0.75,11-04,12,,,-25.934206008911133,-18.717023849487305,-17.79842758178711,-19.11719512939453,-20.898412704467773,-16.278026580810547,-17.643659591674805,-16.194189071655273,-15.175071716308594,-14.0010404586792,-16.915088653564453,-14.874930381774902,-14.403999328613281,-14.986024856567383,-14.514097213745117,-8.168205261230469,-9.161190032958984,-2.9952685832977295,-8.994518280029297,-5.156718730926514,-7.393517971038818,-9.76711368560791,-3.2807118892669678,-3.4607136249542236,-4.30055570602417,-4.148200035095215,-5.839813232421875,-2.5355618000030518,-3.9007723331451416,-5.925130844116211,0.1417532116174698,0.12556374073028564,0.1340409815311432,0.14811621606349945,,,0.45683804154396057,0.44038549065589905,0.45309674739837646,0.5331960320472717,0.5475092530250549,,0.6218084692955017,0.7463352680206299,0.708428144454956,-0.20305663347244263,-0.17840036749839783,-0.14360979199409485,-0.11525869369506836,,,0.010889413766562939,-0.007082710973918438,0.09595084190368652,0.0349179282784462,0.1069004237651825,,0.24110698699951172,0.20876829326152802,0.17849129438400269
P194,33,165,79.28544172368159,17.43427845537064,Other kharif crop,high,"clear green-up, no flooding",0.63,08-12,12,"08-12, 11-16",,-20.805912017822266,-21.2602596282959,-17.652246475219727,-15.090596199035645,-14.820775985717773,-10.67529582977295,-17.027252197265625,-14.95616626739502,-15.114945411682129,-11.759428977966309,-13.269527435302734,-13.536025047302246,-13.801121711730957,-13.926826477050781,-20.780651092529297,-14.971199035644531,-15.190234184265137,-9.265556335449219,-14.188530921936035,-7.324030876159668,-5.786112308502197,-9.313069343566895,-6.794628143310547,-8.349481582641602,-7.122941970825195,-10.107290267944336,-8.463932037353516,-9.103864669799805,-11.75917911529541,-12.439181327819824,0.17299029231071472,0.1769801527261734,0.29017096757888794,0.2989727854728699,,0.44472259283065796,0.6311094760894775,0.527453601360321,,,0.5092202425003052,0.39043453335762024,0.4741778075695038,0.44572481513023376,0.3886500298976898,-0.07635565102100372,-0.09432583302259445,-0.002033691154792905,0.019849833101034164,,0.2118981033563614,0.19050917029380798,0.134524405002594,,,0.02305067703127861,-0.0184736717492342,-0.011475786566734314,-0.047315120697021484,-0.10272189974784851
P195,33,165,79.3622476804738,17.473624664815077,Review,low,radar dip but optical shows dry soil soon after,0.79,08-12,13,06-13,,-15.084785461425781,-20.4551944732666,-16.33367156982422,-18.833232879638672,-16.69505500793457,-14.62347412109375,-11.909125328063965,-14.208169937133789,-15.859275817871094,-18.135589599609375,-15.471019744873047,-16.639623641967773,-15.918150901794434,-16.996572494506836,-18.498367309570312,-11.40979290008545,-8.936613082885742,-9.145342826843262,-7.967128276824951,-5.035676002502441,-6.987880229949951,-9.581060409545898,-8.330677032470703,-7.9432477951049805,-10.168670654296875,-10.876337051391602,-9.512025833129883,-7.690892219543457,-8.866290092468262,-12.264471054077148,0.4673091769218445,,0.39783257246017456,0.5324298739433289,,0.3208431005477905,0.7900057435035706,0.6669589877128601,0.49495577812194824,0.5687559247016907,0.607842743396759,0.41166940331459045,0.5092782974243164,0.39684635400772095,0.341111421585083,0.050651971250772476,,0.09913234412670135,0.03878767415881157,,0.19648166000843048,0.30738866329193115,0.23000839352607727,0.1960550993680954,0.09466277062892914,0.13624170422554016,0.08225170522928238,0.11371823400259018,0.14866532385349274,0.13121137022972107
P196,33,165,79.37033251803088,17.44020733624583,Review,low,optical flood signal without a radar dip-and-rise,0.79,09-29,13,07-19,07-31,-16.082075119018555,-15.904909133911133,-10.757600784301758,-16.495033264160156,-18.008825302124023,-16.31376838684082,-13.1796875,-13.622674942016602,-16.570951461791992,-14.283730506896973,-12.979928970336914,-16.209760665893555,-13.366067886352539,-15.330737113952637,-15.041525840759277,-7.511272430419922,-8.382255554199219,-5.361573696136475,-9.054632186889648,-9.183024406433105,-11.074481964111328,-8.138773918151855,-8.807065963745117,-9.814671516418457,-8.764540672302246,-9.05390453338623,-9.529708862304688,-5.221242427825928,-9.404890060424805,-9.492735862731934,0.38878926634788513,0.28381413221359253,0.3246563971042633,0.31279879808425903,,0.20393507182598114,0.7246643900871277,0.6398494839668274,0.46122488379478455,,0.7937636375427246,0.6062120795249939,0.6654089689254761,0.6282311677932739,0.4323166012763977,0.06467057019472122,-0.08654268085956573,-0.01434430293738842,-0.0037147433031350374,,0.16483713686466217,0.22410912811756134,0.24581654369831085,0.3128160238265991,,0.2710372805595398,0.2588198482990265,0.21865308284759521,0.13962288200855255,-0.034962378442287445
P197,33,165,79.35308486457578,17.376337119544935,Review,low,optical flood signal without a radar dip-and-rise,0.79,09-17,14,,07-07,-19.842931747436523,-21.79620933532715,-23.808534622192383,-18.770238876342773,-17.725881576538086,-16.13420295715332,-16.936601638793945,-17.025686264038086,-13.969170570373535,-15.697373390197754,-13.97169017791748,-15.25140380859375,-14.527535438537598,-18.26674461364746,-17.620798110961914,-11.440000534057617,-11.31214427947998,-12.337072372436523,-14.513842582702637,-6.322647571563721,-9.901623725891113,-7.358695030212402,-7.2285284996032715,-11.617057800292969,-9.300119400024414,-10.658937454223633,-6.718689918518066,-6.904951095581055,-10.246909141540527,-9.637125968933105,0.20962277054786682,0.18306058645248413,0.16179968416690826,0.22719161212444305,0.23145097494125366,0.35289323329925537,0.6266720294952393,0.6879746913909912,,0.7873771786689758,0.7559473514556885,0.35690927505493164,0.2879384458065033,0.30682313442230225,0.22434061765670776,-0.10525436699390411,0.09502451866865158,0.05283091217279434,0.1940714418888092,0.17769092321395874,0.22419968247413635,0.29881277680397034,0.2717097997665405,,0.3874649107456207,0.33441898226737976,0.08417018502950668,0.049148205667734146,-0.15350346267223358,-0.12758983671665192
P198,33,165,79.44390453980027,17.35262159604418,Paddy,high,radar dip-and-rise + optical flood within 3 weeks,0.89,09-29,12,"07-07, 11-16","06-13, 07-07, 07-19, 07-31",-19.65011978149414,-20.056150436401367,-21.744354248046875,-28.699504852294922,-25.688827514648438,-16.7720947265625,-17.990997314453125,-13.081144332885742,-16.837820053100586,-14.46257495880127,-17.497879028320312,-13.741580963134766,-12.261614799499512,-13.48216438293457,-18.12749481201172,-4.123776435852051,-10.155515670776367,-11.358770370483398,-11.236690521240234,-15.736817359924316,-8.160222053527832,-8.027443885803223,-8.071969032287598,-9.815106391906738,-9.625602722167969,-8.378029823303223,-9.511669158935547,-7.753135681152344,-10.525272369384766,-10.727543830871582,0.11492810398340225,-0.01963024213910103,,0.04623136669397354,0.1514001041650772,0.29207518696784973,,0.7853597402572632,,0.8855283260345459,0.8878241777420044,0.519791305065155,0.5723034143447876,0.45171692967414856,0.19200262427330017,-0.12853027880191803,-0.06560862809419632,,0.08526285737752914,0.15824778378009796,0.3622141182422638,,0.3250279426574707,,0.4042922854423523,0.40562140941619873,0.31407493352890015,0.2794613242149353,0.1471823751926422,-0.17538850009441376
P199,34,92,79.7958644681183,17.073155711154595,Review,low,radar dip but optical shows dry soil soon after,0.73,09-29,11,07-31,,-19.696365356445312,-17.521068572998047,-14.536066055297852,-14.030412673950195,-12.400362968444824,-20.498910903930664,-17.37022590637207,-15.187967300415039,-16.914064407348633,-15.288484573364258,,-15.791849136352539,-12.432823181152344,,-13.94112491607666,-10.849454879760742,-10.368719100952148,-10.580119132995605,-11.197643280029297,-6.836021900177002,-8.475250244140625,-8.557426452636719,-8.5252103805542,-8.23098373413086,-8.282793998718262,,-8.567405700683594,-9.4725980758667,,-7.369255065917969,0.2840595841407776,0.26083433628082275,,0.4142601191997528,,0.44086965918540955,,0.6187710762023926,,0.7330700159072876,0.7345120906829834,0.6312285661697388,0.654224157333374,0.5997090935707092,0.30769282579421997,-0.1071036234498024,-0.08432081341743469,,0.05099449306726456,,0.16396531462669373,,0.2939274311065674,,0.23376481235027313,0.2506583333015442,0.25813743472099304,0.2925998568534851,0.16145582497119904,0.005680649541318417
P200,34,92,79.85569226604066,17.01224993489129,Review,low,optical flood signal without a radar dip-and-rise,0.87,09-29,8,,07-31,-15.984655380249023,-19.439741134643555,-16.42346954345703,-20.064308166503906,-20.623046875,-22.430095672607422,-15.653115272521973,-17.899791717529297,-17.33555793762207,-14.989227294921875,,-18.67190170288086,-14.670757293701172,,-14.08497428894043,-9.848618507385254,-10.492366790771484,-10.681541442871094,-11.417402267456055,-9.928166389465332,-13.182494163513184,-8.721993446350098,-8.46349048614502,-9.026518821716309,-9.722783088684082,,-10.66378116607666,-7.797515392303467,,-10.408310890197754,0.39854487776756287,0.18617485463619232,,0.14816516637802124,,0.1119796484708786,,0.6450462341308594,,,0.8684964776039124,,,0.5647934079170227,0.32044318318367004,0.007544314488768578,-0.23374049365520477,,-0.02453291043639183,,0.23591148853302002,,0.3111806809902191,,,0.3829284608364105,,,0.18897630274295807,-0.029487192630767822
P201,34,92,79.72444840303079,17.04431979053436,Other kharif crop,high,"clear green-up, no flooding",0.87,09-17,12,07-31,,-21.019189834594727,-15.00901985168457,-14.48908519744873,-16.477725982666016,-13.208173751831055,-19.670818328857422,-16.33287239074707,-17.47068214416504,-16.169492721557617,-15.97684097290039,,-14.60166072845459,-15.12563419342041,,-18.4407901763916,-13.131710052490234,-9.348567008972168,-9.844195365905762,-7.339809417724609,-10.539952278137207,-9.174777030944824,-8.19981861114502,-9.548640251159668,-10.010583877563477,-8.751514434814453,,-9.973132133483887,-10.15101432800293,,-11.2778959274292,0.2752540707588196,0.3923106789588928,,0.4061768054962158,,0.3147004544734955,,0.6598466038703918,0.786862313747406,0.8710547685623169,0.8199170827865601,0.7335525155067444,0.29391518235206604,0.3049657940864563,0.26123830676078796,-0.16958239674568176,-0.08568540215492249,,0.07345832884311676,,0.09051281958818436,,0.29015493392944336,0.3790091574192047,0.36154595017433167,0.3545646667480469,0.34329697489738464,0.07448223233222961,-0.11899244785308838,-0.003063969314098358
P202,34,92,79.80017638148207,17.033001017954454,Review,low,radar dip but optical shows dry soil soon after,0.87,09-29,11,"07-31, 08-12, 10-11",,-19.32816505432129,-17.14388656616211,-14.01460075378418,-13.13062858581543,-12.077805519104004,-21.7769718170166,-21.811534881591797,-23.469402313232422,-19.554521560668945,-15.149324417114258,,-20.0445499420166,-12.432687759399414,,-12.976648330688477,-9.069918632507324,-7.6951069831848145,-7.610803127288818,-4.170394420623779,-6.117157459259033,-12.22906494140625,-19.431785583496094,-14.083001136779785,-7.331855773925781,-9.76075267791748,,-13.22936725616455,-9.232797622680664,,-12.055679321289062,0.27400872111320496,0.46028706431388855,0.5228447318077087,0.3595120310783386,,0.2294132113456726,,0.3916749358177185,,0.8422942757606506,0.8693287372589111,,0.7286949753761292,0.7520231008529663,0.3070510923862457,-0.09722352772951126,0.03189438208937645,0.20641809701919556,0.08796808868646622,,0.13281869888305664,,0.22088374197483063,,0.33615830540657043,0.3804202079772949,,0.3982970118522644,0.37221574783325195,-0.07159652560949326
P203,34,92,79.86620255486486,17.023838202056435,Paddy,high,radar dip-and-rise + optical flood within 3 weeks,0.88,09-29,9,07-31,07-31,-13.326127052307129,-15.802396774291992,-14.97647762298584,-16.060897827148438,-17.42815589904785,-23.2017879486084,-20.88712501525879,-20.542587280273438,-19.280628204345703,-17.047134399414062,,-17.60130500793457,-15.59939956665039,,-17.076194763183594,-9.015460968017578,-6.7688140869140625,-9.600061416625977,-6.961873531341553,-11.358525276184082,-16.080461502075195,-12.064784049987793,-9.329828262329102,-12.303154945373535,-11.66895866394043,,-10.271604537963867,-8.737958908081055,,-10.066904067993164,0.4086131453514099,0.3080316185951233,,0.386390745639801,,0.07376129925251007,,0.6494698524475098,,,0.8765484094619751,,0.714583158493042,0.575587272644043,0.2840583622455597,0.06040719151496887,-0.04957543686032295,,0.05948672443628311,,0.1864311844110489,,0.3177717328071594,,,0.38469812273979187,,0.3488669693470001,0.22378399968147278,-0.05102498084306717
P204,34,92,79.80098486523778,17.08663044041639,Other kharif crop,high,"clear green-up, no flooding",0.82,09-29,10,,,-16.889175415039062,-17.070940017700195,-16.41017723083496,-13.254232406616211,-13.803984642028809,-14.717632293701172,-17.377222061157227,-18.81598663330078,-18.86776351928711,-16.617435455322266,,-15.548768043518066,-13.128806114196777,,-17.014915466308594,-10.721832275390625,-8.366427421569824,-9.866795539855957,-9.436432838439941,-8.41547966003418,-11.583855628967285,-10.66406536102295,-13.092575073242188,-12.403130531311035,-8.477052688598633,,-7.81648063659668,-7.3703742027282715,,-10.649543762207031,0.37412476539611816,0.2933841049671173,,0.2023341804742813,,0.30198904871940613,,0.39959076046943665,,0.6915905475616455,0.816567599773407,0.7165100574493408,,0.7433306574821472,0.40293464064598083,-0.04123779013752937,-0.07093758136034012,,-0.02296469174325466,,0.019255079329013824,,0.280488520860672,,0.2988811731338501,0.3412863612174988,0.3815068304538727,,0.3954794108867645,0.15815965831279755
P205,35,165,79.12832638048909,17.02788062083497,Review,low,radar dip but optical shows dry soil soon after,0.72,11-04,11,08-24,,-12.588438987731934,-12.13115119934082,-13.156413078308105,-11.279778480529785,-14.3493070602417,-13.21834945678711,-16.486753463745117,-27.127376556396484,-18.003847122192383,-19.67551612854004,-16.477954864501953,-13.416298866271973,-13.263428688049316,-15.398202896118164,-14.957831382751465,-8.154170036315918,-9.82094955444336,-6.72646427154541,-9.316381454467773,-9.562847137451172,-9.979456901550293,-8.536404609680176,-11.726906776428223,-11.488973617553711,-7.571587085723877,-8.210888862609863,-9.789054870605469,-10.711365699768066,-11.510557174682617,-7.775786876678467,0.41661518812179565,0.51470547914505,0.4566342830657959,0.38112014532089233,,0.4330371618270874,,0.41472336649894714,,0.5795692801475525,0.6651830673217773,,0.37264248728752136,0.7168804407119751,0.45520830154418945,0.0013201871188357472,0.025102749466896057,0.09005755186080933,0.14748221635818481,,0.262997567653656,,0.31352728605270386,,0.35370001196861267,0.369140625,,0.26620718836784363,0.28612208366394043,0.045929573476314545
P206,35,165,79.04666952116261,17.131905530736013,Other kharif crop,high,"clear green-up, no flooding",0.89,09-17,12,,,-17.79563331604004,-19.31785774230957,-12.73302936553955,-18.097042083740234,-14.433408737182617,-15.255647659301758,-15.196564674377441,-14.206269264221191,-12.068266868591309,-12.712236404418945,-13.296701431274414,-12.722789764404297,-10.99718952178955,-14.668451309204102,-14.066133499145508,-9.305249214172363,-9.04651165008545,-2.8755600452423096,-10.820209503173828,-3.382138729095459,-5.303627014160156,-3.6279306411743164,-7.155561447143555,-3.6269454956054688,-3.0846946239471436,-5.853279113769531,-2.9456210136413574,-4.780622482299805,-6.595578670501709,-4.668774127960205,0.10684216022491455,0.15692690014839172,0.08747433125972748,0.08697839081287384,0.22093328833580017,0.40701812505722046,,0.8382152318954468,,0.8856626749038696,0.7404342293739319,,0.6065634489059448,0.6383106708526611,0.6406495571136475,-0.2160976529121399,-0.2433532476425171,-0.15923161804676056,-0.18064142763614655,-0.063932865858078,0.03658581152558327,,0.3459559679031372,,0.37751874327659607,0.2877119183540344,,0.14098022878170013,0.0957598090171814,0.09686938673257828
P207,35,165,78.99573504455304,17.12678513361653,Other kharif crop,high,"clear green-up, no flooding",0.56,09-29,10,,,-15.862339973449707,-18.90212059020996,-17.254873275756836,-18.090267181396484,-17.02252769470215,-9.805166244506836,-15.675938606262207,-14.31103515625,-12.348219871520996,-12.311466217041016,-14.450090408325195,-12.992548942565918,-14.021660804748535,-14.682653427124023,-12.936324119567871,-3.87579083442688,-12.048378944396973,-6.336855888366699,-9.10753345489502,-9.529717445373535,-4.564863204956055,-6.213290691375732,-4.355515480041504,-4.432831287384033,-5.8775954246521,-7.670648574829102,-5.304647922515869,-6.981900691986084,-9.451645851135254,-7.308408737182617,0.198447585105896,,0.23240730166435242,0.2671515941619873,0.31417137384414673,0.4250468313694,,0.5514242053031921,,,0.5560500621795654,,0.47936731576919556,0.5453845262527466,0.5224251747131348,-0.136469304561615,,-0.045463502407073975,-0.010368337854743004,0.03294507414102554,0.08495838195085526,,0.18654882907867432,,,0.17553380131721497,,0.16577547788619995,0.10764755308628082,0.07781931012868881
P208,35,165,78.977409412757,17.06776581944988,Review,low,radar dip but optical shows dry soil soon after,0.59,11-04,8,06-13,,-20.615478515625,-30.26210594177246,-18.132715225219727,-21.623043060302734,-15.899323463439941,-13.510104179382324,-12.620024681091309,-14.117605209350586,-14.272994995117188,-12.401721000671387,-13.29693603515625,-11.435632705688477,-15.084880828857422,-14.658835411071777,-15.490194320678711,-5.696067810058594,-11.112093925476074,-4.833263397216797,-11.286325454711914,-5.457187175750732,-3.7595999240875244,-3.7467281818389893,-4.8878560066223145,-5.683685779571533,-6.013806343078613,-5.828505516052246,-6.060069561004639,-7.5672078132629395,-6.43998384475708,-6.972843170166016,0.14317983388900757,,0.23888225853443146,0.18769538402557373,,,,0.5532577633857727,,,0.5500845909118652,0.5165022015571594,,0.5893880724906921,0.5172808766365051,-0.20088604092597961,,-0.06668367981910706,-0.04228938743472099,,,,0.17831957340240479,,,0.056115586310625076,0.18456591665744781,,0.08709675818681717,0.08648285269737244
P209,35,165,79.03184731897464,17.080162570370728,Other kharif crop,high,"clear green-up, no flooding",0.71,08-24,9,,,-19.019001007080078,-20.32830047607422,-18.247699737548828,-19.281108856201172,-16.204845428466797,-12.521265983581543,-12.736150741577148,-14.808876991271973,-13.934886932373047,-13.90182113647461,-15.986701965332031,-13.756136894226074,-12.937519073486328,-15.95927619934082,-14.162580490112305,-3.6071457862854004,-9.833642959594727,-4.784763813018799,-11.552372932434082,-2.1634042263031006,-2.840873956680298,-1.723539113998413,-7.290581703186035,-3.381563663482666,-2.141176700592041,-2.797377586364746,-8.259431838989258,-5.165496826171875,-4.977494716644287,-7.657306671142578,0.1914459764957428,0.18104754388332367,0.08707007020711899,0.18941828608512878,,0.49529537558555603,,0.7066487073898315,,,0.5809268951416016,,,0.6844301819801331,0.6620846390724182,-0.2524860203266144,-0.250693678855896,-0.1284308135509491,-0.1818827986717224,,0.06856875866651535,,0.27098119258880615,,,0.08141393959522247,,,0.1198417916893959,0.12417152523994446
P210,35,165,79.1337162721938,17.056986036040445,Review,low,radar dip but optical shows dry soil soon after,0.83,09-17,12,06-13,,-16.340986251831055,-24.114582061767578,-12.334050178527832,-16.130386352539062,-15.537517547607422,-13.761688232421875,-15.801605224609375,-12.309348106384277,-15.365796089172363,-13.89953899383545,-11.062010765075684,-13.160767555236816,-12.600810050964355,-14.28603458404541,-13.57430362701416,-4.794034004211426,-9.41181468963623,-3.4492173194885254,-8.798111915588379,-5.725551605224609,-5.228851795196533,-8.288862228393555,-5.831905364990234,-4.104677200317383,-6.470846176147461,-7.382630348205566,-8.574966430664062,-5.693994045257568,-5.759966850280762,-5.7757673263549805,0.14595717191696167,0.12280109524726868,0.1461697667837143,0.20164074003696442,,0.32712405920028687,,0.660590410232544,,0.8323040008544922,0.7574512958526611,0.6236510276794434,0.4887823164463043,0.5725367069244385,0.5848208665847778,-0.1365271806716919,-0.14997437596321106,-0.02680804766714573,0.01129213348031044,,0.0977274626493454,,0.3038763701915741,,0.3006218373775482,0.25345179438591003,0.1343425214290619,0.09250082075595856,0.04722538962960243,0.08345504105091095
P211,36,92,79.91093865601401,17.141607335804505,Paddy,high,radar dip-and-rise + optical flood within 3 weeks,0.79,10-23,8,"07-31, 08-12",07-31,-18.014089584350586,-16.422855377197266,-15.720054626464844,-15.314645767211914,-15.586267471313477,-20.124074935913086,-23.87849235534668,-17.314056396484375,-14.826577186584473,-18.58490753173828,,-16.163108825683594,-14.6460599899292,,-13.398420333862305,-10.821531295776367,-8.900047302246094,-9.297426223754883,-9.349261283874512,-11.737370491027832,-10.715409278869629,-9.612842559814453,-8.525557518005371,-7.638525009155273,-7.542294979095459,,-9.686646461486816,-9.677642822265625,,-8.44400405883789,0.3960456848144531,,,,,0.06155172362923622,,0.5157083868980408,,0.7671622037887573,0.7754426002502441,,0.7882310152053833,0.727211058139801,0.5816194415092468,-0.03885335102677345,,,,,0.2357359677553177,,0.2679690718650818,,0.33421042561531067,0.36084145307540894,,0.3940926790237427,0.3338533639907837,0.20246639847755432
P212,36,92,79.91255562352542,17.0807015595412,Paddy,high,radar dip-and-rise + optical flood within 3 weeks,0.86,09-17,9,07-07,07-31,-17.874521255493164,-15.703400611877441,-19.37417221069336,-24.273744583129883,-17.520904541015625,-18.94765281677246,-14.91670036315918,-17.981657028198242,-18.793739318847656,-14.850351333618164,,-16.914579391479492,-15.55766487121582,,-14.841529846191406,-9.392953872680664,-9.58798885345459,-11.500137329101562,-11.772652626037598,-8.474593162536621,-11.290142059326172,-5.764708518981934,-8.828852653503418,-9.679999351501465,-12.680553436279297,,-13.00900650024414,-9.264034271240234,,-8.147123336791992,0.32263925671577454,0.22862116992473602,,,,0.22308596968650818,,0.591679573059082,,0.8603002429008484,0.7469159364700317,,0.7018199563026428,0.6439486145973206,0.32733383774757385,-0.07845424115657806,-0.15016403794288635,,,,0.20890085399150848,,0.3198539614677429,,0.37472841143608093,0.36317795515060425,,0.375592976808548,0.2780497670173645,-0.07465270161628723
P213,36,92,79.8379056234151,17.15993296760054,Review,low,optical flood signal without a radar dip-and-rise,0.75,10-11,11,08-12,"07-31, 08-12",-23.32187271118164,-17.603971481323242,-21.402008056640625,-16.41584014892578,-15.688924789428711,-16.302331924438477,-20.61195945739746,-20.12296485900879,-18.369462966918945,-18.89832305908203,,-17.317596435546875,-15.13715934753418,,-18.276142120361328,-11.582700729370117,-12.062928199768066,-11.118700981140137,-6.92607307434082,-9.223011016845703,-12.606706619262695,-11.838353157043457,-9.130489349365234,-10.502893447875977,-10.117847442626953,,-8.811628341674805,-9.525280952453613,,-11.60258960723877,0.2335929572582245,0.24029314517974854,,0.26701754331588745,,0.20793920755386353,0.2444046437740326,0.47678184509277344,,,0.6546447277069092,0.7519638538360596,0.7405424118041992,0.7274479866027832,0.5937791466712952,-0.1649099886417389,-0.14501386880874634,,0.008856336586177349,,0.17992907762527466,0.29877936840057373,0.2965161204338074,,,0.31009411811828613,0.4006965160369873,0.3548390865325928,0.29560384154319763,0.1896611601114273
P214,36,92,79.92764732029863,17.07423368949554,Review,low,radar dip but optical shows dry soil soon after,0.86,09-17,9,07-31,,-19.121660232543945,-20.76931381225586,-18.216951370239258,-15.721256256103516,-15.751995086669922,-25.74453353881836,-21.54729652404785,-24.101308822631836,-18.000715255737305,-15.603825569152832,,-16.467391967773438,-15.068601608276367,,-16.677404403686523,-10.966987609863281,-10.918142318725586,-11.926908493041992,-8.032787322998047,-7.516878128051758,-21.372453689575195,-12.864653587341309,-15.31382942199707,-9.616888046264648,-10.01041316986084,,-8.519237518310547,-8.553701400756836,,-10.224969863891602,0.13457845151424408,0.08477531373500824,,,,,,0.6180488467216492,0.6098863482475281,0.8568841218948364,0.7636852264404297,,0.6624581217765808,0.5764505863189697,0.45297113060951233,-0.2052534520626068,-0.17406651377677917,,,,,,0.2933579385280609,0.3452169597148895,0.38784629106521606,0.36436253786087036,,0.3784656226634979,0.2437901794910431,0.11070322245359421
P215,36,92,79.9492068871175,17.049709682239076,Review,low,radar dip but optical shows dry soil soon after,0.91,09-17,8,08-12,,-20.849424362182617,-16.431921005249023,-19.443313598632812,-17.625593185424805,-14.114346504211426,-18.868635177612305,-20.518774032592773,-18.45619010925293,-18.23577308654785,-17.05589485168457,,-19.224342346191406,-13.839136123657227,,-15.091757774353027,-11.345013618469238,-11.68907356262207,-10.948921203613281,-10.691646575927734,-9.024609565734863,-14.865859031677246,-12.886934280395508,-10.845108032226562,-12.293931007385254,-12.225841522216797,,-14.060721397399902,-10.893817901611328,,-10.70765209197998,0.46291881799697876,0.37725329399108887,,,,,,0.5176382064819336,,0.908852219581604,0.8684077262878418,,0.586969256401062,0.6762025952339172,0.5521613955497742,-0.008768480271100998,-0.07421599328517914,,,,,,0.24841468036174774,,0.3720187842845917,0.38672295212745667,,0.4284519553184509,0.30211004614830017,0.16801662743091583
P216,36,92,79.86216013608632,17.155351559651532,Paddy,high,radar dip-and-rise + optical flood within 3 weeks,0.79,09-17,10,07-31,"07-31, 08-12",-15.913651466369629,-14.446389198303223,-16.888166427612305,-17.833518981933594,-13.634654998779297,-22.759641647338867,-18.374195098876953,-22.75613784790039,-19.11566734313965,-17.29912757873535,,-18.196056365966797,-15.001846313476562,,-17.42844581604004,-8.121742248535156,-9.042378425598145,-8.511765480041504,-8.98543643951416,-8.446130752563477,-11.984015464782715,-15.381406784057617,-12.317445755004883,-9.468864440917969,-9.913474082946777,,-9.89856243133545,-7.903303146362305,,-11.87523078918457,0.4518278241157532,,,0.19279742240905762,,0.1256391853094101,0.2363007366657257,0.35391849279403687,,0.7928509712219238,0.6826698780059814,,0.6747735142707825,0.7020491361618042,0.4652431011199951,0.04531993344426155,,,-0.056589484214782715,,0.18034371733665466,0.26883965730667114,0.2710813879966736,,0.356822669506073,0.31318238377571106,,0.44196000695228577,0.2977735996246338,0.12044065445661545
P217,37,165,79.40536681411155,17.20224361748257,Review,low,radar dip but optical shows dry soil soon after,0.66,09-29,12,07-07,,-19.545814514160156,-18.71961212158203,-17.562820434570312,-22.378007888793945,-16.594844818115234,-16.29745864868164,-14.120674133300781,-16.30282974243164,-17.509838104248047,-14.02828311920166,-15.377509117126465,-16.157758712768555,-17.581317901611328,-15.32722282409668,-17.654285430908203,-11.684202194213867,-14.886432647705078,-9.764202117919922,-13.265259742736816,-9.581460952758789,-10.593048095703125,-7.858214378356934,-9.273577690124512,-12.738323211669922,-11.567178726196289,-8.88780689239502,-9.615985870361328,-7.279362678527832,-9.345879554748535,-10.323546409606934,0.44362810254096985,0.44413232803344727,0.5040925741195679,0.3294484317302704,0.31222936511039734,0.4364983141422272,,0.5942875742912292,,,0.6606168746948242,0.5720449090003967,0.5987005233764648,0.6221083998680115,0.6018598675727844,-0.008289394900202751,-0.05388297140598297,0.11055266112089157,0.04054007679224014,0.022325603291392326,0.16806527972221375,,0.12378649413585663,,,0.09975960850715637,0.15765756368637085,0.0906660333275795,0.06635008752346039,0.040783558040857315
P218,37,165,79.46438612827819,17.119508779815163,Review,low,radar dip but optical shows dry soil soon after,0.6,09-17,11,"08-12, 10-11, 11-16",,-20.27838706970215,-16.9229679107666,-20.92101287841797,-18.6290340423584,-14.737072944641113,-12.787459373474121,-18.937509536743164,-14.013806343078613,-12.838117599487305,-15.011043548583984,-13.063332557678223,-18.540164947509766,-13.33538818359375,-16.124414443969727,-19.030790328979492,-10.397799491882324,-12.778234481811523,-7.429891586303711,-12.6229248046875,-10.077457427978516,-7.502499103546143,-10.705223083496094,-4.838555335998535,-6.974013328552246,-7.405131816864014,-5.234687805175781,-7.45836067199707,-7.207240104675293,-9.35132122039795,-10.5296049118042,0.23158690333366394,0.2707706093788147,,0.25795823335647583,,0.5493409633636475,,0.43658286333084106,,0.6043860912322998,0.5835891962051392,0.34766876697540283,0.30488264560699463,0.344413697719574,0.29668939113616943,-0.1097160279750824,-0.10019837319850922,,0.0448196679353714,,0.19257918000221252,,0.1932005137205124,,0.0986461341381073,0.18666502833366394,-0.03205491974949837,-0.01984347589313984,-0.06983599066734314,-0.0402650311589241
P219,37,165,79.39485652528734,17.15400408672535,Paddy,high,radar dip-and-rise + optical flood within 3 weeks,0.79,09-29,10,"07-19, 11-04",07-31,-20.09843635559082,-19.880748748779297,-14.876988410949707,-16.226037979125977,-21.022167205810547,-18.867536544799805,-19.38142967224121,-15.726585388183594,-19.718828201293945,-15.101495742797852,-13.455967903137207,-13.903891563415527,-13.380182266235352,-17.91697120666504,-18.770614624023438,-6.646020889282227,-7.398571014404297,-5.60494327545166,-9.774955749511719,-12.146862983703613,-10.221566200256348,-7.359498023986816,-8.395626068115234,-9.080050468444824,-10.555030822753906,-9.000757217407227,-10.637429237365723,-8.691729545593262,-11.948758125305176,-12.108999252319336,0.1347271203994751,0.1299489140510559,0.24451471865177155,0.23173142969608307,,0.20661336183547974,,0.615958034992218,,,0.793977677822113,0.6997944116592407,,0.3329550325870514,0.2271960824728012,-0.18175339698791504,-0.16907699406147003,0.0764976292848587,-0.010088546201586723,,0.15762895345687866,,0.3243181109428406,,,0.37510618567466736,0.37020474672317505,,-0.03361665457487106,0.020313464105129242
P220,37,165,79.47300995500574,17.2017046283121,Review,low,radar dip-and-rise; optical inconclusive,0.7,10-23,9,"07-19, 11-04",,-23.15768051147461,-21.199670791625977,-15.196455955505371,-17.079742431640625,-22.815940856933594,-18.640052795410156,-18.187211990356445,-13.010416984558105,-16.275144577026367,-16.34243392944336,-13.462554931640625,-14.444286346435547,-14.09915828704834,-19.008941650390625,-14.898824691772461,-8.407759666442871,-6.767759323120117,-2.6307919025421143,-5.849026679992676,-9.532670974731445,-11.401755332946777,-10.309885025024414,-8.82848072052002,-8.794166564941406,-8.371504783630371,-7.0899200439453125,-9.31005573272705,-8.771617889404297,-8.670742988586426,-9.549362182617188,0.19272202253341675,0.1249517947435379,0.1290641874074936,0.14926211535930634,,,,0.452956885099411,,,0.5939884185791016,,0.7049098014831543,0.6594874858856201,0.6252972483634949,-0.21962811052799225,-0.2494237720966339,-0.03234953433275223,-0.10024881362915039,,,,0.16576847434043884,,,0.2039691060781479,,0.1600348949432373,0.1706080436706543,0.15683314204216003
P221,37,165,79.39674298738399,17.20439957416446,Review,low,radar dip but optical shows dry soil soon after,0.71,08-24,12,06-13,,-16.668941497802734,-22.433385848999023,-15.088961601257324,-16.482988357543945,-15.523425102233887,-14.716686248779297,-14.448902130126953,-13.453272819519043,-12.270432472229004,-14.571402549743652,-11.534195899963379,-15.30646800994873,-10.997114181518555,-15.207258224487305,-13.91338062286377,-11.95090389251709,-8.113476753234863,-6.591823101043701,-7.291932106018066,-7.680293083190918,-8.207350730895996,-5.578945636749268,-5.686030387878418,-5.892223834991455,-8.212926864624023,-5.822190761566162,-9.339235305786133,-6.00526762008667,-4.262999534606934,-9.053447723388672,0.14812156558036804,0.09992418438196182,0.22426164150238037,0.26347270607948303,0.3170110285282135,0.32830893993377686,,0.7096516489982605,,,0.6694424152374268,0.6962344646453857,0.6198722720146179,0.5532377362251282,0.37914180755615234,-0.14893753826618195,-0.1808793991804123,-0.037749189883470535,-0.04356575757265091,0.03255200386047363,0.04688815400004387,,0.2555347681045532,,,0.15704084932804108,0.23808442056179047,0.11533980071544647,0.06414775550365448,-0.08686802536249161
P222,37,165,79.41075670581625,17.192811306999317,Review,low,already green in June: orchard or perennial?,0.72,09-29,13,07-07,,-13.6618070602417,-11.995686531066895,-12.119245529174805,-16.580568313598633,-13.719704627990723,-13.233216285705566,-14.4827241897583,-17.17237663269043,-16.347381591796875,-13.004724502563477,-13.9600830078125,-15.323360443115234,-15.163208961486816,-15.584524154663086,-13.562166213989258,-8.575660705566406,-8.426249504089355,-8.325507164001465,-12.197314262390137,-11.277390480041504,-7.3337273597717285,-8.771519660949707,-7.2577972412109375,-9.360003471374512,-6.956315040588379,-7.858801364898682,-8.1466703414917,-9.131464004516602,-9.578878402709961,-7.367163181304932,0.5994372367858887,0.5974869728088379,0.46129366755485535,0.43263232707977295,0.4114115536212921,0.4604267179965973,,0.5744346380233765,,0.7018612027168274,0.722447395324707,0.6688249707221985,0.6945241689682007,0.613547682762146,0.581119179725647,0.09290241450071335,0.06331949681043625,0.13054262101650238,0.08587896078824997,0.11532184481620789,0.09376344829797745,,0.14646238088607788,,0.24348387122154236,0.20996850728988647,0.22905269265174866,0.1539812535047531,0.07283074408769608,0.05857117101550102
P223,38,165,79.23666320375389,17.069652281546528,Other kharif crop,high,"clear green-up, no flooding",0.81,09-29,9,10-23,,-15.899356842041016,-19.499141693115234,-17.07754898071289,-16.424789428710938,-14.837278366088867,-13.884807586669922,-17.20545768737793,-18.98442840576172,-16.11083221435547,-16.46648406982422,-12.937702178955078,-13.657079696655273,-17.46084213256836,-16.59762191772461,-17.723064422607422,-13.143658638000488,-10.544677734375,-9.623541831970215,-10.307355880737305,-9.620938301086426,-7.98113489151001,-11.126593589782715,-8.573626518249512,-10.053666114807129,-9.465527534484863,-11.769723892211914,-9.74878215789795,-10.114916801452637,-9.827192306518555,-10.954237937927246,0.2901344895362854,0.38733047246932983,0.34638330340385437,0.3378590941429138,,,,0.531582236289978,,0.7942631244659424,0.8110293745994568,,,0.7156258225440979,0.4856641888618469,-0.08614368736743927,-0.01889786124229431,0.11312476545572281,0.1294640749692917,,,,0.29192978143692017,,0.3404713571071625,0.2749188542366028,,,0.2540481984615326,0.07175866514444351
P224,38,165,79.18680670548527,17.108998490990963,Review,low,radar dip but optical shows dry soil soon after,0.84,09-17,10,06-13,,-16.784608840942383,-21.311145782470703,-16.85759162902832,-18.79979133605957,-17.876239776611328,-13.700465202331543,-14.759552955627441,-13.501391410827637,-12.942829132080078,-11.360546112060547,-11.365694999694824,-12.70958423614502,-15.514450073242188,-18.048099517822266,-15.880632400512695,-6.385495185852051,-9.375308990478516,-4.6727118492126465,-11.439702033996582,-4.5823869705200195,-3.0604493618011475,-4.6528167724609375,-3.7405622005462646,-4.876473903656006,-5.416432857513428,-5.15820837020874,-7.041509628295898,-5.524195194244385,-9.075922966003418,-9.875575065612793,0.17458191514015198,0.1657654345035553,0.15966221690177917,,,0.2790295481681824,,0.6716857552528381,,0.8369989395141602,0.6511995792388916,,0.5110956430435181,0.5168086886405945,0.5261877179145813,-0.19137440621852875,-0.21367314457893372,-0.09227965772151947,,,0.07079048454761505,,0.2703667879104614,,0.28870242834091187,0.1642763614654541,,-0.027434900403022766,-0.04714493453502655,-0.01692269742488861
P225,38,165,79.28651970202253,17.11708332854804,Review,low,optical flood signal without a radar dip-and-rise,0.65,10-23,9,,06-25,-20.202449798583984,-22.71531105041504,-18.20352554321289,-23.0440616607666,-18.333553314208984,-19.477693557739258,-15.556683540344238,-14.908434867858887,-14.391587257385254,-16.000207901000977,-12.957479476928711,-13.83466625213623,-13.604609489440918,-13.967833518981934,-16.011009216308594,-5.7430338859558105,-12.878597259521484,-12.233882904052734,-10.145109176635742,-8.89441204071045,-8.660307884216309,-8.214844703674316,-10.369845390319824,-6.834848880767822,-7.951467037200928,-6.724584579467773,-7.953462600708008,-6.22480583190918,-8.410597801208496,-8.861720085144043,0.18758094310760498,0.15507015585899353,0.21679122745990753,0.3207572102546692,,,,0.4241323173046112,,,0.643721342086792,,0.6529620885848999,0.565601110458374,0.3864786624908447,-0.16481243073940277,-0.04769414663314819,0.16685768961906433,0.07030747085809708,,,,0.26974689960479736,,,0.28518152236938477,,0.20022252202033997,0.12566110491752625,-0.05823638290166855
P226,38,165,79.3088877525971,17.025724664153085,Other kharif crop,high,"clear green-up, no flooding",0.74,09-17,13,"06-13, 11-16",,-14.574270248413086,-18.714391708374023,-19.652515411376953,-16.69121742248535,-15.45576000213623,-13.782181739807129,-18.11408042907715,-14.296504974365234,-15.046799659729004,-17.30928611755371,-16.203937530517578,-14.839336395263672,-13.223709106445312,-15.390256881713867,-18.75591278076172,-8.62808609008789,-11.89061164855957,-11.729641914367676,-7.319743633270264,-6.338963508605957,-7.858513355255127,-8.038229942321777,-7.6843438148498535,-7.560171604156494,-9.962690353393555,-6.399073600769043,-7.726426601409912,-5.972966194152832,-7.17820930480957,-8.441242218017578,0.560897171497345,0.42736002802848816,0.4285910427570343,0.36276155710220337,,0.7063769102096558,,0.630659818649292,0.6828105449676514,0.7414611577987671,0.5455508828163147,0.5179716944694519,0.5714823603630066,0.6883163452148438,0.5580960512161255,0.03793570399284363,0.1088905856013298,0.21915866434574127,0.20331130921840668,,0.2914098799228668,,0.2939629554748535,0.3061920702457428,0.24009335041046143,0.2193673700094223,0.21983996033668518,0.14546780288219452,0.25133514404296875,0.1855211704969406
P227,38,165,79.24932944925997,17.10980697474667,Paddy,high,radar dip-and-rise + optical flood within 3 weeks,0.51,09-29,10,"07-07, 07-19, 10-23, 11-04","06-25, 07-07, 07-31",-20.57900619506836,-20.22064781188965,-15.204843521118164,-23.392375946044922,-24.73281478881836,-22.539165496826172,-20.115591049194336,-17.08023452758789,-14.933562278747559,-12.63321304321289,-14.42656135559082,-14.914923667907715,-22.170337677001953,-25.31416130065918,-20.73528480529785,-9.648787498474121,-9.514656066894531,-8.958136558532715,-13.203910827636719,-10.5244140625,-15.017851829528809,-12.002598762512207,-8.357329368591309,-7.357646465301514,-5.0034074783325195,-9.144054412841797,-5.4291253089904785,-13.420724868774414,-16.502599716186523,-13.605463981628418,0.19004878401756287,0.144929438829422,0.17005181312561035,0.08117318153381348,,0.19108723104000092,,0.46012264490127563,,,0.5062949657440186,,-0.20438969135284424,-0.2506135106086731,-0.2045537382364273,-0.10966071486473083,-0.14950746297836304,0.17248684167861938,0.3323989510536194,,0.28629016876220703,,0.2925315499305725,,,0.3071250915527344,,0.26361018419265747,0.10003364086151123,0.1472175568342209
P228,38,165,79.29918594752861,17.01224993489129,Paddy,high,radar dip-and-rise + optical flood within 3 weeks,0.72,08-24,10,"06-25, 07-07, 11-16","06-25, 07-07",-15.605483055114746,-12.175065040588379,-22.938995361328125,-21.709985733032227,-21.17905616760254,-17.73578453063965,-14.947582244873047,-16.02800178527832,-15.192583084106445,-16.447481155395508,-15.612667083740234,-15.288589477539062,-14.825119972229004,-16.373252868652344,-22.127708435058594,-7.890188217163086,-7.186371803283691,-12.845420837402344,-17.399599075317383,-13.085293769836426,-8.639700889587402,-8.862263679504395,-7.7753119468688965,-10.2178316116333,-12.180585861206055,-8.39834976196289,-7.415060520172119,-5.045804977416992,-8.984098434448242,-13.198601722717285,0.43851667642593384,0.5247827768325806,0.11992903798818588,0.20675751566886902,,0.47124868631362915,,0.7218383550643921,,,0.6219513416290283,0.32657715678215027,,0.3261544406414032,0.22295403480529785,-0.02225043997168541,0.015245238319039345,0.21328526735305786,0.22283343970775604,,0.31215032935142517,,0.3599843680858612,,,0.33117663860321045,0.17190508544445038,,0.25306180119514465,0.445654034614563
P229,39,165,78.91084425020374,16.866453364278694,Other kharif crop,high,"clear green-up, no flooding",0.69,11-16,9,,,-13.819360733032227,-14.546483039855957,-16.69988250732422,-14.819549560546875,-14.947333335876465,-12.661956787109375,-14.149102210998535,-13.008963584899902,-10.979141235351562,-12.369719505310059,-14.412908554077148,-14.430370330810547,-11.253549575805664,-14.439457893371582,-12.628256797790527,-6.379758358001709,-9.170432090759277,-8.384435653686523,-8.93808364868164,-6.262236595153809,-5.812709808349609,-8.342015266418457,-4.003763675689697,-6.272294998168945,-5.483041286468506,-5.554386138916016,-8.961263656616211,-7.199643135070801,-8.021944046020508,-6.735374927520752,0.23461174964904785,0.3021802306175232,,0.19102661311626434,,0.46823495626449585,,0.5433988571166992,,,0.6650346517562866,0.5870184302330017,,0.6857950687408447,0.6935939192771912,-0.17730483412742615,-0.14325453341007233,,-0.02613225392997265,,0.11270976066589355,,0.2564150094985962,,,0.14686237275600433,0.0634346604347229,,0.14526520669460297,0.19437147676944733
P230,39,165,78.99869948499064,16.927898129712467,Review,low,radar dip but optical shows dry soil soon after,0.57,11-04,8,06-13,,-14.529553413391113,-20.9449462890625,-14.085137367248535,-19.045888900756836,-14.548238754272461,-11.216246604919434,-13.635010719299316,-13.915637016296387,-17.163589477539062,-16.825773239135742,-15.108404159545898,-15.243348121643066,-13.751632690429688,-16.69600486755371,-13.63230037689209,-9.087774276733398,-8.502981185913086,-5.484409332275391,-8.502193450927734,-9.426813125610352,-2.281750202178955,-6.7679924964904785,-7.500322341918945,-9.834805488586426,-9.361284255981445,-6.353726387023926,-10.15601921081543,-9.723444938659668,-10.785609245300293,-7.68385648727417,0.37004467844963074,,0.2865583002567291,0.4049707353115082,,0.39999380707740784,,0.4799102544784546,,,0.44407421350479126,,,0.5707581639289856,0.5050559639930725,-0.04895903542637825,,0.023046232759952545,0.02701844647526741,,0.12044722586870193,,0.08263473212718964,,,-0.005645552650094032,,,0.05602554976940155,0.05484017729759216
P231,39,165,79.02564894351421,16.89933170367747,Other kharif crop,high,"clear green-up, no flooding",0.84,09-29,9,,,-17.493101119995117,-19.97454261779785,-14.847915649414062,-19.4179630279541,-16.1494140625,-21.208389282226562,-21.69684600830078,-16.454843521118164,-14.888799667358398,-14.408517837524414,-15.90313720703125,-12.73693561553955,-15.480114936828613,-15.732010841369629,-16.63368797302246,-9.808877944946289,-11.400428771972656,-10.243316650390625,-11.967208862304688,-9.877331733703613,-13.349771499633789,-10.228582382202148,-8.640140533447266,-7.76305627822876,-6.822108745574951,-5.6733808517456055,-10.255175590515137,-10.160679817199707,-11.938821792602539,-14.1493558883667,0.33842089772224426,0.24382303655147552,0.1394003927707672,0.2390047311782837,,0.1843404769897461,,0.6067019701004028,,,0.8411529064178467,,,0.6121100783348083,0.31680530309677124,-0.04973834380507469,-0.08646226674318314,0.03503422811627388,-0.00652102567255497,,0.0135049382224679,,0.259283185005188,,,0.3968653082847595,,,0.23578336834907532,-0.05165545269846916
P232,39,165,78.9660906401771,16.85109217292025,Other kharif crop,high,"clear green-up, no flooding",0.59,11-04,7,,,-22.295751571655273,-21.94393539428711,-19.873308181762695,-22.292814254760742,-16.83785057067871,-14.272673606872559,-13.548734664916992,-15.901938438415527,-12.460334777832031,-14.763766288757324,-12.898091316223145,-13.32899284362793,-13.510152816772461,-13.128335952758789,-13.249792098999023,-7.530064582824707,-9.098196983337402,-6.6313252449035645,-9.800315856933594,-5.358965873718262,-5.298018932342529,-6.913781642913818,-7.4203901290893555,-4.818809509277344,-7.260570526123047,-6.730061054229736,-7.377185821533203,-6.448856830596924,-7.41801643371582,-5.367192268371582,0.12108004838228226,0.09283186495304108,,,,0.36313968896865845,,0.5036980509757996,,,0.571193277835846,,,0.5850048661231995,0.5600197315216064,-0.1799209862947464,-0.15064102411270142,,,,0.05590450391173363,,0.19409893453121185,,,0.14484067261219025,,,0.10345745831727982,0.08687753975391388
P233,39,165,79.03211681355988,16.87965859895525,Other kharif crop,high,"clear green-up, no flooding",0.66,09-29,8,,,-20.934823989868164,-20.120351791381836,-18.09368324279785,-17.504789352416992,-18.41118812561035,-14.77255916595459,-14.5128755569458,-16.772302627563477,-13.79922866821289,-16.47278594970703,-14.742015838623047,-13.861980438232422,-15.993396759033203,-16.416006088256836,-16.104516983032227,-11.31567096710205,-11.85558032989502,-7.245095252990723,-10.99072265625,-10.019720077514648,-8.265007019042969,-6.763429164886475,-9.243062019348145,-10.056035041809082,-9.529582023620605,-8.60499382019043,-8.647581100463867,-9.39578914642334,-6.973648548126221,-10.721148490905762,0.15960122644901276,0.21481746435165405,,,,0.5093879699707031,,0.5849924087524414,,,0.6577014327049255,,0.47593867778778076,0.5498585104942322,0.4961908161640167,-0.18142348527908325,-0.1506042629480362,,,,0.13477914035320282,,0.19292429089546204,,,0.1500970870256424,,0.11682391166687012,0.016874482855200768,-0.002775812055915594
P234,39,165,79.01621663303096,16.907416541234543,Other kharif crop,high,"clear green-up, no flooding",0.69,09-29,8,,,-18.0169620513916,-19.82464027404785,-17.787782669067383,-19.30632972717285,-17.76117515563965,-15.155172348022461,-16.37740707397461,-14.203850746154785,-14.762298583984375,-16.6583251953125,-10.663097381591797,-15.941123962402344,-14.873546600341797,-14.341249465942383,-15.403871536254883,-7.595383644104004,-9.374141693115234,-5.683112144470215,-8.772170066833496,-7.930980682373047,-6.681525707244873,-8.296719551086426,-6.365743637084961,-5.82309103012085,-8.997756958007812,-5.863836765289307,-4.893959999084473,-8.380471229553223,-8.060152053833008,-9.680858612060547,0.23607918620109558,0.21236206591129303,,0.20286819338798523,,0.2951784133911133,,0.5550855398178101,,,0.688374400138855,,,0.5810988545417786,0.4969591498374939,-0.1542387455701828,-0.13974598050117493,,-0.07401935756206512,,-0.01575956866145134,,0.15757736563682556,,,0.20854076743125916,,,0.10251614451408386,0.049894869327545166
P235,40,165,78.95477186759719,17.120317263570872,Other kharif crop,high,"clear green-up, no flooding",0.78,09-29,9,,,-16.578407287597656,-18.202150344848633,-15.121587753295898,-15.980470657348633,-15.92960262298584,-12.393355369567871,-14.157244682312012,-16.963529586791992,-15.52933406829834,-14.566651344299316,-14.175636291503906,-15.178655624389648,-15.000377655029297,-14.400118827819824,-12.836121559143066,-8.505632400512695,-9.12806224822998,-7.801096439361572,-9.235774993896484,-5.798330783843994,-7.233119487762451,-7.558614253997803,-11.09220027923584,-7.607106685638428,-8.037009239196777,-7.162639141082764,-10.335026741027832,-6.121870994567871,-5.323093414306641,-8.585543632507324,0.2755293846130371,0.6529234647750854,0.2768326997756958,0.42597663402557373,,0.46860337257385254,,0.7091479301452637,,,0.7817147970199585,,,0.7278622984886169,0.6046850085258484,-0.14911456406116486,-0.11917585879564285,0.022431427612900734,0.05517236143350601,,0.1896659880876541,,0.2636958360671997,,,0.21334122121334076,,,0.1726921796798706,0.15243598818778992
P236,40,165,78.89898648845336,17.08851690251304,Review,low,optical flood signal without a radar dip-and-rise,0.7,11-04,10,"06-13, 08-24, 11-16",08-12,-12.510754585266113,-17.727989196777344,-14.940184593200684,-19.548189163208008,-14.847824096679688,-13.123912811279297,-12.823966979980469,-16.99079704284668,-11.883825302124023,-13.70333194732666,-13.428168296813965,-12.58670425415039,-12.741642951965332,-15.0458984375,-18.923038482666016,-6.495665073394775,-9.729365348815918,-4.7745866775512695,-9.439047813415527,-9.5022554397583,-4.2695794105529785,-10.127952575683594,-9.644867897033691,-6.820717811584473,-9.906094551086426,-8.473067283630371,-7.384133815765381,-8.118364334106445,-8.122913360595703,-11.50345516204834,0.17677877843379974,,,0.2244272083044052,,0.3401827812194824,0.3628522753715515,0.5544731616973877,,0.6978049278259277,0.6990599632263184,,0.6053515076637268,0.7017996907234192,0.6697698831558228,-0.1632339507341385,,,-0.052398331463336945,,0.07159626483917236,0.31827080249786377,0.15244615077972412,,0.23034536838531494,0.19779378175735474,,0.25004470348358154,0.18872494995594025,0.17260728776454926
P237,40,165,78.920276560687,17.10414758845672,Review,low,radar dip but optical shows dry soil soon after,0.59,11-04,11,06-13,,-16.044057846069336,-23.321367263793945,-15.038941383361816,-20.283815383911133,-15.887988090515137,-13.515881538391113,-15.560328483581543,-15.697408676147461,-14.972785949707031,-15.373054504394531,-12.664222717285156,-15.699502944946289,-14.601471900939941,-14.563850402832031,-15.773482322692871,-4.856731414794922,-14.220562934875488,-9.202927589416504,-13.30921459197998,-9.038402557373047,-6.900981426239014,-7.180375576019287,-4.935585975646973,-6.414524078369141,-6.0459184646606445,-6.292499542236328,-8.104043960571289,-7.028532028198242,-6.951879978179932,-6.5505595207214355,0.14549878239631653,0.2746242880821228,0.3461760878562927,0.28438982367515564,,0.4064422845840454,,0.516543984413147,,0.5560780167579651,0.5265138149261475,0.5278947949409485,,0.5925858020782471,0.5724583864212036,-0.18735569715499878,-0.13463935256004333,0.05902973562479019,-0.0032724475022405386,,0.12923087179660797,,0.11082431674003601,,0.1306520402431488,0.07277738302946091,0.14288383722305298,,0.10392040014266968,0.09458903968334198
P238,40,165,78.9165036364937,17.138912389952143,Other kharif crop,high,"clear green-up, no flooding",0.72,09-29,12,,,-18.806554794311523,-19.386640548706055,-16.15414047241211,-21.674726486206055,-17.513700485229492,-16.174333572387695,-16.200441360473633,-13.864997863769531,-13.3193359375,-12.213410377502441,-14.655826568603516,-10.986291885375977,-11.856019973754883,-14.50253677368164,-13.56201457977295,-10.957223892211914,-9.799423217773438,-3.6809301376342773,-12.506609916687012,-9.270356178283691,-5.7785444259643555,-6.303316593170166,-7.905793190002441,-5.5109758377075195,-7.362466812133789,-6.437561511993408,-8.179628372192383,-7.215516090393066,-6.910751819610596,-7.100192070007324,0.10807141661643982,0.1323748230934143,0.14502260088920593,0.14287890493869781,,0.27738678455352783,,0.5598086714744568,0.6142680644989014,,0.7192041873931885,0.6685826778411865,0.5920670032501221,0.6062758564949036,0.5572460889816284,-0.2005620300769806,-0.20271867513656616,-0.16144515573978424,-0.1112227812409401,,0.04753444343805313,,0.16777509450912476,0.23136542737483978,,0.22642681002616882,0.24694955348968506,0.17587260901927948,0.12806639075279236,0.1347217559814453
P239,40,165,78.91839009859035,17.15939397843007,Other kharif crop,high,"clear green-up, no flooding",0.65,09-29,12,10-11,,-19.102806091308594,-17.160947799682617,-16.494579315185547,-15.593416213989258,-14.724798202514648,-15.457456588745117,-13.563270568847656,-16.96063804626465,-13.390742301940918,-13.047082901000977,-14.600198745727539,-18.947649002075195,-14.13277530670166,-15.768117904663086,-14.035219192504883,-14.562202453613281,-11.874112129211426,-10.340843200683594,-12.33841323852539,-9.0446195602417,-8.4924955368042,-7.73588752746582,-9.66457462310791,-8.910246849060059,-7.15837287902832,-10.790482521057129,-7.310811519622803,-8.9218168258667,-10.559179306030273,-11.132519721984863,0.27385419607162476,0.42273616790771484,0.15284830331802368,0.2850780487060547,,0.3839761018753052,,0.5862634181976318,,0.6383060812950134,0.652179479598999,0.4735926389694214,0.5235529541969299,0.5725240707397461,0.5136957764625549,-0.0791231095790863,-0.01900571398437023,-0.0593198761343956,0.02245486155152321,,0.07454037666320801,,0.14638271927833557,,0.1774950921535492,0.13896918296813965,0.19405187666416168,0.20962366461753845,0.09840784966945648,0.05529759079217911
P240,40,165,78.86556915988412,17.07935408661502,Other kharif crop,high,"clear green-up, no flooding",0.82,09-29,11,06-13,,-11.944024085998535,-17.327425003051758,-13.833240509033203,-16.880022048950195,-15.381001472473145,-13.17275619506836,-13.691875457763672,-13.143085479736328,-14.303531646728516,-14.36778736114502,-11.718916893005371,-13.451009750366211,-12.683866500854492,-13.922560691833496,-14.907137870788574,-4.041452884674072,-9.203246116638184,-5.373264789581299,-7.19645357131958,-4.695234775543213,-5.699577331542969,-5.723601818084717,-5.998467922210693,-5.062644958496094,-6.18766450881958,-7.079372882843018,-7.798521995544434,-5.309722423553467,-7.39556884765625,-6.5203094482421875,0.28864699602127075,,0.2565600275993347,,0.3302372694015503,0.3929976224899292,0.4948371648788452,0.6819813847541809,,,0.8201137781143188,0.6464157104492188,0.5788432359695435,0.7067556381225586,0.7110638618469238,-0.06790721416473389,,0.058109547942876816,,0.08034536987543106,0.16205549240112305,0.34639573097229004,0.27867090702056885,,,0.26966869831085205,0.20233575999736786,0.2164611518383026,0.17373347282409668,0.18271782994270325
P241,41,165,79.21860706654309,17.233235494784694,Other kharif crop,high,"clear green-up, no flooding",0.86,09-17,12,,,-21.270299911499023,-23.70854949951172,-21.20791244506836,-26.42087173461914,-24.53700828552246,-21.01858139038086,-19.10350227355957,-14.939324378967285,-17.16217041015625,-15.207233428955078,-12.70350456237793,-16.85837745666504,-15.571595191955566,-15.1371488571167,-17.63683319091797,-11.920870780944824,-12.0629301071167,-8.65857982635498,-13.495336532592773,-11.551717758178711,-10.274605751037598,-7.811416149139404,-9.288320541381836,-8.687566757202148,-8.094462394714355,-10.138189315795898,-11.422842979431152,-9.255014419555664,-9.527887344360352,-10.307568550109863,0.3463154435157776,0.32539498805999756,0.14548717439174652,0.12025276571512222,0.28793495893478394,0.2613058388233185,,0.8119394779205322,,0.8581334948539734,0.8293503522872925,0.707821249961853,,0.34218135476112366,0.25080111622810364,-0.08013363182544708,-0.11116121709346771,0.025467446073889732,0.019705157727003098,0.13259564340114594,0.18165212869644165,,0.3407711088657379,,0.36563050746917725,0.37579166889190674,0.2964448928833008,,-0.11730574071407318,0.08914803713560104
P242,41,165,79.22103251781022,17.16451437554955,Other kharif crop,high,"clear green-up, no flooding",0.75,11-04,12,11-04,,-16.85550880432129,-18.331632614135742,-18.878089904785156,-20.864038467407227,-15.496089935302734,-14.457694053649902,-12.248322486877441,-12.283134460449219,-13.7099027633667,-13.104599952697754,-16.217105865478516,-11.272327423095703,-13.615677833557129,-17.23771858215332,-15.21881103515625,-4.752243995666504,-8.207921028137207,-3.7638726234436035,-11.855647087097168,-1.4248474836349487,-1.3569241762161255,-5.054832935333252,-6.236238956451416,-3.9863595962524414,-4.585549831390381,-6.833514213562012,-8.213977813720703,-6.4506425857543945,-7.500493049621582,-7.127449035644531,0.1223786249756813,0.16354098916053772,0.20358069241046906,0.21142536401748657,0.24187201261520386,0.37665313482284546,,0.7021365165710449,,0.6357315182685852,0.466339647769928,,0.6268879175186157,0.7521032094955444,0.7086795568466187,-0.17542481422424316,-0.16014844179153442,-0.028768468648195267,-0.12537965178489685,0.07020781189203262,0.014386707916855812,,0.2195812314748764,,0.1464545726776123,0.1111806184053421,,0.29266786575317383,0.18488186597824097,0.19697768986225128
P243,41,165,79.144226561018,17.146188743753513,Other kharif crop,high,"clear green-up, no flooding",0.62,09-29,10,,,-20.311573028564453,-24.160137176513672,-15.646055221557617,-18.707603454589844,-13.637198448181152,-17.494504928588867,-14.641229629516602,-17.197216033935547,-17.081493377685547,-15.483875274658203,-14.139049530029297,-13.55823802947998,-16.01020622253418,-17.443038940429688,-15.334567070007324,-11.988288879394531,-12.798623085021973,-10.796972274780273,-12.381434440612793,-9.219795227050781,-11.329734802246094,-10.683450698852539,-10.226707458496094,-10.150944709777832,-8.754862785339355,-7.015206813812256,-8.609546661376953,-6.761595726013184,-8.01185417175293,-12.602913856506348,0.27947819232940674,0.273966908454895,0.22729796171188354,0.3112815022468567,0.3677491545677185,,,0.5855886340141296,,,0.6211152076721191,0.6077980399131775,,0.5888131856918335,0.4867395758628845,-0.12979018688201904,-0.159047931432724,0.02534588798880577,-0.005884891841560602,0.07443298399448395,,,0.23034235835075378,,,0.19499018788337708,0.21796154975891113,,0.10726620256900787,0.045872416347265244
P244,41,165,79.253910857209,17.286056433490923,Paddy,high,radar dip-and-rise + optical flood within 3 weeks,0.84,08-24,11,06-13,"06-13, 06-25, 07-07",-20.075637817382812,-24.161537170410156,-18.54392433166504,-17.872087478637695,-19.90192985534668,-15.774569511413574,-18.997846603393555,-17.078004837036133,-15.102002143859863,-14.214778900146484,-12.40782356262207,-14.119019508361816,-16.04853057861328,-17.467853546142578,-14.204339027404785,-10.910849571228027,-11.618115425109863,-13.172389030456543,-12.956174850463867,-10.01565933227539,-9.173727989196777,-9.352242469787598,-10.235968589782715,-10.514911651611328,-10.928444862365723,-9.282002449035645,-9.567548751831055,-3.691526412963867,-7.143896102905273,-7.570878028869629,0.17100191116333008,0.22992873191833496,0.2849010229110718,0.3051821291446686,0.41751259565353394,0.5017454028129578,,0.8368120193481445,,,0.7774782180786133,0.4059765636920929,,0.3861917555332184,0.40804383158683777,-0.07588934153318405,0.21773089468479156,0.27997055649757385,0.2927010953426361,0.2657979130744934,0.3114672303199768,,0.42323988676071167,,,0.34455472230911255,0.10035723447799683,,0.19451572000980377,0.18919743597507477
P245,41,165,79.28112981031781,17.305999032798375,Other kharif crop,high,"clear green-up, no flooding",0.84,09-29,12,,,-15.405709266662598,-16.226789474487305,-14.067667961120605,-13.35060977935791,-15.928829193115234,-14.466328620910645,-16.60994529724121,-12.925800323486328,-14.040645599365234,-14.944779396057129,-15.438633918762207,-16.171463012695312,-14.743316650390625,-15.151153564453125,-15.152292251586914,-6.879247665405273,-9.485212326049805,-4.924768924713135,-7.940785884857178,-9.414396286010742,-8.373324394226074,-10.125642776489258,-7.373130798339844,-9.378225326538086,-9.440082550048828,-7.765176773071289,-7.835463523864746,-5.594781398773193,-8.443136215209961,-9.047554969787598,0.4108103811740875,0.41154026985168457,0.4094238877296448,0.4445468783378601,0.3548422157764435,0.3003798723220825,,0.575861930847168,,,0.8426220417022705,0.8071830868721008,0.4821690320968628,0.5185186862945557,0.41788333654403687,-0.03428841754794121,-0.014283119700849056,0.07431192696094513,0.08346541225910187,0.10489633679389954,0.13010244071483612,,0.2574792206287384,,,0.35440540313720703,0.3779057562351227,0.26714155077934265,0.1356305181980133,0.14828583598136902
P246,41,165,79.2803213265621,17.281475025541912,Review,low,radar dip but optical shows dry soil soon after,0.65,09-29,10,"07-07, 08-12, 11-04",,-17.859432220458984,-19.62483024597168,-17.293582916259766,-22.69516372680664,-16.075254440307617,-19.89097785949707,-23.433490753173828,-20.772157669067383,-19.30367660522461,-15.619772911071777,-17.257375717163086,-16.76820945739746,-16.435853958129883,-20.982988357543945,-17.396818161010742,-7.054616451263428,-13.947917938232422,-8.177624702453613,-14.80201530456543,-6.490047454833984,-13.981176376342773,-9.618494033813477,-6.233680248260498,-8.683993339538574,-7.941251277923584,-7.949011325836182,-5.573452949523926,-9.260852813720703,-10.360810279846191,-10.60010051727295,0.20361606776714325,0.2805103063583374,0.23442111909389496,0.23095540702342987,0.27370893955230713,0.2330116629600525,,0.32846200466156006,,,0.6480705738067627,,,0.44611427187919617,0.5184473991394043,-0.07639104127883911,-0.04197482392191887,-0.07308246940374374,-0.04324374720454216,0.05087324604392052,0.023685425519943237,,-0.03117181733250618,,,0.17049378156661987,,,0.013507300056517124,0.0494786761701107
P247,42,92,79.72444840303079,16.7424858550702,Other kharif crop,high,"clear green-up, no flooding",0.75,09-29,11,,,-20.451412200927734,-21.213638305664062,-20.394498825073242,-19.651668548583984,-18.299041748046875,-21.991615295410156,-20.759889602661133,-16.798015594482422,-21.906551361083984,-16.23911476135254,,-15.125283241271973,-15.495800018310547,,-18.51774024963379,-12.22559928894043,-11.194811820983887,-13.300982475280762,-10.839881896972656,-7.639110565185547,-11.603302955627441,-7.240913391113281,-9.136905670166016,-9.201254844665527,-10.937309265136719,,-7.5803985595703125,-10.032604217529297,,-12.555006980895996,0.10405850410461426,0.07622401416301727,0.16767308115959167,0.12445615977048874,,0.12716498970985413,,0.564224362373352,,,0.7511262893676758,0.5562421083450317,0.7164075970649719,0.3097451329231262,0.21104000508785248,-0.1686035841703415,-0.08944490551948547,-0.06488136202096939,-0.1536753624677658,,0.01825752481818199,,0.22701355814933777,,,0.3364941477775574,0.3063449561595917,0.3094746768474579,-0.08072978258132935,-0.05372702702879906
P248,42,92,79.74196555107112,16.80042719089591,Paddy,high,radar dip-and-rise + optical flood within 3 weeks,0.84,09-17,12,08-12,08-24,-27.790292739868164,-21.664852142333984,-26.057781219482422,-23.19066047668457,-16.48432731628418,-22.836528778076172,-23.954116821289062,-20.121017456054688,-19.889841079711914,-15.082868576049805,,-15.502241134643555,-12.547981262207031,,-15.189319610595703,-13.153435707092285,-14.756531715393066,-10.543410301208496,-9.004622459411621,-3.811157703399658,-10.676478385925293,-15.400424003601074,-16.12482452392578,-8.802830696105957,-8.399913787841797,,-11.482378005981445,-6.928457736968994,,-9.859715461730957,0.16746306419372559,0.21340341866016388,0.08315283060073853,0.09866722673177719,,0.1269446611404419,,0.35815155506134033,,0.8354281783103943,0.7754567861557007,0.8078814744949341,0.8316999673843384,0.7908624410629272,0.4438055753707886,-0.23078933358192444,-0.10785359889268875,-0.09957945346832275,-0.20910045504570007,,-0.03177659213542938,,0.30914151668548584,,0.3291347324848175,0.3325979709625244,0.413675457239151,0.4441825747489929,0.4020218849182129,0.07620490342378616
P249,42,92,79.61611157976598,16.955925566576997,Paddy,high,radar dip-and-rise + optical flood within 3 weeks,0.82,09-17,9,07-31,07-31,-17.6967716217041,-17.452911376953125,-18.678102493286133,-17.488624572753906,-17.398412704467773,-22.014217376708984,-23.00766372680664,-22.443830490112305,-17.56247901916504,-17.769046783447266,,-15.565943717956543,-12.567310333251953,,-14.192811965942383,-10.837262153625488,-9.74911880493164,-11.422740936279297,-10.92545223236084,-10.051033973693848,-13.122633934020996,-11.575450897216797,-13.086687088012695,-7.509683132171631,-12.746557235717773,,-10.100008964538574,-8.775012969970703,,-9.119874000549316,0.2821003198623657,0.2729002833366394,,,,0.09511500597000122,,0.49211111664772034,,0.8163310289382935,0.8129120469093323,,0.7559465169906616,0.6642614603042603,0.24815139174461365,-0.09444395452737808,-0.09730067849159241,,,,0.17325551807880402,,0.2824850380420685,,0.29602906107902527,0.33431559801101685,,0.47819048166275024,0.3242647349834442,-0.050559982657432556
P250,42,92,79.68887511777966,16.806625566356335,Paddy,high,radar dip-and-rise + optical flood within 3 weeks,0.8,09-29,10,"06-13, 08-12, 10-11",07-31,-18.590551376342773,-22.93157958984375,-18.243934631347656,-18.78647804260254,-15.443473815917969,-16.715923309326172,-22.206369400024414,-19.714035034179688,-17.339548110961914,-17.31361961364746,,-21.37558937072754,-14.582286834716797,,-16.041072845458984,-15.482175827026367,-9.456686019897461,-11.493139266967773,-10.215439796447754,-8.85073471069336,-13.23898983001709,-14.670564651489258,-11.023232460021973,-9.426070213317871,-10.215685844421387,,-10.942946434020996,-8.115545272827148,,-10.143179893493652,0.14690600335597992,0.1754079908132553,0.14566586911678314,0.1874399483203888,,0.13023313879966736,,0.6617256999015808,,,0.801530122756958,,0.7915170788764954,0.5423200726509094,0.27368804812431335,-0.1441119909286499,-0.10779684782028198,-0.10974479466676712,-0.1747189164161682,,0.1160903349518776,,0.25445693731307983,,,0.36351653933525085,,0.34051835536956787,0.1390487104654312,-0.13090531527996063
P251,42,92,79.72660435971268,16.734940006683594,Paddy,high,radar dip-and-rise + optical flood within 3 weeks,0.8,09-29,10,"07-31, 08-12, 11-16",07-31,-21.531082153320312,-17.3155460357666,-16.692607879638672,-20.056690216064453,-13.826329231262207,-23.93799591064453,-23.97443389892578,-21.57355308532715,-19.94444465637207,-18.074281692504883,,-13.204437255859375,-13.495180130004883,,-19.41073226928711,-14.22348403930664,-7.460642337799072,-4.687108039855957,-8.270447731018066,-2.261190176010132,-16.49440574645996,-13.776473999023438,-10.31957721710205,-12.239298820495605,-12.263216018676758,,-8.868118286132812,-9.063640594482422,,-7.103085994720459,0.13431237637996674,0.06425385177135468,0.11178795248270035,0.07553750276565552,,0.07127534598112106,,0.526431679725647,,,0.8046170473098755,,0.7089455127716064,0.5977838039398193,0.23299343883991241,-0.14922581613063812,-0.06391404569149017,-0.18411117792129517,-0.175285205245018,,0.17858387529850006,,0.27704381942749023,,,0.37970274686813354,,0.330055296421051,0.2625332772731781,-0.049590229988098145
P252,42,92,79.67890381812593,16.803391631333504,Review,low,radar dip but optical shows dry soil soon after,0.72,09-17,12,07-31,,-18.408544540405273,-16.739845275878906,-14.838268280029297,-15.30213451385498,-15.569262504577637,-19.523765563964844,-18.479175567626953,-15.787490844726562,-14.938396453857422,-15.40421199798584,,-13.167707443237305,-15.350360870361328,,-14.370877265930176,-7.518613815307617,-8.424785614013672,-7.526310443878174,-8.429475784301758,-6.813377380371094,-6.8643293380737305,-7.81699800491333,-4.84135103225708,-7.611630916595459,-3.6927621364593506,,-7.423664093017578,-5.016849994659424,,-3.194923162460327,0.15013153851032257,0.2558886706829071,,0.31116726994514465,,0.24581177532672882,,0.5759888887405396,0.6290284395217896,0.7235881090164185,0.6688944101333618,0.6484270691871643,0.6808241009712219,0.6128316521644592,0.4034202992916107,-0.06683068722486496,-0.10313864052295685,,-0.08603515475988388,,0.06820671260356903,,0.2256203293800354,0.3245944380760193,0.25568485260009766,0.2723444104194641,0.2918606996536255,0.26338469982147217,0.217074915766716,0.07780885696411133
P253,43,165,79.37491392597988,16.800157696310674,Review,low,radar dip but optical shows dry soil soon after,0.76,09-29,9,07-31,,-16.570236206054688,-17.397539138793945,-16.695886611938477,-17.634498596191406,-20.926881790161133,-24.230932235717773,-16.75152587890625,-19.51606559753418,-15.383441925048828,-15.906774520874023,-13.800389289855957,-14.25309944152832,-16.276151657104492,-19.250843048095703,-14.965389251708984,-7.303862571716309,-9.556534767150879,-7.154397010803223,-8.919229507446289,-14.902286529541016,-8.188986778259277,-9.807491302490234,-9.889167785644531,-10.82852554321289,-10.264464378356934,-6.395125389099121,-11.900829315185547,-8.891988754272461,-8.863058090209961,-8.76030158996582,0.2056185007095337,0.12309093028306961,,0.10890209674835205,,0.25876015424728394,,0.6216167211532593,,,0.7564470171928406,0.61415034532547,,0.24480411410331726,0.2124476432800293,-0.014260100200772285,-0.1527332216501236,,-0.08155834674835205,,0.15233787894248962,,0.2644301652908325,,,0.34076160192489624,0.3497515320777893,,-0.0916663184762001,-0.11507179588079453
P254,43,165,79.33260327609786,16.85702105379544,Review,low,optical flood signal without a radar dip-and-rise,0.84,09-29,8,06-13,07-31,-13.611929893493652,-18.460172653198242,-13.630908012390137,-19.2270565032959,-18.55537986755371,-22.042102813720703,-19.708553314208984,-19.848644256591797,-18.067880630493164,-14.566009521484375,-17.080425262451172,-12.918746948242188,-11.632584571838379,-12.743561744689941,-15.402016639709473,-4.323184967041016,-9.845510482788086,-3.480327844619751,-8.916114807128906,-8.689682006835938,-14.916116714477539,-12.410661697387695,-9.634684562683105,-10.532498359680176,-10.329934120178223,-6.042424201965332,-8.825750350952148,-10.061416625976562,-10.137334823608398,-10.425277709960938,0.139418363571167,0.12631478905677795,,0.10498633980751038,,0.19901904463768005,,0.62111496925354,,,0.8416259288787842,,,0.35663288831710815,0.24849867820739746,-0.11866272985935211,-0.19817806780338287,,-0.04982474818825722,,0.27363771200180054,,0.3153069019317627,,,0.34471726417541504,,,-0.029365235939621925,-0.12128853797912598
P255,43,165,79.39243107402022,16.911728454598318,Review,low,already green in June: orchard or perennial?,0.84,11-04,9,,,-14.666481018066406,-16.21392059326172,-13.136106491088867,-14.190070152282715,-12.979098320007324,-13.351509094238281,-15.19529914855957,-15.04449462890625,-14.84110164642334,-15.834538459777832,-14.752053260803223,-12.565176010131836,-12.887874603271484,-15.311702728271484,-14.610268592834473,-7.801671028137207,-6.416988372802734,-5.916884422302246,-9.639663696289062,-8.654759407043457,-7.056085109710693,-7.274952411651611,-8.592767715454102,-5.535433292388916,-8.698677062988281,-6.772090911865234,-7.322943210601807,-6.577171802520752,-8.211282730102539,-8.308309555053711,0.6982204914093018,0.7541905641555786,,0.6501161456108093,,0.5009702444076538,,0.6638579368591309,,,0.6583154201507568,,0.801670491695404,0.8428887128829956,0.7536817789077759,0.16864973306655884,0.17243142426013947,,0.2217005491256714,,0.21716544032096863,,0.28169572353363037,,,0.27699437737464905,,0.3420369327068329,0.33535486459732056,0.2890070080757141
P256,43,165,79.35739677793956,16.825759681908078,Paddy,high,radar dip-and-rise + optical flood within 3 weeks,0.82,09-29,9,08-12,07-31,-16.617290496826172,-16.9141902923584,-16.171173095703125,-18.939844131469727,-17.538408279418945,-19.174562454223633,-26.4603214263916,-19.33661651611328,-19.225391387939453,-15.061545372009277,-17.202299118041992,-14.30377197265625,-16.764781951904297,-17.02173614501953,-13.40863037109375,-10.09952163696289,-8.71561050415039,-7.517472743988037,-9.88392448425293,-7.85839319229126,-10.382735252380371,-16.38938331604004,-6.106626987457275,-9.97215747833252,-9.336638450622559,-11.349882125854492,-8.449769973754883,-8.654779434204102,-12.419248580932617,-6.453559398651123,0.22361773252487183,0.13956668972969055,,0.12049372494220734,,0.1723453253507614,,0.45738619565963745,,,0.8210477828979492,,0.773989737033844,0.7075773477554321,0.27322375774383545,-0.10312056541442871,-0.15002566576004028,,-0.1115351989865303,,0.21226534247398376,,0.2249925136566162,,,0.3746015727519989,,0.3872709572315216,0.3473685681819916,-0.10208408534526825
P257,43,165,79.38758017148598,16.8882824256828,Other kharif crop,high,"clear green-up, no flooding",0.79,09-17,10,10-23,,-17.6914119720459,-18.187658309936523,-11.99140453338623,-15.42127799987793,-17.30032730102539,-17.75971031188965,-15.821514129638672,-16.116910934448242,-13.021533966064453,-12.07963752746582,-12.658699989318848,-13.688880920410156,-17.26205062866211,-13.134886741638184,-15.674505233764648,-8.608597755432129,-10.018706321716309,-8.132308959960938,-12.28586196899414,-13.50700569152832,-9.307072639465332,-8.62906265258789,-9.067219734191895,-8.097970962524414,-5.906618118286133,-6.767768383026123,-9.767183303833008,-5.769900798797607,-5.905040264129639,-6.478641033172607,0.199507474899292,0.19256550073623657,,0.19914670288562775,,0.30111783742904663,,0.5689594745635986,,0.7927054762840271,0.7316591739654541,,0.5151136517524719,0.55247563123703,0.4623851180076599,-0.10487902909517288,-0.16773617267608643,,-0.009473370388150215,,0.1891728788614273,,0.3072567582130432,,0.4439452588558197,0.38397765159606934,,0.24217693507671356,0.27347856760025024,0.19344913959503174
P258,43,165,79.31104370927899,16.91496238962115,Review,low,radar dip but optical shows dry soil soon after,0.74,09-29,10,"07-19, 07-31",,-14.430500030517578,-16.595502853393555,-14.177160263061523,-17.194520950317383,-20.958364486694336,-24.418306350708008,-19.149852752685547,-16.513385772705078,-14.443251609802246,-17.448040008544922,-12.411624908447266,-13.573241233825684,-14.980968475341797,-14.647238731384277,-12.326461791992188,-2.4101381301879883,-9.45423698425293,-4.315937042236328,-10.18060302734375,-7.468266010284424,-12.79148006439209,-9.063211441040039,-8.439180374145508,-9.123321533203125,-6.97369909286499,-9.933720588684082,-6.310638904571533,-8.85737419128418,-8.383499145507812,-8.738243103027344,0.3607853055000305,0.18498027324676514,,0.1819465160369873,,0.29193902015686035,,0.591108500957489,,,0.7412382364273071,0.6150963306427002,0.3210856318473816,0.2694588303565979,0.2916342616081238,-0.023565739393234253,-0.12112373858690262,,0.055147185921669006,,0.23870867490768433,,0.3294784426689148,,,0.3607420325279236,0.32456496357917786,0.1797982007265091,0.12859366834163666,0.16588173806667328
P259,44,92,79.70881771708711,17.366365819891207,Other kharif crop,high,"clear green-up, no flooding",0.68,09-17,7,,,-16.67264175415039,-16.1536922454834,-14.185108184814453,-17.980045318603516,-15.183403015136719,-16.508586883544922,-16.20179557800293,-18.68866539001465,-18.17583656311035,-20.372507095336914,,-17.4849796295166,-13.736721992492676,,-14.627279281616211,-10.293585777282715,-10.345524787902832,-9.319448471069336,-9.033795356750488,-7.936761856079102,-9.67941665649414,-11.950201034545898,-13.68402099609375,-6.67253303527832,-6.6591620445251465,,-7.169678688049316,-8.889718055725098,,-11.114030838012695,0.3708473742008209,,,0.5509957671165466,,0.45765000581741333,,,,0.6786465048789978,0.5890313386917114,,,0.5717681646347046,0.5060001611709595,-0.06897959113121033,,,0.16420720517635345,,0.018329352140426636,,,,0.16906048357486725,0.21631288528442383,,,0.09525745362043381,0.00125868059694767
P260,44,92,79.67432241017693,17.366365819891207,Other kharif crop,high,"clear green-up, no flooding",0.53,07-31,11,,,-15.704300880432129,-17.946704864501953,-16.195573806762695,-16.572250366210938,-17.4835205078125,-15.100020408630371,-15.215960502624512,-12.214974403381348,-15.435215950012207,-17.724815368652344,,-16.097942352294922,-13.06001091003418,,-17.011577606201172,-9.61673641204834,-9.875845909118652,-10.00744342803955,-10.063451766967773,-9.919034957885742,-8.858125686645508,-6.356532096862793,-7.755400657653809,-9.3615140914917,-8.157668113708496,,-7.621875286102295,-6.044947624206543,,-10.518115043640137,0.35418400168418884,,,0.4168614447116852,0.35938793420791626,0.525627851486206,,0.44442540407180786,0.47577789425849915,,0.3794142007827759,0.4690004289150238,0.4667132496833801,0.4739658534526825,0.47753748297691345,-0.08338609337806702,,,0.0399446114897728,0.1335088461637497,0.1524340957403183,,0.13792784512043,0.2193133383989334,,0.04550378769636154,0.03498569875955582,0.008446864783763885,0.008241946808993816,-0.00965974386781454
P261,44,92,79.6328202440506,17.375528635789227,Review,low,already green in June: orchard or perennial?,0.85,09-29,9,,,-15.428595542907715,-12.980572700500488,-14.399553298950195,-13.717930793762207,-13.646636009216309,-12.039689064025879,-14.507801055908203,-11.831811904907227,-16.097949981689453,-11.748576164245605,,-14.23516845703125,-13.453706741333008,,-14.13056755065918,-10.313883781433105,-9.347857475280762,-7.558281898498535,-10.256489753723145,-8.449058532714844,-10.13222885131836,-5.045998573303223,-5.943945407867432,-7.603333473205566,-7.025747299194336,,-7.5714006423950195,-7.098457336425781,,-5.921156883239746,0.581027090549469,,,0.5304738283157349,0.3516386151313782,0.4355572760105133,,0.683472752571106,,,0.8450454473495483,0.6674060821533203,,0.748564600944519,0.7000651359558105,0.08648964762687683,,,0.29585975408554077,0.2366856038570404,0.2896746098995209,,0.2777966558933258,,,0.3705543577671051,0.339437335729599,,0.2498350590467453,0.18821275234222412
P262,44,92,79.64306103828956,17.300070151923187,Review,low,already green in June: orchard or perennial?,0.71,10-23,9,,,-14.592370986938477,-18.222576141357422,-20.15748405456543,-17.35992431640625,-15.431678771972656,-17.955745697021484,-15.584097862243652,-13.802985191345215,-17.140701293945312,-16.91460418701172,,-13.450498580932617,-13.334331512451172,,-14.994800567626953,-8.649334907531738,-10.0403413772583,-8.291926383972168,-11.742287635803223,-6.409709930419922,-10.173194885253906,-7.436411380767822,-9.278467178344727,-9.400558471679688,-7.801513671875,,-7.840538024902344,-9.208189010620117,,-7.698187828063965,0.5018081665039062,,,0.21010825037956238,0.229285329580307,0.2732962965965271,,0.47181349992752075,,,0.6070623993873596,,0.7087615728378296,0.685348629951477,0.6117015480995178,0.02774866856634617,,,-0.00992600992321968,0.0932219922542572,0.01160360872745514,,0.20084379613399506,,,0.25070512294769287,,0.21858404576778412,0.20362702012062073,0.11522546410560608
P263,44,92,79.66974100222791,17.3264806212763,Review,low,radar dip but optical shows dry soil soon after,0.74,11-04,9,06-13,,-14.469656944274902,-22.229095458984375,-18.92218780517578,-19.26736068725586,-15.12859058380127,-15.913625717163086,-11.800609588623047,-13.527273178100586,-13.558730125427246,-14.209271430969238,,-11.330514907836914,-12.378695487976074,,-14.303990364074707,-4.039076805114746,-11.675822257995605,-11.384284019470215,-10.708603858947754,-7.3000688552856445,-5.645400047302246,-7.2967939376831055,-6.314765930175781,-7.473997592926025,-6.516788005828857,,-5.654458045959473,-5.781473159790039,,-7.798773765563965,0.1468697488307953,,,0.2719492018222809,,0.3292548656463623,,0.5691209435462952,,,0.7045682668685913,0.6772418022155762,0.7259362936019897,0.7389594316482544,0.5932324528694153,-0.25581854581832886,,,-0.07060609012842178,,0.19440343976020813,,0.20389901101589203,,,0.23390379548072815,0.16298532485961914,0.20110324025154114,0.1933472752571106,0.1261928826570511
P264,44,92,79.76244713954905,17.362592895697905,Review,low,radar dip but optical shows dry soil soon after,0.78,09-17,10,08-12,,-19.68903923034668,-18.00368309020996,-16.946884155273438,-17.027042388916016,-14.167462348937988,-15.8334379196167,-22.691402435302734,-23.155193328857422,-17.768535614013672,-18.94039535522461,,-18.2362003326416,-17.217777252197266,,-15.791638374328613,-13.814905166625977,-12.065777778625488,-11.818361282348633,-9.630123138427734,-9.03686237335205,-8.078014373779297,-12.942547798156738,-13.090157508850098,-5.582082748413086,-9.640763282775879,,-11.075611114501953,-12.507671356201172,,-11.048232078552246,0.31460264325141907,0.23403288424015045,,0.4806709587574005,0.3563672602176666,0.5795996785163879,,0.3498595058917999,,0.7766087055206299,0.6860071420669556,,,0.6659172773361206,0.5547246932983398,-0.07473409175872803,-0.10587545484304428,,0.06806394457817078,0.12142841517925262,0.14385543763637543,,0.1265811324119568,,0.27775537967681885,0.2789917290210724,,,0.18429380655288696,0.1045384630560875
P265,45,165,79.1585097740355,16.69182087304586,Other kharif crop,high,"clear green-up, no flooding",0.79,09-29,9,,,-15.942991256713867,-13.225617408752441,-15.962642669677734,-16.67913055419922,-16.738014221191406,-20.056238174438477,-18.530990600585938,-18.674909591674805,-14.580225944519043,-16.223237991333008,-14.451555252075195,-15.450044631958008,-13.449237823486328,-14.849167823791504,-15.331012725830078,-10.16130256652832,-8.90414047241211,-10.113462448120117,-9.336923599243164,-7.035907745361328,-10.137786865234375,-10.748619079589844,-10.270273208618164,-10.546792030334473,-9.742079734802246,-9.981158256530762,-8.407004356384277,-9.32394790649414,-10.168015480041504,-6.315304756164551,0.37145429849624634,0.3620886504650116,,0.1833389699459076,,0.27154862880706787,,0.45334285497665405,,,0.7872637510299683,,0.7848997712135315,0.6842178106307983,0.5257213115692139,-0.04324110597372055,0.016493747010827065,,0.01995917409658432,,0.19719992578029633,,0.2744958996772766,,,0.32584574818611145,,0.3555992841720581,0.2968772053718567,0.19215410947799683
P266,45,165,79.14988594730795,16.650857696090007,Review,low,optical flood signal without a radar dip-and-rise,0.8,10-23,9,,07-31,-17.842105865478516,-14.039551734924316,-13.250473022460938,-15.738736152648926,-17.26287841796875,-17.029190063476562,-19.45476722717285,-20.12335777282715,-21.54908561706543,-18.235618591308594,-17.711292266845703,-14.231093406677246,-14.26220417022705,-17.750612258911133,-16.741954803466797,-9.957549095153809,-10.110074996948242,-8.768505096435547,-11.516063690185547,-10.890830039978027,-11.665616035461426,-12.996907234191895,-13.21513843536377,-10.464505195617676,-9.94588565826416,-7.396214485168457,-9.762490272521973,-9.51205825805664,-10.937435150146484,-9.105597496032715,0.2644605040550232,,,0.38358378410339355,,0.25376826524734497,,0.4033820331096649,,0.6338402032852173,0.696860671043396,,0.8008484840393066,0.7309293746948242,0.5143918991088867,-0.04865941405296326,,,0.10638131201267242,,0.23160099983215332,,0.22080226242542267,,0.21192839741706848,0.2976292371749878,,0.3652905821800232,0.3288860619068146,0.09550850093364716
P267,45,165,79.04478305906596,16.730628093319822,Other kharif crop,high,"clear green-up, no flooding",0.73,09-29,9,,,-24.697376251220703,-24.05797576904297,-16.953153610229492,-15.951728820800781,-18.16229248046875,-13.829201698303223,-15.372426986694336,-14.920317649841309,-16.974624633789062,-14.584043502807617,-13.452528953552246,-13.760361671447754,-11.697168350219727,-15.56233024597168,-14.301764488220215,2.695329427719116,-2.0753333568573,-2.4150679111480713,-7.73386812210083,-6.025280952453613,-7.798654079437256,-10.517864227294922,-9.344412803649902,-9.351963996887207,-10.629612922668457,-8.655256271362305,-7.898937702178955,-7.133369445800781,-10.429771423339844,-8.75159740447998,0.09358081221580505,0.07535245269536972,,,0.2999599277973175,0.5351710319519043,,0.5754541158676147,,0.68285071849823,0.7262161374092102,,,0.656378984451294,0.5831314325332642,-0.12564942240715027,-0.017279401421546936,,,0.08725184947252274,0.17291760444641113,,0.24525441229343414,,0.2750795781612396,0.2789287269115448,,,0.21875230967998505,0.1522320806980133
P268,45,165,79.07011555007813,16.738173941706425,Review,low,radar dip but optical shows dry soil soon after,0.76,09-29,10,07-19,,-17.02142906188965,-15.460736274719238,-16.354223251342773,-17.147350311279297,-21.1281681060791,-17.580589294433594,-17.74544334411621,-20.07674217224121,-16.991724014282227,-17.798812866210938,-15.901577949523926,-15.891047477722168,-16.7087459564209,-14.878194808959961,-14.622645378112793,-11.607488632202148,-10.391633987426758,-9.14050006866455,-12.903486251831055,-9.827051162719727,-9.941624641418457,-10.300943374633789,-8.918381690979004,-9.94454288482666,-10.059965133666992,-10.335803031921387,-9.08432388305664,-7.505581378936768,-10.514935493469238,-10.564654350280762,0.32343873381614685,0.3082282841205597,,0.21555104851722717,,0.34073781967163086,,0.47219136357307434,,0.6512457132339478,0.7647154331207275,,0.6616494655609131,0.6215588450431824,0.5309990048408508,-0.045692652463912964,0.010761914774775505,,0.04438250511884689,,0.13866256177425385,,0.2252933531999588,,0.33635640144348145,0.3253674805164337,,0.2758854329586029,0.19076909124851227,0.12108820676803589
P269,45,165,79.0773919038795,16.64304235311817,Other kharif crop,high,"clear green-up, no flooding",0.7,09-29,10,,,-21.467201232910156,-17.634891510009766,-14.139214515686035,-17.4041805267334,-16.42083740234375,-17.485029220581055,-17.883546829223633,-16.616466522216797,-14.066410064697266,-13.485020637512207,-17.061668395996094,-12.579939842224121,-12.874942779541016,-14.654121398925781,-15.000245094299316,-8.931669235229492,-8.433527946472168,-8.84689712524414,-9.807557106018066,-11.6920747756958,-8.638465881347656,-9.181626319885254,-7.504876613616943,-7.623111724853516,-8.526144027709961,-6.656589984893799,-5.454219341278076,-5.620483875274658,-10.472559928894043,-9.186503410339355,0.17750680446624756,0.22058959305286407,0.3247368633747101,0.3081881105899811,,0.369661808013916,,0.5717412233352661,,,0.7021775841712952,,0.6639735102653503,0.6163133382797241,0.4593101739883423,-0.10273170471191406,-0.06366295367479324,0.22310665249824524,0.07001488655805588,,0.13892672955989838,,0.25396448373794556,,,0.3354734778404236,,0.30180883407592773,0.2763494551181793,0.14054422080516815
P270,45,165,79.1622826982288,16.77644217280992,Other kharif crop,high,"clear green-up, no flooding",0.76,11-04,10,08-12,,-14.786599159240723,-17.915935516357422,-15.150091171264648,-17.50687026977539,-15.061869621276855,-13.010296821594238,-18.91069984436035,-16.924936294555664,-16.387432098388672,-13.058440208435059,-14.868886947631836,-17.045578002929688,-15.992180824279785,-12.961771011352539,-15.130757331848145,-4.015661239624023,-7.554859161376953,-4.483981609344482,-8.821919441223145,-9.28870677947998,-5.972542762756348,-10.893769264221191,-7.326530456542969,-8.902702331542969,-9.443700790405273,-8.633793830871582,-9.493830680847168,-9.484086990356445,-9.759661674499512,-8.825141906738281,0.2777511477470398,0.20800074934959412,,0.23034349083900452,,0.5669553279876709,,0.6399314999580383,0.6445912718772888,0.6319311261177063,0.6547037363052368,,,0.7584706544876099,0.6552392244338989,-0.12786048650741577,-0.07351060956716537,,0.03147295117378235,,0.20627963542938232,,0.259816437959671,0.1832190752029419,0.13826803863048553,0.24358907341957092,,,0.2235647588968277,0.13593971729278564
P271,46,92,79.42477042424852,16.655708598624255,Other kharif crop,high,"clear green-up, no flooding",0.62,11-04,10,,,-19.22051429748535,-18.722253799438477,-18.76072120666504,-21.78531837463379,-17.735700607299805,-18.930330276489258,-19.710710525512695,-13.95736312866211,-17.680862426757812,-15.595490455627441,,-12.287848472595215,-12.323535919189453,,-16.181621551513672,-11.057685852050781,-10.67816162109375,-10.617408752441406,-11.227279663085938,-8.001704216003418,-10.896665573120117,-9.99336051940918,-6.876138210296631,-8.237618446350098,-8.16889762878418,,-5.87255334854126,-7.554931640625,,-10.867328643798828,0.20959824323654175,,,0.09053473174571991,,0.1645680069923401,,0.360004186630249,0.406181663274765,,0.48611968755722046,0.5952431559562683,0.5579277276992798,0.6208400726318359,0.48929810523986816,-0.13694044947624207,,,-0.16452839970588684,,-0.13057826459407806,,-0.021715505048632622,0.004701158031821251,,0.04488392546772957,0.14906728267669678,0.07899247109889984,0.03105185553431511,-0.007733478210866451
P272,46,165,79.33934064072875,16.623099753810717,Review,low,radar dip but optical shows dry soil soon after,0.83,11-04,11,07-07,,-19.453142166137695,-19.77184295654297,-18.51827049255371,-25.966238021850586,-17.854955673217773,-15.656089782714844,-16.488027572631836,-16.82318878173828,-18.657381057739258,-18.135602951049805,-13.647661209106445,-13.406218528747559,-11.969035148620605,-13.150565147399902,-13.297164916992188,-10.408727645874023,-9.328083992004395,-6.532392501831055,-9.956588745117188,-7.627012729644775,0.21953925490379333,-7.776322841644287,-2.752654552459717,-6.590441703796387,-6.639830589294434,-2.9168601036071777,-6.769819736480713,-5.636788845062256,-7.740079879760742,-4.368546485900879,0.16821293532848358,0.09689635038375854,0.1266247183084488,0.12645353376865387,,0.2199692577123642,,0.4654860198497772,,0.513008177280426,0.5206083059310913,,0.7526492476463318,0.8343359231948853,0.7942612171173096,-0.23777320981025696,-0.1428007036447525,-0.006466356106102467,-0.14446954429149628,,-0.1355443000793457,,0.027212494984269142,,0.02416444756090641,0.09022897481918335,,0.27558210492134094,0.30126577615737915,0.293771892786026
P273,46,165,79.19084912426379,16.73925192004737,Paddy,high,radar dip-and-rise + optical flood within 3 weeks,0.73,11-04,10,"08-12, 08-24",08-12,-13.7025785446167,-15.904253005981445,-15.41801643371582,-13.360060691833496,-16.75943374633789,-12.289451599121094,-19.753318786621094,-20.753707885742188,-17.690349578857422,-17.173255920410156,-16.218490600585938,-13.460407257080078,-12.092996597290039,-13.922494888305664,-16.975296020507812,-9.695067405700684,-8.402422904968262,-7.844377040863037,-8.803977012634277,-8.25915813446045,-7.260390758514404,-10.117610931396484,-10.324578285217285,-8.411373138427734,-10.127265930175781,-7.749247074127197,-7.275392055511475,-7.024270057678223,-10.166947364807129,-9.72590160369873,0.21878525614738464,0.1759127378463745,,0.26639479398727417,,0.4997878074645996,0.23752018809318542,0.32137003540992737,,,0.5919893980026245,0.6852753162384033,,0.7294116020202637,0.3363769054412842,-0.1090695708990097,-0.01425770204514265,,0.05074281990528107,,0.1559455692768097,0.259704053401947,0.24823473393917084,,,0.2908722758293152,0.29803118109703064,,0.2807866334915161,-0.0768842101097107
P274,46,165,79.23127331204918,16.80878152303822,Other kharif crop,high,"clear green-up, no flooding",0.64,09-29,8,,,-22.82750701904297,-18.914716720581055,-15.273041725158691,-16.855852127075195,-17.43483543395996,-15.328474044799805,-14.065457344055176,-16.660995483398438,-12.159093856811523,-16.120508193969727,-10.707758903503418,-16.697509765625,-15.029084205627441,-16.313339233398438,-18.080183029174805,-6.0876851081848145,-8.074387550354004,-6.668876647949219,-10.655415534973145,-8.027859687805176,-7.318167209625244,-8.322035789489746,-6.324992656707764,-4.79998254776001,-7.133040904998779,-7.50713586807251,-9.75750732421875,-7.431350231170654,-8.105107307434082,-11.590950012207031,0.09635864198207855,0.11831682920455933,,0.10649535059928894,,0.30657678842544556,,0.3075016736984253,,,0.6437844038009644,,,0.39379173517227173,0.39415377378463745,-0.1312587559223175,-0.15093162655830383,,-0.008406349457800388,,0.05903679132461548,,0.009937107563018799,,,0.23165887594223022,,,0.006711388006806374,0.013835227116942406
P275,46,165,79.33907114614352,16.63522701014633,Other kharif crop,high,"clear green-up, no flooding",0.65,11-04,8,,,-26.404882431030273,-24.27836036682129,-18.542545318603516,-19.60350799560547,-19.371793746948242,-13.123202323913574,-16.941829681396484,-15.204681396484375,-16.872615814208984,-15.004535675048828,-14.603630065917969,-12.36099910736084,-11.73495864868164,-12.729331970214844,-15.90710735321045,-14.07254409790039,-13.217137336730957,-10.10027027130127,-7.0173845291137695,-7.054191589355469,-0.655950665473938,-6.715229034423828,-6.043299674987793,-6.361313343048096,-3.7807273864746094,-3.191554069519043,-6.51437520980835,-2.898825168609619,-5.464115142822266,-4.834606170654297,0.13392922282218933,,,0.06254447996616364,,0.19037634134292603,,0.5128095149993896,,0.6183889508247375,0.6145099401473999,,,0.6539742350578308,0.617307186126709,-0.20461440086364746,,,-0.1708233654499054,,-0.1416834592819214,,0.07203596085309982,,0.06451760977506638,0.12514469027519226,,,0.11581380665302277,0.08280157297849655
P276,46,165,79.23612421458343,16.729011125808405,Review,low,already green in June: orchard or perennial?,0.84,11-04,9,,,-13.739835739135742,-15.72580623626709,-13.185320854187012,-13.339110374450684,-15.020718574523926,-14.708367347717285,-15.941450119018555,-15.27306842803955,-14.070255279541016,-16.537038803100586,-17.221511840820312,-13.188852310180664,-11.85434627532959,-13.316267013549805,-11.715516090393066,-6.9683027267456055,-8.70330810546875,-8.646098136901855,-7.428880214691162,-9.00466251373291,-7.4572906494140625,-7.879466533660889,-7.492310523986816,-7.552490711212158,-11.173761367797852,-7.982802867889404,-8.557170867919922,-6.543824672698975,-8.199828147888184,-5.90093994140625,0.7673203945159912,,,0.37982749938964844,,0.5652303099632263,,0.6344784498214722,,0.35149383544921875,0.3778401017189026,0.7090846300125122,,0.8444648385047913,0.7824445366859436,0.27052178978919983,,,0.11023970693349838,,0.24486757814884186,,0.21286922693252563,,-0.13227307796478271,0.046534474939107895,0.2660713493824005,,0.3354986310005188,0.3067297041416168
P277,47,92,79.68348522607495,16.989342895146244,Paddy,high,radar dip-and-rise + optical flood within 3 weeks,0.87,09-17,9,08-12,07-31,-16.305261611938477,-12.857148170471191,-16.974973678588867,-18.244810104370117,-13.761220932006836,-17.310749053955078,-25.266965866088867,-19.228910446166992,-16.539052963256836,-18.54745864868164,,-13.822503089904785,-16.119802474975586,,-15.330018997192383,-10.396759986877441,-9.11415958404541,-10.499859809875488,-10.75419807434082,-8.491920471191406,-9.690853118896484,-12.978845596313477,-8.358898162841797,-5.316697597503662,-9.821675300598145,,-11.760725021362305,-9.139404296875,,-12.0765380859375,0.2927105724811554,,,0.1065126433968544,,0.11819121241569519,,0.5618779063224792,,0.8691689968109131,0.8193359375,,0.726780354976654,0.7655752301216125,0.5902091264724731,-0.07933014631271362,,,-0.10871568322181702,,0.2076966017484665,,0.29654547572135925,,0.36810752749443054,0.36745595932006836,,0.42218199372291565,0.39059320092201233,0.25371095538139343
P278,47,92,79.79613396270354,17.030845061272565,Review,low,radar dip but optical shows dry soil soon after,0.71,09-29,11,"06-13, 08-12",,-14.141682624816895,-19.084707260131836,-15.593217849731445,-16.198945999145508,-12.977686882019043,-14.089118957519531,-23.52715492248535,-22.270238876342773,-20.744979858398438,-18.242591857910156,,-15.62055492401123,-15.267524719238281,,-15.384956359863281,-10.552528381347656,-9.261699676513672,-10.149605751037598,-8.477743148803711,-8.354203224182129,-8.020991325378418,-12.711846351623535,-12.277799606323242,-8.920624732971191,-8.577577590942383,,-7.370072364807129,-11.23245620727539,,-9.562094688415527,0.3519360423088074,0.2531876564025879,0.25129738450050354,0.25768372416496277,,0.34619399905204773,,0.48326268792152405,,0.6199100613594055,0.7051831483840942,,0.6433455944061279,0.6935157775878906,0.5255662798881531,0.02972005121409893,-0.14529377222061157,-0.00438365712761879,-0.009987469762563705,,0.0714508518576622,,0.32317930459976196,,0.3003824055194855,0.3050132989883423,,0.33422234654426575,0.26959162950515747,0.11172120273113251
P279,47,92,79.77807782549273,17.04755372555719,Review,low,radar dip but optical shows dry soil soon after,0.79,09-29,9,08-12,,-17.386581420898438,-15.14972972869873,-14.26616096496582,-14.808643341064453,-13.897001266479492,-12.993982315063477,-21.064157485961914,-20.608795166015625,-15.821080207824707,-18.1588077545166,,-16.311716079711914,-12.178754806518555,,-12.335264205932617,-11.35398006439209,-11.67687702178955,-11.521016120910645,-9.022260665893555,-7.556107044219971,-7.928343296051025,-12.023467063903809,-12.55059814453125,-9.232074737548828,-12.118546485900879,,-10.419145584106445,-9.273584365844727,,-7.9117841720581055,0.2907182574272156,0.21923787891864777,,0.2026854306459427,,0.30554822087287903,,0.4235409200191498,,,0.7947590351104736,,0.6671231985092163,0.6152112483978271,0.4375431537628174,-0.11681963503360748,-0.12028511613607407,,-0.016863804310560226,,0.013359112665057182,,0.2684011459350586,,,0.35522741079330444,,0.4191356599330902,0.22968845069408417,0.09016060829162598
P280,47,92,79.64009659785197,17.044858779704832,Other kharif crop,high,"clear green-up, no flooding",0.81,09-29,10,,,-20.231679916381836,-17.06308364868164,-17.397212982177734,-17.674657821655273,-16.688343048095703,-18.199649810791016,-20.064109802246094,-19.686521530151367,-18.301794052124023,-17.49864959716797,,-18.856237411499023,-13.587848663330078,,-16.715917587280273,-11.301613807678223,-11.21892261505127,-9.222042083740234,-9.069282531738281,-8.206562042236328,-13.08404541015625,-10.969884872436523,-14.200206756591797,-9.044442176818848,-6.677209377288818,,-10.902137756347656,-6.776165008544922,,-10.652144432067871,0.2033597230911255,0.1893245428800583,,0.1522597074508667,,0.1805083155632019,,,,0.6134940385818481,0.8097014427185059,0.7969679832458496,0.7993808388710022,0.7639034986495972,0.3815920054912567,-0.09648603945970535,-0.25260570645332336,,-0.013318900018930435,,-0.019283344969153404,,,,0.31536900997161865,0.3506970703601837,0.3855768144130707,0.39755141735076904,0.38565802574157715,0.02631359174847603
P281,47,92,79.74115706731541,17.06695733569417,Paddy,high,radar dip-and-rise + optical flood within 3 weeks,0.78,09-29,10,"07-31, 08-12",07-31,-20.819021224975586,-20.3543758392334,-12.71297836303711,-16.869409561157227,-13.879651069641113,-20.134315490722656,-22.504728317260742,-18.73525619506836,-16.442903518676758,-15.746587753295898,,-18.775827407836914,-13.543848037719727,,-14.383772850036621,-11.628507614135742,-10.167754173278809,-9.590209007263184,-9.593710899353027,-7.364170551300049,-13.41522216796875,-14.988219261169434,-10.233248710632324,-8.708427429199219,-13.516928672790527,,-9.726367950439453,-9.193702697753906,,-8.430780410766602,0.2416308969259262,0.33890634775161743,0.4913468360900879,0.28964942693710327,,0.18430164456367493,,0.5447260141372681,,,0.7801666855812073,,0.6509854197502136,0.5815061926841736,0.26793020963668823,-0.1496456265449524,-0.0740516185760498,0.21103352308273315,-0.030717110261321068,,0.1927359700202942,,0.23678027093410492,,,0.3052111268043518,,0.361613392829895,0.26133963465690613,-0.10077811777591705
P282,47,92,79.70073287953004,16.991229357242894,Review,low,optical flood signal without a radar dip-and-rise,0.83,10-11,9,,07-31,-14.886697769165039,-13.827829360961914,-14.036234855651855,-14.794268608093262,-15.765275001525879,-19.10310935974121,-20.411792755126953,-19.557918548583984,-19.61661720275879,-18.00859832763672,,-15.506233215332031,-16.61212158203125,,-16.40287208557129,-9.204985618591309,-7.978483200073242,-9.52111530303955,-8.222640991210938,-5.311159610748291,-10.124005317687988,-10.248515129089355,-10.20598316192627,-9.70810317993164,-8.939129829406738,,-8.655768394470215,-8.98984146118164,,-9.58486557006836,0.3404976725578308,,,0.2729589343070984,,0.14174367487430573,,,,0.6857010126113892,0.7734019160270691,0.8262268900871277,0.6804544925689697,0.8097472190856934,0.6546640396118164,-0.0157824344933033,,,0.024658264592289925,,0.15751640498638153,,,,0.3352420926094055,0.32437825202941895,0.4081602096557617,0.38593730330467224,0.40376657247543335,0.30123111605644226
P283,48,165,78.73405580228902,17.329984050884367,Review,low,radar dip but optical shows dry soil soon after,0.71,08-24,11,07-07,,-18.160184860229492,-19.906394958496094,-15.658730506896973,-22.970129013061523,-20.344926834106445,-19.124204635620117,-16.00019073486328,-16.30534553527832,-14.876947402954102,-13.252737998962402,-13.965150833129883,-13.55860710144043,-15.23281478881836,-15.363179206848145,-12.35120964050293,-11.578638076782227,-10.014870643615723,-9.557817459106445,-13.407952308654785,-11.256906509399414,-8.916187286376953,-7.858867168426514,-6.710089683532715,-6.908954620361328,-5.407857418060303,-7.598038196563721,-7.548250675201416,-9.020061492919922,-11.056888580322266,-9.917401313781738,0.24438071250915527,0.24166175723075867,,0.1755281388759613,0.2753998935222626,0.26653504371643066,0.611810564994812,0.7089340686798096,,0.6911567449569702,0.6252396702766418,,,0.37807172536849976,0.3849392533302307,-0.06400902569293976,0.029109951108694077,,0.10984569787979126,0.22273626923561096,0.19223245978355408,0.3280882239341736,0.3452243208885193,,0.3358534574508667,0.31108930706977844,,,0.09977944195270538,0.1471463143825531
P284,48,165,78.81193973742218,17.363131884868377,Paddy,high,radar dip-and-rise + optical flood within 3 weeks,0.75,09-05,12,"06-25, 07-07","06-13, 06-25",-16.579605102539062,-14.270771026611328,-21.54816436767578,-24.04745101928711,-19.33197021484375,-15.406793594360352,-20.28803253173828,-17.394268035888672,-15.258419036865234,-16.036975860595703,-15.67283821105957,-15.73201847076416,-13.033548355102539,-15.269841194152832,-16.97877311706543,-9.719346046447754,-10.710021018981934,-15.397828102111816,-14.558428764343262,-7.985912799835205,-9.520301818847656,-9.545961380004883,-9.069060325622559,-6.876809597015381,-11.283309936523438,-7.5118937492370605,-9.621773719787598,-9.301361083984375,-8.042413711547852,-12.092094421386719,0.2505510151386261,0.15466797351837158,0.15870782732963562,0.2774718105792999,,0.5534103512763977,0.6116644740104675,0.6240625381469727,0.7528786659240723,,0.7264984250068665,0.35049083828926086,,0.2456636130809784,0.21859872341156006,-0.09992113709449768,0.14525842666625977,0.14017558097839355,0.19845561683177948,,0.28418999910354614,0.35524624586105347,0.34496331214904785,0.4506985545158386,,0.3042323589324951,0.06344388425350189,,-0.1336732804775238,-0.1513507217168808
P285,48,165,78.867725116566,17.396279718852387,Review,low,radar dip but optical shows dry soil soon after,0.83,09-29,12,07-07,,-17.248247146606445,-16.468717575073242,-15.422969818115234,-20.227874755859375,-18.042478561401367,-15.780248641967773,-16.027740478515625,-15.864368438720703,-16.40505027770996,-13.852436065673828,-13.614912033081055,-16.406719207763672,-10.438456535339355,-12.458537101745605,-12.6674222946167,-9.081753730773926,-7.894396781921387,-9.585508346557617,-14.05898666381836,-10.914183616638184,-8.965124130249023,-10.230834007263184,-7.278933048248291,-9.950981140136719,-9.139869689941406,-9.247030258178711,-9.289602279663086,-5.008007049560547,-4.154043674468994,-7.392310619354248,0.452587753534317,0.4210715889930725,0.2763567566871643,0.3161139190196991,,0.5616748929023743,0.7519403100013733,0.7679436206817627,,,0.8276163935661316,0.5694542527198792,0.37416180968284607,0.4285261631011963,0.4371587932109833,0.02475806325674057,0.030094662681221962,0.17284026741981506,0.1877630054950714,,0.2787768542766571,0.37588125467300415,0.3331913352012634,,,0.37741145491600037,0.2545529305934906,0.07373452186584473,0.054672252386808395,0.059140969067811966
P286,48,165,78.83673323926388,17.397088202608096,Paddy,high,radar dip-and-rise + optical flood within 3 weeks,0.75,08-24,11,"06-25, 07-07, 11-04","06-25, 07-07",-18.11098289489746,-17.948867797851562,-24.211307525634766,-31.027788162231445,-22.685972213745117,-19.149559020996094,-19.700870513916016,-18.27665138244629,-14.877647399902344,-15.523176193237305,-15.821331977844238,-12.094489097595215,-12.976143836975098,-17.973331451416016,-18.342233657836914,-10.83101749420166,-11.281471252441406,-16.413021087646484,-20.792749404907227,-10.831896781921387,-8.194527626037598,-9.779659271240234,-7.17513370513916,-8.513285636901855,-7.636564254760742,-8.70459270477295,-9.919184684753418,-6.895953178405762,-7.1988019943237305,-8.311595916748047,0.26629436016082764,0.27275827527046204,0.1883627474308014,0.24947945773601532,,0.44369715452194214,0.5285947322845459,0.7528425455093384,,0.7516392469406128,0.7521935701370239,,,0.23932349681854248,0.20046073198318481,-0.09380131959915161,0.007457015570253134,0.1581873893737793,0.24093946814537048,,0.24667689204216003,0.3642401099205017,0.3544160723686218,,0.42438191175460815,0.3566233515739441,,,-0.1724812090396881,-0.17477884888648987
P287,48,165,78.80412439445034,17.33564343717432,Other kharif crop,high,"clear green-up, no flooding",0.82,09-29,10,,,-17.541271209716797,-16.728078842163086,-15.595930099487305,-16.59744644165039,-16.29865837097168,-17.444120407104492,-16.50274658203125,-16.119338989257812,-15.869516372680664,-14.297707557678223,-15.186217308044434,-15.099627494812012,-17.878734588623047,-13.772709846496582,-16.52996826171875,-13.461517333984375,-8.870123863220215,-7.981706142425537,-10.322465896606445,-9.382635116577148,-7.868427276611328,-7.686047554016113,-6.4018168449401855,-9.352678298950195,-8.23458480834961,-9.69852352142334,-7.416357040405273,-9.420133590698242,-10.22428035736084,-10.22574234008789,0.2874413728713989,,0.3824766278266907,0.2642797529697418,,0.33698132634162903,0.45030224323272705,0.6737819910049438,,,0.8245941400527954,,0.5139163732528687,0.5808799266815186,0.36188703775405884,-0.027710266411304474,,0.09481577575206757,0.10985325276851654,,0.2016507387161255,0.3022916913032532,0.233321413397789,,,0.35284942388534546,,0.19260165095329285,0.12153903394937515,-0.05317748337984085
P288,48,165,78.8458960551619,17.41029343728465,Other kharif crop,high,"clear green-up, no flooding",0.72,08-24,12,,,-19.90582847595215,-21.560016632080078,-23.29765510559082,-20.311553955078125,-16.665525436401367,-18.45533561706543,-15.896347999572754,-17.013866424560547,-15.804272651672363,-15.220552444458008,-15.774682998657227,-15.567397117614746,-14.53343677520752,-14.319592475891113,-15.677726745605469,-9.37092113494873,-11.563108444213867,-11.49146556854248,-10.068940162658691,-8.144645690917969,-6.790605545043945,-6.820000648498535,-6.990088939666748,-10.584954261779785,-9.76601505279541,-10.295430183410645,-6.357717514038086,-7.111835956573486,-10.459822654724121,-9.862778663635254,0.2639060914516449,0.21426254510879517,0.2999430298805237,0.2971002161502838,,0.4968782663345337,0.6104686260223389,0.7188131213188171,,0.712287962436676,0.7027493715286255,,0.283782035112381,0.2824890911579132,0.23653946816921234,-0.0645667165517807,0.11787350475788116,0.19981566071510315,0.17670822143554688,,0.27342090010643005,0.3552897274494171,0.33178097009658813,,0.41758227348327637,0.26416292786598206,,-0.08565269410610199,-0.08751389384269714,-0.10113062709569931
P289,49,165,78.93671573038638,17.681674484617158,Paddy,high,radar dip-and-rise + optical flood within 3 weeks,0.66,09-29,11,08-12,"08-12, 08-24",-15.968040466308594,-17.69866371154785,-14.258898735046387,-16.766935348510742,-16.2061767578125,-17.086721420288086,-22.778242111206055,-20.832447052001953,-18.51006507873535,-17.79676628112793,-12.864256858825684,-14.39979076385498,-14.724234580993652,-16.15633201599121,-14.351700782775879,-8.281488418579102,-10.082971572875977,-9.154501914978027,-9.279149055480957,-13.09885311126709,-9.751534461975098,-13.635859489440918,-11.9873685836792,-8.594864845275879,-5.810018062591553,-7.660031318664551,-7.34853982925415,-5.395938396453857,-7.954184055328369,-8.235912322998047,0.35447779297828674,0.39555925130844116,0.3693152666091919,0.41651681065559387,,,0.17015664279460907,0.300381064414978,0.406585693359375,,0.6584173440933228,0.5039674043655396,,0.623619794845581,0.4799193739891052,-0.025480635464191437,-0.028461826965212822,0.04097665846347809,0.1166262999176979,,,0.34898486733436584,0.3389861583709717,0.232179194688797,,0.11525377631187439,0.34712761640548706,,0.08434633910655975,0.08680593222379684
P290,49,165,78.972828004808,17.789472318711503,Other kharif crop,high,"clear green-up, no flooding",0.5,11-04,9,,,-21.683364868164062,-19.241958618164062,-16.64400863647461,-17.055021286010742,-18.001663208007812,-16.056739807128906,-18.453704833984375,-18.1973876953125,-14.946803092956543,-15.263721466064453,-13.715753555297852,-14.626720428466797,-16.263322830200195,-13.186532974243164,-14.570117950439453,-6.952968120574951,-10.948134422302246,-6.0945868492126465,-12.150980949401855,-10.550209999084473,-8.281009674072266,-8.866409301757812,-9.522639274597168,-8.710692405700684,-3.9090750217437744,-5.368030071258545,-8.816446304321289,-7.548669338226318,-8.505790710449219,-6.8386664390563965,0.151858389377594,0.1162307858467102,,0.12450486421585083,,,,0.3042832911014557,,,0.3158227801322937,0.38072824478149414,0.454233318567276,0.5018289089202881,0.47241050004959106,-0.1168048158288002,-0.07948359847068787,,-0.05179118365049362,,,,0.0503944456577301,,,0.02672344446182251,0.03886878862977028,0.14578057825565338,0.09784837812185287,0.08680374175310135
P291,49,165,79.00947926840007,17.715630802356877,Review,low,radar dip but optical shows dry soil soon after,0.77,08-24,10,06-13,,-15.974410057067871,-20.12910270690918,-16.003070831298828,-20.573375701904297,-17.75718116760254,-14.67214298248291,-13.840448379516602,-15.751157760620117,-15.852217674255371,-18.354684829711914,-13.492057800292969,-15.798860549926758,-15.293343544006348,-16.051420211791992,-16.482555389404297,-12.852900505065918,-12.657788276672363,-11.591773986816406,-11.872056007385254,-9.636792182922363,-7.628668785095215,-6.5974860191345215,-10.124675750732422,-10.80204963684082,-10.245025634765625,-13.679095268249512,-9.30462646484375,-10.531549453735352,-9.582056999206543,-10.26916790008545,0.47495022416114807,0.42022114992141724,0.4130688011646271,0.5227334499359131,,,,0.7730714082717896,,0.5959286093711853,0.6794388294219971,0.6761955618858337,,0.6414709091186523,0.6085768342018127,-0.04322498291730881,-0.026014940813183784,0.04460244998335838,0.03462821617722511,,,,0.29453444480895996,,0.20352132618427277,0.21620216965675354,0.13813133537769318,,0.17289209365844727,0.12727662920951843
P292,49,165,78.91407818522657,17.692454268026594,Paddy,high,radar dip-and-rise + optical flood within 3 weeks,0.8,09-29,11,"07-19, 08-12",07-31,-17.488479614257812,-17.71564483642578,-13.75481128692627,-16.735944747924805,-20.260608673095703,-19.498638153076172,-24.060585021972656,-15.414375305175781,-13.629006385803223,-14.073028564453125,-12.756048202514648,-12.24229907989502,-15.181148529052734,-13.083767890930176,-13.20803451538086,-12.502964973449707,-10.838724136352539,-5.51809024810791,-12.633929252624512,-11.443086624145508,-13.47339153289795,-9.856431007385254,-7.949521064758301,-8.037343978881836,-4.278280258178711,-4.69119930267334,-10.027436256408691,-7.236494064331055,-9.938080787658691,-9.554875373840332,0.2815718352794647,0.2886216938495636,0.34193533658981323,0.3507736921310425,,0.25258198380470276,,0.6221067309379578,,0.7262442111968994,0.8009978532791138,0.6366450190544128,,0.4985920786857605,0.36213913559913635,-0.12567679584026337,-0.10863468796014786,-0.018555058166384697,0.0028778440319001675,,0.35505834221839905,,0.40938669443130493,,0.33835840225219727,0.33303266763687134,0.29498380422592163,,0.13349740207195282,0.036167778074741364
P293,49,165,78.91030526103327,17.69730517056084,Other kharif crop,high,"clear green-up, no flooding",0.64,09-17,10,,,-17.052406311035156,-14.901758193969727,-14.579849243164062,-13.235605239868164,-13.393207550048828,-13.966818809509277,-11.289774894714355,-15.568704605102539,-14.358186721801758,-13.59063720703125,-15.664026260375977,-14.344719886779785,-16.772659301757812,-15.445213317871094,-16.375516891479492,-11.703256607055664,-12.622714042663574,-8.602080345153809,-11.361441612243652,-7.489385604858398,-9.266097068786621,-7.196358680725098,-9.62246036529541,-7.237911701202393,-8.159917831420898,-9.30178165435791,-7.948894500732422,-9.428139686584473,-8.149148941040039,-7.307039260864258,0.4253670573234558,0.46713995933532715,,0.5125648975372314,0.42978838086128235,0.45548200607299805,,0.6324070692062378,,0.6417785286903381,0.6192078590393066,,,0.6364020109176636,0.5684281587600708,-0.00021897567785345018,0.019081056118011475,,0.1038675308227539,0.21877917647361755,0.23503702878952026,,0.13438166677951813,,0.23089784383773804,0.17251846194267273,,,0.14916671812534332,0.12818707525730133
P294,49,165,78.94614804086964,17.719134231964944,Review,low,already green in June: orchard or perennial?,1.0,08-24,9,,,-16.74233055114746,-15.854619979858398,-12.957353591918945,-16.391511917114258,-15.072040557861328,-16.218090057373047,-15.458691596984863,-14.540348052978516,-17.05109977722168,-17.928213119506836,-14.779935836791992,-13.100801467895508,-13.236435890197754,-16.278656005859375,-14.401599884033203,-9.877867698669434,-9.039630889892578,-6.351288318634033,-9.452277183532715,-8.368886947631836,-3.134253740310669,-9.472760200500488,-10.4239501953125,-7.885630130767822,-7.2619547843933105,-7.600245952606201,-8.049297332763672,-8.161911964416504,-8.345771789550781,-11.147378921508789,0.48722004890441895,0.5850529670715332,0.5796062350273132,0.6179092526435852,,0.6272603273391724,,1.0,,,0.8387576937675476,,,0.8254384398460388,0.7405579686164856,0.031724534928798676,0.04907795786857605,0.1415557563304901,0.11158764362335205,,0.2256450206041336,,0.39056330919265747,,,0.3794920742511749,,,0.3043214678764343,0.2732975482940674
P295,50,165,79.21079172357125,17.279588563445262,Paddy,high,radar dip-and-rise + optical flood within 3 weeks,0.81,08-24,11,"06-13, 06-25, 10-23",06-13,-15.905518531799316,-22.462806701660156,-23.580589294433594,-22.624740600585938,-20.718029022216797,-16.773983001708984,-16.152509689331055,-17.693532943725586,-13.337328910827637,-15.693248748779297,-15.17159366607666,-17.576414108276367,-23.906803131103516,-23.793245315551758,-21.325275421142578,-5.099493503570557,-9.904970169067383,-14.86928653717041,-14.467019081115723,-10.27979850769043,-8.52457046508789,-8.24472713470459,-12.99199104309082,-11.9977445602417,-7.942551136016846,-10.200108528137207,-10.769597053527832,-14.114136695861816,-15.542972564697266,-13.267963409423828,0.16395212709903717,0.19001995027065277,0.30293548107147217,0.2573906481266022,0.3555087447166443,0.4224032163619995,0.6296504735946655,0.8087550401687622,,,0.526020884513855,,,0.4628714323043823,0.32182061672210693,-0.023396234959363937,0.16111907362937927,0.22711093723773956,0.19116654992103577,0.23036284744739532,0.254996657371521,0.43120336532592773,0.4043191075325012,,,0.22882820665836334,,,0.5552406907081604,0.5554522275924683
P296,50,165,79.17144551412682,17.300878635678895,Other kharif crop,high,"clear green-up, no flooding",0.84,09-29,11,,,-16.868192672729492,-19.2265625,-16.69368553161621,-19.103219985961914,-14.721447944641113,-19.864837646484375,-16.97445297241211,-20.824277877807617,-15.225848197937012,-16.815702438354492,-14.546436309814453,-14.81649398803711,-14.548800468444824,-15.323935508728027,-15.392186164855957,-8.001873016357422,-9.135518074035645,-10.371624946594238,-12.311975479125977,-8.136770248413086,-11.393455505371094,-9.958613395690918,-13.491575241088867,-11.3163423538208,-9.495260238647461,-7.632399082183838,-8.899313926696777,-8.198898315429688,-9.436694145202637,-9.090773582458496,0.31598228216171265,0.34150516986846924,0.3048010468482971,0.34079039096832275,0.30832549929618835,0.34283119440078735,0.5676045417785645,0.6411893963813782,,,0.8442063331604004,,,0.4980847239494324,0.2968650758266449,-0.13126377761363983,-0.03797464817762375,0.0507451593875885,0.06392919272184372,0.14194081723690033,0.2332247495651245,0.37766969203948975,0.2751004099845886,,,0.40827664732933044,,,0.09336082637310028,0.24643196165561676
P297,50,165,79.13829768014281,17.31408387035545,Paddy,high,radar dip-and-rise + optical flood within 3 weeks,0.87,08-12,12,07-07,"06-25, 07-07, 07-19",-18.548036575317383,-18.929391860961914,-20.137405395507812,-24.355512619018555,-23.52921485900879,-20.053241729736328,-16.634328842163086,-16.595346450805664,-16.074384689331055,-14.522443771362305,-16.482282638549805,-13.555099487304688,-15.990608215332031,-13.874266624450684,-16.531972885131836,-9.98660945892334,-9.93537425994873,-9.94629192352295,-11.129804611206055,-11.487051010131836,-10.002211570739746,-7.574738502502441,-8.166934967041016,-6.572971343994141,-7.539901256561279,-5.206460952758789,-11.141559600830078,-7.602110385894775,-7.879270553588867,-9.529845237731934,0.3190820813179016,0.46152493357658386,0.10376208275556564,0.13709545135498047,0.27660030126571655,0.32972925901412964,0.8704288005828857,0.8492474555969238,,,0.8438613414764404,,0.2742558717727661,0.24510957300662994,0.2345065176486969,-0.09114129841327667,0.053193286061286926,0.21141564846038818,0.20293864607810974,0.26216554641723633,0.2353169023990631,0.3457638621330261,0.35647737979888916,,,0.4283292889595032,,0.0008342049550265074,-0.09412692487239838,0.03522035479545593
P298,50,165,79.04343558613978,17.321090729571583,Review,low,radar dip but optical shows dry soil soon after,0.8,09-17,13,"07-07, 10-11, 11-04, 11-16",,-20.459239959716797,-20.865278244018555,-18.151630401611328,-23.65819549560547,-19.228307723999023,-17.58717918395996,-15.892577171325684,-16.137741088867188,-14.182899475097656,-14.3928861618042,-14.863197326660156,-19.213457107543945,-11.922404289245605,-19.578594207763672,-20.33502960205078,-8.889277458190918,-10.819931983947754,-11.493703842163086,-16.19369888305664,-10.970376968383789,-7.9528489112854,-7.204100608825684,-8.012175559997559,-9.555030822753906,-10.445038795471191,-7.1895904541015625,-7.810186862945557,-7.655058860778809,-10.308514595031738,-12.936042785644531,0.09332084655761719,0.22830240428447723,0.17716282606124878,0.20133373141288757,0.2871725559234619,0.42475274205207825,0.7162758708000183,0.7833717465400696,0.7706539630889893,0.8013147711753845,0.7957704067230225,,,0.37680646777153015,0.2928016483783722,-0.19339841604232788,-0.058388832956552505,0.0469059981405735,0.13855229318141937,0.17892557382583618,0.20643699169158936,0.3539869487285614,0.31040075421333313,0.3384341299533844,0.33730581402778625,0.2764379382133484,,,-0.004793788772076368,0.15441325306892395
P299,50,165,79.08520724685134,17.271503725888184,Other kharif crop,high,"clear green-up, no flooding",0.75,09-29,12,11-16,,-24.157917022705078,-23.13798713684082,-20.476558685302734,-22.071138381958008,-20.963497161865234,-16.59955596923828,-17.56534194946289,-16.267974853515625,-15.51056957244873,-12.379467010498047,-13.452301979064941,-14.63145923614502,-15.428916931152344,-13.70634651184082,-21.318668365478516,-15.223438262939453,-14.381269454956055,-12.827937126159668,-13.643357276916504,-9.59587574005127,-9.994839668273926,-8.618786811828613,-7.2898640632629395,-9.600141525268555,-9.932273864746094,-11.24174690246582,-6.349600315093994,-7.424834251403809,-7.32248592376709,-16.000091552734375,0.18426978588104248,0.17447248101234436,,0.2013898491859436,0.2379831224679947,0.3538345396518707,0.43095600605010986,0.7232558727264404,,,0.750447690486908,0.4120360016822815,0.4970964789390564,0.47188401222229004,0.2519315481185913,-0.0126037010923028,0.030238991603255272,,0.015153254382312298,0.18164974451065063,0.17388084530830383,0.3710358440876007,0.35246336460113525,,,0.3317454159259796,0.16923676431179047,0.15502603352069855,0.05204564705491066,0.22484366595745087
P300,50,165,79.15716230110931,17.33618242634479,Review,low,radar dip but optical shows dry soil soon after,0.84,09-29,11,"07-07, 07-19",,-14.820905685424805,-13.000688552856445,-11.710290908813477,-17.160184860229492,-22.95378875732422,-18.10696029663086,-18.587825775146484,-14.782891273498535,-14.681792259216309,-13.967215538024902,-13.2691068649292,-12.666473388671875,-15.588235855102539,-16.429706573486328,-15.4730863571167,-5.805433750152588,-7.953580379486084,-7.048938274383545,-11.160358428955078,-11.427139282226562,-11.490630149841309,-10.254746437072754,-8.525803565979004,-10.9086332321167,-7.892193794250488,-8.630051612854004,-7.316133499145508,-9.410731315612793,-8.649548530578613,-9.531338691711426,0.4086816608905792,0.41786810755729675,0.2462608814239502,0.4580326974391937,0.3333008289337158,0.4007457494735718,0.7898807525634766,0.7069007754325867,,,0.8431508541107178,,,0.555883526802063,0.41365450620651245,0.04426368325948715,0.03452897071838379,0.08081476390361786,0.21808534860610962,0.19610783457756042,0.29170703887939453,0.28334841132164,0.32963159680366516,,,0.35473185777664185,,,0.09750335663557053,-0.0012180376797914505
P301,51,165,79.34473053243347,17.29656672231512,Other kharif crop,high,"clear green-up, no flooding",0.65,11-04,12,09-05,,-19.624866485595703,-18.89927864074707,-17.9726619720459,-16.90664291381836,-16.346853256225586,-14.318792343139648,-12.902786254882812,-13.810449600219727,-18.197877883911133,-13.472870826721191,-14.246564865112305,-15.420435905456543,-12.908242225646973,-15.644403457641602,-15.635090827941895,-7.494248390197754,-8.22857666015625,-5.76059103012085,-7.729442119598389,-7.295173645019531,-8.329277038574219,-9.63197135925293,-6.780865669250488,-5.5337114334106445,-6.658777713775635,-5.6142258644104,-7.939433574676514,-9.762544631958008,-7.367766857147217,-9.751486778259277,0.14901778101921082,0.2634386420249939,0.3442283868789673,0.2101006805896759,0.3058137595653534,0.3510775566101074,,0.6070506572723389,,,0.6303170919418335,0.5402087569236755,0.5183416604995728,0.646190345287323,0.6237365007400513,-0.14821767807006836,-0.07732222229242325,0.0685977190732956,0.0705031156539917,0.07589069753885269,0.10555306822061539,,0.15140023827552795,,,0.1518155187368393,0.09016090631484985,0.06795135885477066,0.12722286581993103,0.1098434329032898
P302,51,165,79.43339425097606,17.304651559872195,Other kharif crop,high,"clear green-up, no flooding",0.75,10-11,9,,,-25.45357322692871,-21.73833656311035,-19.244997024536133,-19.949602127075195,-18.075647354125977,-11.749458312988281,-13.043244361877441,-13.761503219604492,-12.243003845214844,-12.362317085266113,-13.503056526184082,-11.169622421264648,-12.474255561828613,-15.384220123291016,-13.94811725616455,-16.141794204711914,-8.341676712036133,-4.691927909851074,-9.108774185180664,-6.4731621742248535,-5.797603130340576,-6.938269138336182,-5.964719295501709,-3.8710784912109375,-1.6151061058044434,-3.5622355937957764,-4.702937602996826,-7.2395339012146,-5.833416938781738,-8.715131759643555,0.16932937502861023,0.09940066933631897,,0.15872126817703247,,0.3514280617237091,,0.6334187984466553,,,0.7245530486106873,0.7536622881889343,,0.6130913496017456,0.6159813404083252,-0.22141385078430176,-0.23372237384319305,,-0.09262238442897797,,0.07490314543247223,,0.18096473813056946,,,0.25355809926986694,0.1927579641342163,,0.021651942282915115,0.07404448091983795
P303,51,165,79.3803038176846,17.289020873928518,Review,low,optical flood signal without a radar dip-and-rise,0.77,09-29,11,11-16,"06-25, 07-07, 07-31",-15.777148246765137,-19.513275146484375,-17.49319076538086,-22.227325439453125,-21.920413970947266,-21.972501754760742,-16.645021438598633,-15.123665809631348,-16.56974220275879,-14.754810333251953,-14.729487419128418,-14.897184371948242,-12.612527847290039,-17.59774398803711,-19.7540283203125,-11.355728149414062,-8.708205223083496,-9.705053329467773,-13.981646537780762,-13.845934867858887,-12.932238578796387,-10.035537719726562,-8.2652006149292,-6.518019199371338,-8.14538288116455,-9.34592342376709,-8.295157432556152,-6.16281270980835,-8.130571365356445,-13.409873008728027,0.18227806687355042,0.15889006853103638,0.1305367350578308,0.0980980396270752,,0.23442575335502625,,0.6387811303138733,,,0.7687349319458008,0.324726402759552,0.1485380083322525,0.27481594681739807,0.2248792052268982,-0.14277426898479462,-0.12058697640895844,0.0911002904176712,0.11229811608791351,,0.24240872263908386,,0.28498557209968567,,,0.34602707624435425,0.31196698546409607,-0.0069113075733184814,0.0450405590236187,0.2613462209701538
P304,51,165,79.40374984660012,17.26476636125729,Other kharif crop,high,"clear green-up, no flooding",0.72,09-17,12,,,-18.07403564453125,-20.5510196685791,-14.943239212036133,-19.302677154541016,-18.2979736328125,-17.018444061279297,-14.172395706176758,-13.29943561553955,-12.92428207397461,-11.749574661254883,-12.543207168579102,-15.130966186523438,-14.596827507019043,-18.58024787902832,-15.761852264404297,-10.078910827636719,-7.492894649505615,-3.564673900604248,-9.448991775512695,-10.03357219696045,-9.152074813842773,-7.343748569488525,-7.95701265335083,-5.70692777633667,-8.510821342468262,-5.465883255004883,-5.664294719696045,-6.769503116607666,-7.9805006980896,-7.329099655151367,0.2037355601787567,0.18354405462741852,0.15271276235580444,0.1940152496099472,,0.24122771620750427,,0.6528271436691284,,0.7181233167648315,0.6452108025550842,0.6230770945549011,0.45530959963798523,0.6061719655990601,0.6163500547409058,-0.16906844079494476,-0.17061826586723328,-0.03577851131558418,-0.11775363981723785,,0.03997914493083954,,0.24485790729522705,,0.21727439761161804,0.23865699768066406,0.12638121843338013,0.09174711257219315,0.055650051683187485,0.05949543043971062
P305,51,165,79.42207547839617,17.326750115861536,Review,low,radar dip but optical shows dry soil soon after,0.79,08-24,12,"06-13, 11-04",,-17.949403762817383,-22.99209213256836,-19.71721839904785,-19.11549186706543,-16.76069450378418,-15.336609840393066,-12.782094955444336,-12.592156410217285,-14.241086959838867,-13.877756118774414,-12.823038101196289,-15.498285293579102,-11.976863861083984,-18.322559356689453,-15.16003131866455,-10.54578971862793,-10.744606018066406,-8.480508804321289,-9.091720581054688,-7.754589080810547,-7.506214618682861,-6.582734107971191,-4.479872226715088,-5.443972587585449,-7.245840072631836,-5.920390605926514,-6.680235385894775,-5.5758209228515625,-10.979902267456055,-7.982626438140869,0.14342907071113586,0.09488905966281891,,0.15324567258358002,0.24666166305541992,0.5380582809448242,0.6523762345314026,0.7922292351722717,,0.7794158458709717,0.7418025732040405,,0.749200165271759,0.7245957255363464,0.7006605267524719,-0.2067953646183014,-0.2116238921880722,,-0.0699123665690422,0.09276194125413895,0.17325854301452637,0.3792502284049988,0.2817426919937134,,0.24525095522403717,0.16437596082687378,,0.1314842253923416,0.15813259780406952,0.15473929047584534
P306,51,165,79.46249966618154,17.335104448003847,Paddy,high,radar dip-and-rise + optical flood within 3 weeks,0.83,10-11,9,06-25,07-07,-14.981179237365723,-13.105456352233887,-22.061710357666016,-20.65113639831543,-19.501171112060547,-19.63811683654785,-12.975530624389648,-12.683976173400879,-15.133044242858887,-16.461061477661133,-14.621917724609375,-12.75815486907959,-15.83455753326416,-14.111194610595703,-14.986895561218262,-9.743738174438477,-8.663344383239746,-9.713746070861816,-11.31861686706543,-6.166632652282715,-4.617619037628174,-4.508693218231201,-7.771398067474365,-6.54574728012085,-9.787672996520996,-9.417210578918457,-9.772575378417969,-11.38620376586914,-9.510961532592773,-8.683234214782715,0.19337642192840576,0.1654684841632843,,0.17053623497486115,,0.46696245670318604,,0.771891713142395,,,0.6958001255989075,0.8333889842033386,,0.5588392019271851,0.25311335921287537,-0.1165430098772049,-0.0023124366998672485,,0.1609259992837906,,0.24613520503044128,,0.2916978597640991,,,0.28918561339378357,0.4143216013908386,,0.17280323803424835,0.022979216650128365
P307,52,92,79.5689500273497,17.155890548822004,Other kharif crop,high,"clear green-up, no flooding",0.68,09-17,11,,,-16.85520362854004,-17.206085205078125,-19.661705017089844,-14.617923736572266,-17.64776039123535,-18.14968490600586,-14.97712516784668,-16.987499237060547,-13.52619743347168,-15.979260444641113,,-13.673828125,-14.366929054260254,,-14.952393531799316,-9.399617195129395,-10.699124336242676,-10.743193626403809,-9.121627807617188,-11.916296005249023,-9.069864273071289,-7.556412220001221,-10.803714752197266,-9.516329765319824,-10.515403747558594,,-9.389413833618164,-8.642417907714844,,-9.201013565063477,0.45020103454589844,0.38736069202423096,,0.28759080171585083,,0.25296008586883545,,0.3760233521461487,0.4585322141647339,0.6849706768989563,0.6101378202438354,,0.6145308017730713,0.505292534828186,0.37607353925704956,0.05810172110795975,-0.034086812287569046,,0.04743906483054161,,0.1487279236316681,,0.25794076919555664,0.2549247145652771,0.24483704566955566,0.21879011392593384,,0.13238969445228577,0.05878741294145584,-0.06353769451379776
P308,52,92,79.53688017170664,17.18203152358988,Review,low,optical flood signal without a radar dip-and-rise,0.71,10-23,10,,07-31,-14.978926658630371,-14.907097816467285,-16.027141571044922,-14.319870948791504,-13.892590522766113,-15.063348770141602,-13.851105690002441,-15.542880058288574,-17.419946670532227,-13.248334884643555,,-14.399593353271484,-14.658388137817383,,-16.291805267333984,-10.437501907348633,-9.775506973266602,-8.893067359924316,-9.768608093261719,-7.408266067504883,-11.30156421661377,-7.628433704376221,-6.048216342926025,-8.821544647216797,-7.70749044418335,,-8.784568786621094,-8.576984405517578,,-9.643688201904297,0.4950997233390808,0.33168357610702515,,0.25016504526138306,,0.26047536730766296,,0.44415879249572754,,0.6378403306007385,0.6754266023635864,,0.7061715722084045,0.6144673824310303,0.4795634150505066,0.033930275589227676,-0.0438995286822319,,0.0629279762506485,,0.23072397708892822,,0.20842134952545166,,0.21614861488342285,0.2564603090286255,,0.21855197846889496,0.17429479956626892,0.041447412222623825
P309,52,92,79.56544659774164,17.13594794951455,Review,low,radar dip but optical shows dry soil soon after,0.7,10-23,10,07-07,,-14.404644966125488,-11.961861610412598,-15.39585018157959,-18.20606803894043,-17.059043884277344,-17.161006927490234,-15.53138542175293,-13.109867095947266,-15.105095863342285,-13.60407829284668,,-12.588152885437012,-15.126184463500977,,-12.850374221801758,-8.348701477050781,-6.333685874938965,-8.492044448852539,-8.054966926574707,-7.433504104614258,-9.42999267578125,-7.370201110839844,-6.239981174468994,-9.311293601989746,-9.895278930664062,,-11.371278762817383,-9.777997016906738,,-10.128800392150879,0.6230975985527039,0.5296906232833862,,0.31293541193008423,,0.39350682497024536,,0.4928175210952759,,0.553658664226532,0.6288754940032959,,0.6955841779708862,0.6763921976089478,0.5201687812805176,0.1661517322063446,0.13903632760047913,,0.22419637441635132,,0.2113669067621231,,0.26317098736763,,0.2082240879535675,0.2581724226474762,,0.18814720213413239,0.1907830536365509,0.08627083152532578
P310,52,92,79.64386952204528,17.086091451245917,Review,low,radar dip but optical shows dry soil soon after,0.79,10-23,10,"06-13, 07-31, 08-12",,-12.06479263305664,-16.139902114868164,-16.997451782226562,-16.77250099182129,-13.268219947814941,-20.78520965576172,-22.7766170501709,-23.406496047973633,-20.102325439453125,-18.138389587402344,,-17.258968353271484,-16.27132797241211,,-17.092025756835938,-10.279034614562988,-9.311750411987305,-12.127232551574707,-8.18704605102539,-6.999419212341309,-11.56443977355957,-11.14891242980957,-15.528721809387207,-9.716224670410156,-8.66019058227539,,-9.382890701293945,-9.32009506225586,,-11.26410961151123,0.5272170305252075,0.34406477212905884,,0.33272209763526917,,,,0.4669411778450012,0.5301344990730286,0.6861314177513123,0.7068118453025818,,0.7891837954521179,0.7791742086410522,0.6062021255493164,0.11157982051372528,-0.09571215510368347,,-0.0331386998295784,,,,0.3361138701438904,0.3706422746181488,0.4012284576892853,0.33808642625808716,,0.37328046560287476,0.31803634762763977,0.10952406376600266
P311,52,92,79.61206916098745,17.10980697474667,Review,low,already green in June: orchard or perennial?,0.63,11-04,11,,,-16.908113479614258,-13.095423698425293,-15.382185935974121,-15.19912052154541,-13.281037330627441,-14.96157455444336,-12.408254623413086,-11.702703475952148,-13.713330268859863,-13.714176177978516,,-12.745943069458008,-14.874482154846191,,-12.517343521118164,-9.652942657470703,-7.505795955657959,-9.950286865234375,-9.450905799865723,-7.613776206970215,-7.6593146324157715,-7.360204219818115,-7.78693962097168,-8.260294914245605,-8.16393756866455,,-8.721514701843262,-5.645594120025635,,-7.775811672210693,0.509223222732544,0.6034598350524902,,0.2605724632740021,,0.4543944001197815,,0.4576079845428467,,0.6063127517700195,0.5931633710861206,0.5550249814987183,0.5844444632530212,0.6345524787902832,0.5949982404708862,0.10245893895626068,0.15571613609790802,,0.13273854553699493,,0.15585142374038696,,0.22135993838310242,,0.14584830403327942,0.15343168377876282,0.26601046323776245,0.2670101523399353,0.123134084045887,0.10087935626506805
P312,52,165,79.53526320419522,17.238894881074646,Paddy,high,radar dip-and-rise + optical flood within 3 weeks,0.84,09-17,11,"07-07, 07-19, 11-16",06-25,-15.264351844787598,-17.49302864074707,-10.13465404510498,-20.087444305419922,-26.030010223388672,-23.437559127807617,-17.143796920776367,-17.956336975097656,-15.834243774414062,-13.917526245117188,-15.557430267333984,-14.565665245056152,-13.43030834197998,-16.30613136291504,-19.12197494506836,-9.945674896240234,-7.116683006286621,-5.057172775268555,-10.88644027709961,-21.077348709106445,-13.266289710998535,-9.516485214233398,-11.095403671264648,-12.195064544677734,-9.607610702514648,-6.804752826690674,-9.619599342346191,-8.94785213470459,-10.110071182250977,-11.457608222961426,0.41985297203063965,0.12973201274871826,0.12762203812599182,0.23220142722129822,,,,0.8401899337768555,,0.8441327214241028,0.7625347971916199,0.7030951380729675,0.6412497162818909,0.4263190031051636,0.23109349608421326,-0.0064447419717907906,-0.1728595346212387,0.1086229458451271,0.08450650423765182,,,,0.2607915699481964,,0.39993637800216675,0.3631717562675476,0.4069449305534363,0.2958785891532898,0.17728465795516968,-0.08728466928005219
P313,53,165,79.35955273462145,17.11169343684332,Review,low,optical flood signal without a radar dip-and-rise,0.85,08-24,10,,"06-25, 07-07",-19.628963470458984,-20.342308044433594,-19.71955108642578,-22.619979858398438,-18.485671997070312,-15.478954315185547,-16.675304412841797,-17.148622512817383,-14.232428550720215,-18.336105346679688,-12.36084270477295,-14.107007026672363,-12.491560935974121,-16.166540145874023,-17.545852661132812,-9.982465744018555,-13.739957809448242,-7.9037065505981445,-10.708343505859375,-10.015589714050293,-8.166726112365723,-10.629351615905762,-9.3060941696167,-9.873526573181152,-9.886594772338867,-5.810416221618652,-8.705058097839355,-5.637338638305664,-9.064443588256836,-7.7507123947143555,0.20517823100090027,0.2552628517150879,0.13409674167633057,0.27709662914276123,,0.6255898475646973,,0.8484418392181396,,,0.6429020166397095,,0.2770389914512634,0.42472487688064575,0.4078651964664459,-0.09287004917860031,-0.007546665146946907,0.22514383494853973,0.24126580357551575,,0.2973586320877075,,0.44503894448280334,,,0.2806437015533447,,0.08694004267454147,0.05546889454126358,0.06516775488853455
P314,53,165,79.36009172379191,17.10414758845672,Paddy,high,radar dip-and-rise + optical flood within 3 weeks,0.64,09-29,10,06-25,"06-25, 07-07",-17.70796775817871,-17.732812881469727,-23.211862564086914,-21.589900970458984,-16.60837745666504,-14.423887252807617,-16.563161849975586,-14.18080997467041,-11.666790008544922,-15.401309967041016,-15.267014503479004,-15.540823936462402,-17.613872528076172,-15.673264503479004,-19.406085968017578,-10.214790344238281,-14.467997550964355,-11.892420768737793,-13.456499099731445,-12.712479591369629,-9.689058303833008,-10.043431282043457,-7.172177791595459,-6.797944068908691,-9.477334976196289,-11.138262748718262,-6.052945613861084,-9.512036323547363,-8.116835594177246,-15.833078384399414,0.1901741325855255,0.23036782443523407,0.09539095312356949,0.2178036868572235,,0.426613450050354,,0.5478624105453491,,,0.6363082528114319,,0.20337796211242676,0.3091689348220825,0.27551913261413574,-0.09249502420425415,0.0036855158396065235,0.2180778980255127,0.24325644969940186,,0.29862794280052185,,0.3644012212753296,,,0.2825518846511841,,-0.024356430396437645,-0.021007047966122627,0.047545742243528366
P315,53,165,79.42207547839617,17.068574303205587,Paddy,high,radar dip-and-rise + optical flood within 3 weeks,0.82,09-17,11,"07-19, 08-12","06-25, 07-31",-17.559846878051758,-17.759096145629883,-15.159638404846191,-14.446861267089844,-24.75958824157715,-18.642559051513672,-25.881946563720703,-18.716659545898438,-16.639495849609375,-16.287776947021484,-15.488622665405273,-13.307971000671387,-15.052508354187012,-13.29493522644043,-10.677728652954102,-7.770195960998535,-7.19680118560791,-7.142933368682861,-9.036715507507324,-15.98479175567627,-18.01190185546875,-12.278894424438477,-12.014606475830078,-10.52788257598877,-9.126337051391602,-8.976635932922363,-10.904282569885254,-11.887216567993164,-10.00307559967041,-8.508344650268555,0.2062419056892395,0.17671434581279755,0.12319322675466537,0.21790799498558044,,0.27712470293045044,,0.5533616542816162,,0.8231730461120605,0.7022082805633545,0.5316664576530457,,0.45560842752456665,0.27165287733078003,-0.14345765113830566,-0.11701273918151855,0.16671442985534668,0.04383557289838791,,0.3850962221622467,,0.32621997594833374,,0.37692520022392273,0.3922737240791321,0.35191088914871216,,0.07958551496267319,0.0874890387058258
P316,53,92,79.4975339622622,17.000931162311385,Other kharif crop,high,"clear green-up, no flooding",0.84,11-04,9,09-17,,-19.73067855834961,-18.95940589904785,-19.38677978515625,-22.895023345947266,-16.483734130859375,-15.940736770629883,-13.46520709991455,-12.870858192443848,-12.405795097351074,-17.257665634155273,,-13.842400550842285,-12.305536270141602,,-14.985193252563477,-10.144506454467773,-10.347078323364258,-12.857521057128906,-11.495999336242676,-5.106575965881348,-10.319754600524902,-7.707652568817139,-4.587215900421143,-9.714111328125,-8.044473648071289,,-6.490903377532959,-6.602291584014893,,-10.355997085571289,0.18896031379699707,0.14295317232608795,,0.13438266515731812,,0.34990155696868896,,0.5213038325309753,,0.4616090953350067,0.4977149963378906,,,0.8358700275421143,0.7982779145240784,-0.20862117409706116,-0.2912803590297699,,-0.17476946115493774,,-0.004194790031760931,,0.16246069967746735,,-0.034633561968803406,0.03824860602617264,,,0.3589959442615509,0.33785101771354675
P317,53,165,79.37383594763895,17.10091365343389,Review,low,optical flood signal without a radar dip-and-rise,0.75,08-24,8,"11-04, 11-16","06-13, 07-07",-30.03083038330078,-24.145097732543945,-25.741823196411133,-23.246315002441406,-19.69855499267578,-16.045881271362305,-16.93610954284668,-17.52348518371582,-15.64174747467041,-15.229353904724121,-15.832627296447754,-15.204243659973145,-13.217448234558105,-25.87763786315918,-29.064857482910156,-16.198226928710938,-14.629128456115723,-17.390338897705078,-9.881155967712402,-11.974435806274414,-12.369711875915527,-10.273078918457031,-11.53676700592041,-10.802251815795898,-9.775733947753906,-10.314626693725586,-5.157095432281494,-5.126979351043701,-15.641932487487793,-11.857024192810059,0.21594247221946716,0.05407688766717911,,0.3122224807739258,,,,0.7535682320594788,,,0.43926650285720825,,0.20167797803878784,0.0359964519739151,0.13500794768333435,0.08153951168060303,0.2791721224784851,,0.28709131479263306,,,,0.42873919010162354,,,0.16147756576538086,,0.19866204261779785,0.6664596796035767,0.38803383708000183
P318,53,165,79.42935183219753,17.008746505283227,Other kharif crop,high,"clear green-up, no flooding",0.82,09-29,8,,,-18.033945083618164,-18.946807861328125,-15.752644538879395,-19.38066291809082,-19.60776710510254,-14.949532508850098,-14.394904136657715,-14.089037895202637,-16.460403442382812,-17.056974411010742,-12.619646072387695,-15.636002540588379,-16.683029174804688,-15.84434700012207,-15.27338981628418,-9.894021987915039,-12.24365234375,-9.646646499633789,-10.22200870513916,-9.115520477294922,-12.116473197937012,-12.593408584594727,-10.350202560424805,-10.137593269348145,-8.82555103302002,-8.027331352233887,-11.669031143188477,-7.818126201629639,-7.899097442626953,-9.759812355041504,0.27167147397994995,0.45761898159980774,0.44255566596984863,0.1883421540260315,,,,0.5358656048774719,,,0.8176136612892151,,,0.46459826827049255,0.30840229988098145,-0.04011407867074013,0.025823988020420074,0.2169676423072815,0.09715522825717926,,,,0.2447575032711029,,,0.3049802780151367,,,-0.0683583989739418,-0.13439184427261353
P319,54,165,79.54685147136037,17.514857336356165,Other kharif crop,high,"clear green-up, no flooding",0.86,09-29,9,,,-18.36550521850586,-19.79450225830078,-19.688764572143555,-22.465742111206055,-23.539012908935547,-19.551408767700195,-18.377721786499023,-17.576950073242188,-14.669685363769531,-12.750755310058594,-16.139997482299805,-14.675511360168457,-14.538719177246094,-17.19916343688965,-13.857525825500488,-9.66795539855957,-9.422813415527344,-15.741866111755371,-9.552387237548828,-10.98477840423584,-9.570314407348633,-6.797580718994141,-7.222965240478516,-9.685676574707031,-7.733102798461914,-10.270902633666992,-10.537832260131836,-8.577488899230957,-12.584280967712402,-12.519267082214355,0.25461357831954956,,,0.24668359756469727,,,0.554588258266449,,0.4877299964427948,0.7877300977706909,0.8613625764846802,,0.7124325037002563,0.4851689636707306,0.36603885889053345,-0.16535651683807373,,,0.07875268906354904,,,0.14236296713352203,,0.3130933344364166,0.3623538911342621,0.34900203347206116,,0.2670169174671173,0.06504441797733307,-0.03747985139489174
P320,54,165,79.45872674198824,17.454490549263333,Other kharif crop,medium,"moderate green-up, no flooding",0.45,11-04,13,"07-19, 09-29",,-15.832545280456543,-18.590253829956055,-11.64883041381836,-15.323050498962402,-18.268327713012695,-12.303914070129395,-17.60053062438965,-13.679300308227539,-10.733528137207031,-14.71539306640625,-17.28263282775879,-14.542336463928223,-17.746212005615234,-16.535287857055664,-16.581239700317383,-3.787191867828369,-4.650513648986816,-0.38804399967193604,-0.9595851898193359,-6.084275245666504,-9.044966697692871,-5.964544296264648,-6.652637958526611,-3.6264641284942627,-6.249420166015625,-5.178369998931885,-6.374422073364258,-5.818273067474365,-6.366176605224609,-10.42390251159668,0.36901789903640747,0.32971346378326416,,0.3945712149143219,0.266583114862442,0.3584707975387573,0.44886282086372375,0.432791531085968,,0.4245469570159912,0.41033264994621277,0.43172457814216614,0.4451525807380676,0.45390090346336365,0.40630829334259033,-0.018373670056462288,-0.02873838134109974,,0.03473151847720146,0.13391149044036865,0.12508612871170044,0.07247956097126007,0.043339185416698456,,0.01560894027352333,0.029849404469132423,0.055903393775224686,0.010466142557561398,0.03269749507308006,0.021494198590517044
P321,54,165,79.42450092966328,17.481170513201683,Other kharif crop,high,"clear green-up, no flooding",0.63,09-29,12,,,-14.04842472076416,-15.56727123260498,-11.659502029418945,-13.070072174072266,-12.378268241882324,-14.742624282836914,-13.730005264282227,-10.385429382324219,-12.343031883239746,-14.533032417297363,-12.587504386901855,-13.368221282958984,-13.743512153625488,-16.41079330444336,-18.125808715820312,-11.33668041229248,-9.622031211853027,-9.299358367919922,-8.633052825927734,-4.762170314788818,-5.196702480316162,-7.827289581298828,-5.5461320877075195,-8.405524253845215,-8.70915412902832,-10.377660751342773,-6.67097806930542,-8.23454761505127,-11.131871223449707,-11.38169002532959,0.5026924014091492,0.40372592210769653,0.42204487323760986,0.4508240818977356,,0.33694159984588623,0.4861237704753876,0.5557131171226501,,,0.6256795525550842,0.3907477855682373,0.592699408531189,0.5071636438369751,0.49955493211746216,0.06616853922605515,0.007676915265619755,0.057434264570474625,0.0477626770734787,,0.14355581998825073,0.1498737335205078,0.10217088460922241,,,0.12407009303569794,0.045328810811042786,0.1500622034072876,0.19973811507225037,0.20563551783561707
P322,54,165,79.46869804164197,17.435625928296822,Review,low,radar dip but optical shows dry soil soon after,0.63,11-04,11,06-13,,-18.34950828552246,-25.249771118164062,-17.06850242614746,-21.548097610473633,-21.842632293701172,-19.146459579467773,-17.473909378051758,-13.757667541503906,-16.470605850219727,-13.149499893188477,-18.167949676513672,-15.23306655883789,-16.574613571166992,-16.786949157714844,-17.046337127685547,-8.107620239257812,-9.47457504272461,-3.346654176712036,-9.572525978088379,-3.7801878452301025,-7.137612342834473,-7.355731964111328,-4.807480335235596,-8.404576301574707,-6.646604537963867,-6.220051288604736,-6.761931896209717,-5.278697967529297,-9.519379615783691,-8.622323989868164,0.1520261913537979,0.08612433820962906,0.10022985935211182,0.1392950713634491,,0.2874631881713867,0.4725050628185272,0.4915425777435303,,,0.5254120826721191,0.4856841266155243,,0.634164571762085,0.6040135622024536,-0.19577911496162415,-0.15071125328540802,-0.08907988667488098,-0.14146649837493896,,0.030909786000847816,0.16324594616889954,0.0879720151424408,,,0.1019602119922638,0.06410431116819382,,0.10664767026901245,0.12544319033622742
P323,54,165,79.46196067701106,17.430505531177342,Other kharif crop,high,"clear green-up, no flooding",0.66,10-23,12,,,-18.509109497070312,-22.32672119140625,-18.040048599243164,-19.687957763671875,-15.644364356994629,-15.542766571044922,-14.992667198181152,-12.708353042602539,-15.594337463378906,-13.749577522277832,-15.831833839416504,-14.448171615600586,-13.824419975280762,-13.987780570983887,-13.013568878173828,-8.735757827758789,-10.611154556274414,-6.89767599105835,-7.047628402709961,-8.936731338500977,-7.501155376434326,-5.8741631507873535,-7.3352580070495605,-5.9343414306640625,-7.011176109313965,-8.412683486938477,-10.091191291809082,-4.988591194152832,-7.6210036277771,-7.620857238769531,0.16360127925872803,0.10569024085998535,0.18170244991779327,0.17483259737491608,,0.42379775643348694,0.5929954051971436,0.5481373071670532,,,0.366272509098053,0.4127737581729889,0.6576183438301086,0.634232759475708,0.495878666639328,-0.10594572126865387,-0.10914477705955505,-0.07281183451414108,-0.09638368338346481,,0.09160278737545013,0.2489815652370453,0.11990388482809067,,,-0.039322152733802795,-0.010126740671694279,0.10801784694194794,0.11658252030611038,0.13052856922149658
P324,54,165,79.4290823376123,17.509467444651445,Review,low,already green in June: orchard or perennial?,0.85,10-23,14,,,-14.678138732910156,-14.7300443649292,-12.6442289352417,-16.681676864624023,-16.041112899780273,-15.574912071228027,-16.045940399169922,-16.03607749938965,-17.85126304626465,-15.382049560546875,-15.645874977111816,-14.702337265014648,-13.49417495727539,-15.09374713897705,-16.360755920410156,-5.551451683044434,-8.21707534790039,-7.383626937866211,-9.194681167602539,-7.5173139572143555,-5.882075786590576,-7.398791313171387,-6.285197734832764,-9.586979866027832,-9.096287727355957,-5.508526802062988,-7.337252616882324,-8.923959732055664,-10.054031372070312,-8.471933364868164,0.6409105062484741,0.28852400183677673,,0.4528350532054901,0.2677956521511078,0.23861128091812134,0.4450936019420624,0.46743813157081604,0.6218156814575195,0.753898561000824,0.8366466164588928,0.746986448764801,0.8525998592376709,0.7531785368919373,0.5963225960731506,0.23007896542549133,0.007853949442505836,,0.036172617226839066,0.15604153275489807,0.08212687820196152,0.14333412051200867,0.2519330680370331,0.23702798783779144,0.16635684669017792,0.18121562898159027,0.3233857750892639,0.3023442327976227,0.2903507351875305,0.20543262362480164
P325,55,92,79.49645598392127,16.78210155909987,Other kharif crop,high,"clear green-up, no flooding",0.61,10-23,12,,,-17.369701385498047,-15.682967185974121,-17.311485290527344,-18.071117401123047,-17.924684524536133,-15.55119800567627,-15.672720909118652,-18.966915130615234,-17.127309799194336,-13.950017929077148,,-14.030534744262695,-14.23394775390625,,-15.732975959777832,-8.775981903076172,-8.629201889038086,-10.180537223815918,-11.185787200927734,-8.101885795593262,-8.955406188964844,-9.414633750915527,-8.343791961669922,-8.147000312805176,-8.37454891204834,,-7.261218070983887,-7.506580829620361,,-8.992393493652344,0.31665903329849243,0.34835386276245117,0.16978050768375397,0.13892313838005066,,0.20674456655979156,,0.45509666204452515,,0.5466577410697937,0.6063333749771118,0.5563154816627502,0.6148882508277893,0.5282478928565979,0.33564281463623047,0.001727444352582097,0.03178011253476143,0.04069167375564575,-0.0486091747879982,,0.06534931063652039,,0.17539949715137482,,0.19321304559707642,0.21715255081653595,0.25230148434638977,0.23785442113876343,0.19282323122024536,0.02957518771290779
P326,55,165,79.40213287908871,16.877502642273363,Other kharif crop,high,"clear green-up, no flooding",0.54,09-29,9,,,-16.452550888061523,-19.057565689086914,-14.774049758911133,-14.141864776611328,-13.81742000579834,-11.680713653564453,-15.19321346282959,-14.558900833129883,-13.559709548950195,-15.582935333251953,-13.30831241607666,-14.35517406463623,-16.63829231262207,-16.37633514404297,-16.686363220214844,-11.190343856811523,-10.602494239807129,-7.423177242279053,-11.147124290466309,-8.085890769958496,-6.433216571807861,-8.072592735290527,-8.332603454589844,-6.76831579208374,-7.410443305969238,-6.977848529815674,-10.288190841674805,-7.334015369415283,-8.293492317199707,-9.407089233398438,0.38541123270988464,0.4889996647834778,,0.4466468393802643,,0.4975256025791168,,0.5358267426490784,,,0.5401849150657654,0.3507241904735565,,0.2733333706855774,0.31152868270874023,0.01738327369093895,0.007050960790365934,,0.06495323032140732,,0.17501726746559143,,0.18350999057292938,,,0.08554597944021225,0.0038859834894537926,,-0.15669044852256775,-0.13207735121250153
P327,55,165,79.40374984660012,16.848666721653128,Other kharif crop,high,"clear green-up, no flooding",0.84,09-29,8,,,-14.644026756286621,-15.310564994812012,-13.420987129211426,-17.047733306884766,-13.212604522705078,-13.76187515258789,-13.152628898620605,-12.92995834350586,-16.658321380615234,-12.417106628417969,-13.314539909362793,-12.85457706451416,-12.908761024475098,-16.7462215423584,-13.674091339111328,-7.619167327880859,-7.924754619598389,-5.614436626434326,-6.632909297943115,-9.215107917785645,-7.522696018218994,-7.231105804443359,-9.528387069702148,-8.35201358795166,-9.6848783493042,-6.787700653076172,-7.493860721588135,-9.557031631469727,-8.426815032958984,-8.440374374389648,0.3850979804992676,0.42018845677375793,,0.27422770857810974,,0.48416128754615784,,0.7074783444404602,,,0.8416706323623657,,,0.7068681716918945,0.6662171483039856,-0.007622691337019205,-0.00939979963004589,,0.1071585863828659,,0.2754313349723816,,0.3408157229423523,,,0.380729079246521,,,0.24852368235588074,0.2333444058895111
P328,55,92,79.51046970235352,16.766740367741427,Review,low,radar dip but optical shows dry soil soon after,0.81,09-29,10,"07-31, 08-24",,-19.731868743896484,-16.541534423828125,-20.902435302734375,-18.229276657104492,-15.42288589477539,-22.3497257232666,-20.635883331298828,-25.837854385375977,-21.749055862426758,-17.261781692504883,,-16.35999870300293,-14.203569412231445,,-15.310340881347656,-11.852232933044434,-9.68349838256836,-10.107129096984863,-11.381540298461914,-6.412919521331787,-7.306169509887695,-11.793412208557129,-10.411480903625488,-7.877513885498047,-9.716550827026367,,-10.753545761108398,-10.763345718383789,,-12.417325973510742,0.32964229583740234,0.42562636733055115,0.18568751215934753,0.1325015276670456,,0.13559570908546448,,0.5089611411094666,,,0.8141058683395386,0.8011575937271118,,0.7665311098098755,0.5227445960044861,0.01102253794670105,0.10230069607496262,-0.016409503296017647,0.0011902917176485062,,-0.1455002725124359,,0.2845306992530823,,,0.3556671738624573,0.38305503129959106,,0.41962510347366333,0.18214361369609833
P329,55,92,79.47516591168763,16.888551920268032,Other kharif crop,high,"clear green-up, no flooding",0.6,11-04,10,,,-15.078346252441406,-14.460323333740234,-15.237258911132812,-15.442549705505371,-14.427376747131348,-13.926336288452148,-15.015652656555176,-14.26278018951416,-14.644638061523438,-14.50121021270752,,-12.057190895080566,-12.538066864013672,,-15.35271167755127,-4.520864963531494,-5.732527732849121,-6.850305557250977,-7.04341459274292,-5.64087438583374,-7.622490406036377,-4.003192901611328,-4.115665435791016,-7.108432769775391,-6.263635158538818,,-5.109970569610596,-4.88284969329834,,-6.886462211608887,0.4216407537460327,0.38879939913749695,,0.4103676676750183,,0.3545699417591095,0.5093055963516235,0.5125434398651123,,0.5360995531082153,0.5599957704544067,,,0.6034409403800964,0.4706408381462097,0.06808294355869293,0.019940396770834923,,0.09104694426059723,,0.0850653126835823,0.09734264016151428,0.17703746259212494,,0.18615905940532684,0.13068482279777527,,,0.14306458830833435,0.07313177734613419
P330,55,165,79.4651946120339,16.878850115199544,Paddy,high,radar dip-and-rise + optical flood within 3 weeks,0.85,09-29,13,07-31,07-31,-17.165639877319336,-18.77164077758789,-15.045156478881836,-16.047208786010742,-15.867565155029297,-24.07529640197754,-20.941194534301758,-18.400978088378906,-16.708337783813477,-14.765832901000977,-13.861272811889648,-14.533376693725586,-14.52244758605957,-15.370851516723633,-10.482124328613281,-10.38010311126709,-11.115555763244629,-7.76943826675415,-10.045623779296875,-4.387134552001953,-11.921405792236328,-11.090983390808105,-7.110068321228027,-10.751797676086426,-8.316268920898438,-10.994119644165039,-9.19460678100586,-8.7064208984375,-8.93083667755127,-8.875571250915527,0.38398563861846924,0.33723530173301697,,0.2988818287849426,0.17815245687961578,0.1497505158185959,0.4124690294265747,0.6073870658874512,,0.8475732207298279,0.8539944291114807,0.8236070871353149,0.7150149345397949,0.7190321087837219,0.4053148925304413,-0.01799653097987175,-0.03917916119098663,,-0.0014246869832277298,0.027229690924286842,0.1542254090309143,0.10076642781496048,0.30498698353767395,,0.3850506842136383,0.36410805583000183,0.4055393934249878,0.3318060636520386,0.32079610228538513,0.0413903146982193
P331,56,165,79.56194316813357,17.446944700876728,Review,low,radar dip but optical shows dry soil soon after,0.89,09-29,11,07-31,,-18.230939865112305,-14.34057903289795,-13.174254417419434,-13.85242748260498,-16.849761962890625,-24.381351470947266,-22.1131649017334,-15.906449317932129,-13.538177490234375,-15.254596710205078,-16.045372009277344,-16.700443267822266,-11.5131254196167,-14.780624389648438,-16.767126083374023,-8.676554679870605,-9.963507652282715,-9.020217895507812,-9.064797401428223,-13.758069038391113,-12.755759239196777,-8.55078125,-11.469087600708008,-8.577960968017578,-11.351645469665527,-12.76114273071289,-9.460139274597168,-9.250561714172363,-11.085991859436035,-10.114251136779785,0.34473294019699097,,,0.2762308418750763,,,0.30602747201919556,0.49849045276641846,0.624014139175415,0.7876220345497131,0.8886697292327881,0.7648298144340515,0.4857708513736725,0.4909692704677582,0.24097754061222076,-0.0997176319360733,,,0.015371110290288925,,,0.16480553150177002,0.34370407462120056,0.425785630941391,0.32899758219718933,0.39995530247688293,0.39954257011413574,0.1478177160024643,0.012562332674860954,-0.039014533162117004
P332,56,165,79.5786518324182,17.495453726219182,Paddy,high,radar dip-and-rise + optical flood within 3 weeks,0.84,10-11,10,07-31,"07-19, 08-12",-17.95075225830078,-18.264442443847656,-12.176544189453125,-18.97004508972168,-14.67629337310791,-21.85355567932129,-17.66691780090332,-20.135005950927734,-18.107027053833008,-19.91905975341797,-14.071972846984863,-14.269427299499512,-11.610705375671387,-12.561430931091309,-14.49832534790039,-10.420693397521973,-12.511252403259277,-5.302454471588135,-9.566377639770508,-12.13074016571045,-13.544767379760742,-9.855754852294922,-11.524608612060547,-10.600104331970215,-9.711030960083008,-10.03096866607666,-10.398821830749512,-7.431168079376221,-9.288558006286621,-10.556818008422852,0.28399837017059326,,,0.28030720353126526,0.21224847435951233,,0.31306248903274536,0.48738929629325867,,,0.8216724395751953,0.8408360481262207,0.7728369832038879,0.6305561065673828,0.39366838335990906,-0.1113133355975151,,,0.015178250148892403,0.22279086709022522,,0.2659027874469757,0.2248619943857193,,,0.3480961322784424,0.3944527804851532,0.36291006207466125,0.26828718185424805,0.0527229830622673
P333,56,92,79.60991320430556,17.49114181285541,Review,low,optical flood signal without a radar dip-and-rise,0.82,09-29,12,,"07-19, 07-31, 08-12",-21.03538703918457,-18.204187393188477,-16.54627227783203,-16.3530330657959,-16.609115600585938,-20.243602752685547,-21.47591781616211,-18.91478157043457,-18.01805877685547,-18.335918426513672,,-16.910472869873047,-15.637563705444336,,-18.229656219482422,-12.6848783493042,-12.494596481323242,-9.874293327331543,-11.089415550231934,-7.097878456115723,-12.573826789855957,-11.21693229675293,-6.39970588684082,-7.916208744049072,-6.538118362426758,,-10.138195991516113,-8.8807954788208,,-10.660399436950684,0.3424994647502899,,,0.36235693097114563,0.22003236413002014,0.16045568883419037,0.20001961290836334,0.5877736806869507,,0.6592992544174194,0.8168717622756958,0.7864870429039001,0.6465170383453369,0.5182700753211975,0.35266488790512085,-0.12786300480365753,,,0.16084326803684235,0.18525362014770508,0.2399621456861496,0.24904806911945343,0.316495418548584,,0.40790313482284546,0.30615538358688354,0.34508824348449707,0.31689316034317017,0.14783017337322235,-0.037731096148490906
P334,56,165,79.51882403449584,17.415144339818898,Paddy,high,radar dip-and-rise + optical flood within 3 weeks,0.82,09-17,14,"07-07, 07-19","07-07, 07-19, 07-31",-18.046327590942383,-17.137691497802734,-15.344245910644531,-24.624740600585938,-24.903030395507812,-26.207286834716797,-18.96040916442871,-19.61196517944336,-16.51336669921875,-17.208566665649414,-13.469470977783203,-13.743081092834473,-13.415746688842773,-16.288366317749023,-16.446910858154297,-10.414801597595215,-9.816567420959473,-7.944521903991699,-14.471672058105469,-12.102875709533691,-10.91617202758789,-7.967627048492432,-8.260611534118652,-7.623526096343994,-6.31772518157959,-9.957283973693848,-9.66965103149414,-7.599173069000244,-10.10693359375,-10.02566146850586,0.4759728014469147,0.4404207170009613,0.1344514787197113,0.17112363874912262,0.1617484837770462,0.13347886502742767,0.4804503321647644,0.7388467192649841,,0.8194301128387451,0.8122626543045044,0.6577816009521484,0.25262701511383057,0.2559269368648529,0.23153315484523773,-0.0032478938810527325,0.07220562547445297,0.080672487616539,0.2135874181985855,0.18905971944332123,0.21755602955818176,0.31199806928634644,0.30808624625205994,,0.4064830243587494,0.3722703456878662,0.32637301087379456,-0.05952100083231926,-0.14469781517982483,-0.12821266055107117
P335,56,92,79.61072168806126,17.371755711595924,Review,low,already green in June: orchard or perennial?,0.82,09-29,10,,,-12.539770126342773,-15.212969779968262,-14.530028343200684,-15.321961402893066,-17.33209228515625,-17.571395874023438,-12.56560230255127,-14.479183197021484,-13.687910079956055,-13.600382804870605,,-13.657247543334961,-14.144493103027344,,-13.975842475891113,-11.893989562988281,-10.902671813964844,-10.186445236206055,-9.231563568115234,-9.441887855529785,-8.967124938964844,-10.575519561767578,-9.61422061920166,-7.9380645751953125,-8.424463272094727,,-7.679291725158691,-8.617018699645996,,-8.40699291229248,0.6025453209877014,,,0.42441514134407043,0.416371613740921,0.5094754695892334,,,,0.7073526382446289,0.8154339790344238,0.7509414553642273,0.6957710981369019,0.696353554725647,0.6562232971191406,0.07590777426958084,,,0.19497054815292358,0.228946253657341,0.24698495864868164,,,,0.2524906098842621,0.27142709493637085,0.2320154756307602,0.24787300825119019,0.17079102993011475,0.12119201570749283
P336,56,92,79.62985580361301,17.3588199715046,Review,low,radar dip-and-rise; optical inconclusive,0.62,06-01,8,"06-13, 08-12, 08-24",,-17.287023544311523,-23.058170318603516,-19.87446403503418,-20.455612182617188,-17.740903854370117,-20.964448928833008,-26.219131469726562,-29.771942138671875,-26.47063446044922,-25.238712310791016,,-26.789810180664062,-25.83945655822754,,-24.739553451538086,-11.591912269592285,-12.196240425109863,-13.044961929321289,-9.802478790283203,-9.686415672302246,-10.095335006713867,-19.0307559967041,-16.934988021850586,-17.231542587280273,-15.740178108215332,,-19.30959129333496,-19.368825912475586,,-14.933038711547852,0.6156978607177734,,,0.3835546672344208,0.3148789405822754,0.4423273801803589,,,,,0.41465315222740173,,0.3087247610092163,0.5102362036705017,0.49965381622314453,0.09703337401151657,,,0.05812929570674896,0.12324745953083038,0.01740487851202488,,,,,0.19062016904354095,,0.1433446854352951,0.37987998127937317,0.3630410432815552
P337,57,165,78.977409412757,17.342650296390453,Review,low,optical flood signal without a radar dip-and-rise,0.87,09-29,13,07-07,07-31,-21.288982391357422,-16.788055419921875,-12.224554061889648,-18.790678024291992,-17.282867431640625,-19.47393035888672,-18.99012565612793,-14.707801818847656,-16.03502082824707,-15.133220672607422,-16.46912384033203,-15.058247566223145,-14.331552505493164,-15.3085298538208,-14.410216331481934,-11.277185440063477,-10.423426628112793,-4.862728118896484,-9.447183609008789,-8.461847305297852,-8.909677505493164,-8.543508529663086,-8.202139854431152,-8.191339492797852,-7.454263210296631,-8.48633861541748,-9.65623664855957,-6.964637756347656,-8.69051742553711,-7.352401256561279,0.20524470508098602,0.15339449048042297,,0.2221699357032776,0.27525463700294495,0.2458164095878601,0.6075222492218018,0.6040915250778198,0.7502442002296448,,0.8672675490379333,0.680212140083313,0.6356244683265686,0.6831088066101074,0.5077860951423645,-0.11732511222362518,-0.14214251935482025,,0.007715180516242981,0.18323755264282227,0.2442220151424408,0.20838452875614166,0.2602916359901428,0.41734376549720764,,0.40592002868652344,0.36732402443885803,0.3236543536186218,0.3057580888271332,0.19275574386119843
P338,57,165,79.03966266194648,17.450448130484794,Review,low,radar dip but optical shows dry soil soon after,0.65,09-29,12,06-13,,-16.03533172607422,-21.12141990661621,-15.041481971740723,-17.829341888427734,-13.298547744750977,-15.625533103942871,-18.113279342651367,-14.550239562988281,-14.122383117675781,-16.56267738342285,-17.093883514404297,-15.208465576171875,-14.365626335144043,-12.264070510864258,-16.585683822631836,-10.886612892150879,-11.627352714538574,-8.151606559753418,-12.1930570602417,-10.176505088806152,-8.290913581848145,-9.698246955871582,-9.530412673950195,-10.460528373718262,-10.647629737854004,-10.02273941040039,-9.97573184967041,-8.728511810302734,-10.63353157043457,-10.98013973236084,0.36693891882896423,0.3413165211677551,,0.39015525579452515,0.4912203848361969,0.6372653841972351,0.5861824154853821,0.5815086364746094,,,0.6495488286018372,0.5043840408325195,0.6001361012458801,0.4945985674858093,0.37348365783691406,-0.11845560371875763,-0.13939249515533447,,-0.05423486605286598,0.06937353312969208,0.19570906460285187,0.16332094371318817,0.13288986682891846,,,0.0904742106795311,0.03233425319194794,0.1815091371536255,0.10065720230340958,0.03641822934150696
P339,57,165,79.11134822161922,17.402208599727576,Other kharif crop,high,"clear green-up, no flooding",0.71,09-29,13,,,-18.919313430786133,-21.359798431396484,-21.361764907836914,-20.02847671508789,-16.942638397216797,-15.126508712768555,-14.704437255859375,-15.85211181640625,-14.736100196838379,-12.8639497756958,-13.464406967163086,-13.15028190612793,-14.190601348876953,-15.728860855102539,-15.649433135986328,-12.828088760375977,-13.078181266784668,-9.464463233947754,-13.820883750915527,-10.57065200805664,-9.850950241088867,-9.257049560546875,-10.562094688415527,-9.538420677185059,-8.713339805603027,-10.632678031921387,-8.363840103149414,-7.960692405700684,-10.68405818939209,-10.2426118850708,0.22248759865760803,0.2764555513858795,0.312514066696167,0.39975181221961975,0.369469553232193,0.4393520653247833,0.5711234211921692,0.5895330905914307,,0.6595611572265625,0.7050696015357971,0.5185824632644653,,0.5419411063194275,0.4658922553062439,-0.19312234222888947,-0.1398140788078308,-0.05900800973176956,-0.039332352578639984,0.06394128501415253,0.10625801980495453,0.18306311964988708,0.13201376795768738,,0.13066846132278442,0.12241537868976593,0.05344972386956215,,-0.04771871492266655,-0.058483559638261795
P340,57,165,79.1067668136702,17.447214195461964,Other kharif crop,high,"clear green-up, no flooding",0.68,10-23,13,,,-21.713274002075195,-23.574617385864258,-15.871545791625977,-18.47910499572754,-17.644962310791016,-19.01839828491211,-19.209089279174805,-18.658676147460938,-15.027848243713379,-13.055747985839844,-16.14141273498535,-13.790771484375,-12.703001976013184,-13.506941795349121,-13.475335121154785,-11.973770141601562,-13.97967529296875,-5.600848197937012,-11.741098403930664,-3.4099338054656982,-5.074594497680664,-8.873307228088379,-8.88966178894043,-6.0108962059021,-4.084331035614014,-6.409217357635498,-7.894807815551758,-6.706332683563232,-7.8312602043151855,-8.267903327941895,0.23037931323051453,0.13848909735679626,0.1447354108095169,0.18154063820838928,0.18982139229774475,0.17068935930728912,0.2710762917995453,0.3888135552406311,,,0.4367240071296692,0.5530980825424194,0.6791066527366638,0.6596554517745972,0.6247785091400146,-0.13517159223556519,-0.23729762434959412,-0.1996193826198578,-0.3190106451511383,-0.08546922355890274,-0.018204594030976295,0.09748534858226776,0.021134469658136368,,,0.030021606013178825,0.1319214552640915,0.24092744290828705,0.2408723533153534,0.20306816697120667
P341,57,165,79.05394587496399,17.41029343728465,Paddy,high,radar dip-and-rise + optical flood within 3 weeks,0.9,09-29,13,07-19,07-31,-18.759681701660156,-21.707990646362305,-13.098747253417969,-19.300325393676758,-25.188508987426758,-19.787147521972656,-20.220590591430664,-16.711284637451172,-17.8400821685791,-17.2476863861084,-16.83247947692871,-13.436002731323242,-15.513725280761719,-13.731046676635742,-15.501957893371582,-8.059340476989746,-10.035477638244629,-5.162210464477539,-12.32039737701416,-11.497175216674805,-10.470800399780273,-7.507288932800293,-7.95835542678833,-9.029879570007324,-9.564764022827148,-14.056501388549805,-9.386003494262695,-7.9507832527160645,-8.181495666503906,-9.403221130371094,0.11816218495368958,0.20676639676094055,0.38820987939834595,0.46971404552459717,0.2338099330663681,0.290816068649292,0.806142270565033,0.6999205350875854,,,0.8951685428619385,0.6497354507446289,0.678927481174469,0.32583388686180115,0.23123496770858765,-0.12299466133117676,-0.10225188732147217,0.049726489931344986,0.11660835146903992,0.12426621466875076,0.3728678822517395,0.329914927482605,0.31742897629737854,,,0.3872087299823761,0.3098912835121155,0.2910992205142975,-0.07344726473093033,-0.11141807585954666
P342,57,165,79.06526464754388,17.377684592471113,Other kharif crop,high,"clear green-up, no flooding",0.56,09-29,13,,,-16.261533737182617,-16.531314849853516,-18.47382164001465,-17.400978088378906,-18.31599235534668,-15.713897705078125,-16.943056106567383,-17.34374237060547,-16.72213363647461,-18.02432632446289,-14.746726036071777,-14.226468086242676,-15.715250968933105,-16.26185417175293,-15.826823234558105,-6.199481964111328,-8.98457145690918,-6.365146636962891,-10.348907470703125,-10.089812278747559,-7.785867691040039,-7.183013439178467,-4.701448440551758,-7.203704833984375,-7.701158046722412,-8.866791725158691,-7.178256034851074,-6.824917316436768,-6.65402889251709,-8.131204605102539,0.20272715389728546,0.20698150992393494,0.21568207442760468,0.22681212425231934,0.28898853063583374,0.3196013271808624,0.40332096815109253,0.470003217458725,,0.524583637714386,0.5555521845817566,0.49366673827171326,,0.4745385944843292,0.45887473225593567,-0.10565618425607681,-0.09457060694694519,-0.008721052668988705,0.0038123957347124815,0.07492993772029877,0.1026727706193924,0.21880210936069489,0.13513223826885223,,0.12837375700473785,0.14644959568977356,0.18262605369091034,,0.0470314547419548,0.045616280287504196
P343,58,92,79.54307854716706,16.94218134272997,Review,low,radar dip but optical shows dry soil soon after,0.82,10-11,12,08-24,,-21.045278549194336,-18.444183349609375,-20.260498046875,-22.040700912475586,-14.483402252197266,-19.247255325317383,-16.04491424560547,-25.817649841308594,-23.45038414001465,-15.508678436279297,,-15.779250144958496,-14.661508560180664,,-17.150449752807617,-10.584161758422852,-9.764907836914062,-12.5305757522583,-10.947250366210938,-5.706388473510742,-9.147958755493164,-7.397380352020264,-16.127229690551758,-10.099971771240234,-11.94418716430664,,-11.15895938873291,-8.662943840026855,,-9.220959663391113,0.16165508329868317,0.24600839614868164,,0.14091721177101135,,0.4188358783721924,0.2726384997367859,0.4188263416290283,,0.6933428645133972,0.815346896648407,0.8211091160774231,0.7739973664283752,0.7602304220199585,0.4097047448158264,-0.21179281175136566,-0.3163602948188782,,-0.051302533596754074,,0.2098272144794464,0.06294028460979462,0.302188515663147,,0.3475375473499298,0.3554319143295288,0.3722974359989166,0.3570980131626129,0.3509872555732727,0.02327338606119156
P344,58,165,79.49133558680178,17.04620625263101,Other kharif crop,high,"clear green-up, no flooding",0.75,09-29,7,,,-15.828980445861816,-17.56292724609375,-11.898581504821777,-16.834218978881836,-13.38813304901123,-16.128860473632812,-16.831558227539062,-14.42459487915039,-15.652173042297363,-17.335189819335938,-17.234840393066406,-14.554485321044922,-15.072327613830566,-15.50526237487793,-13.749130249023438,-6.512086868286133,-11.59620475769043,-7.038496971130371,-10.684386253356934,-9.988460540771484,-11.49950885772705,-9.100236892700195,-9.114047050476074,-7.046431541442871,-7.779099941253662,-7.652056694030762,-9.934072494506836,-8.776537895202637,-9.168317794799805,-10.77264404296875,0.19831356406211853,0.20893718302249908,,0.20362728834152222,,,,0.5028964281082153,,,0.747350811958313,,,0.6501771807670593,0.48735225200653076,-0.1512780338525772,-0.14303842186927795,,-0.00497756851837039,,,,0.25738728046417236,,,0.2693987786769867,,,0.19530591368675232,0.03807388246059418
P345,58,165,79.4794778250514,16.96050697452601,Other kharif crop,high,"clear green-up, no flooding",0.73,11-04,9,,,-17.28997039794922,-17.89466667175293,-14.223299026489258,-17.86536407470703,-17.23646354675293,-19.69529914855957,-18.069284439086914,-19.92443084716797,-20.09650230407715,-16.970848083496094,-16.610984802246094,-17.469755172729492,-11.791412353515625,-13.519270896911621,-14.976200103759766,-9.633565902709961,-11.546731948852539,-7.441770076751709,-9.676523208618164,-8.532565116882324,-9.275309562683105,-10.296895027160645,-11.440530776977539,-9.428799629211426,-11.206975936889648,-10.294981956481934,-4.923667907714844,-8.1101713180542,-5.692507743835449,-11.421503067016602,0.2911436855792999,0.25473883748054504,,0.29557910561561584,,0.3311742842197418,,0.4038047194480896,,0.5517760515213013,0.6556560397148132,,,0.7265627980232239,0.649378776550293,-0.0917564406991005,-0.1767357438802719,,-0.06807679682970047,,0.09139476716518402,,0.23770380020141602,,0.12340262532234192,0.18388769030570984,,,0.24853427708148956,0.19055283069610596
P346,58,92,79.54604298760465,16.987456433049594,Review,low,radar dip but optical shows dry soil soon after,0.82,09-17,8,06-25,,-18.800363540649414,-18.969402313232422,-23.407318115234375,-23.213626861572266,-21.824138641357422,-22.32746124267578,-22.516714096069336,-21.53384017944336,-18.270748138427734,-18.430818557739258,,-12.884183883666992,-15.777253150939941,,-16.070096969604492,-11.923845291137695,-9.15243148803711,-10.436495780944824,-10.384259223937988,-13.599804878234863,-13.10468864440918,-12.775932312011719,-8.783844947814941,-7.906589031219482,-8.471189498901367,,-9.892182350158691,-9.821678161621094,,-5.29413366317749,0.1895354688167572,0.15452757477760315,,0.17968444526195526,,,,0.6028861403465271,,0.8190983533859253,0.7933821082115173,,,0.3191812336444855,0.29231923818588257,-0.19870170950889587,-0.22853875160217285,,-0.1754058599472046,,,,0.30791595578193665,,0.3739623725414276,0.32856324315071106,,,0.07059337198734283,0.09757933020591736
P347,58,92,79.544156525508,16.976137660469686,Review,low,already green in June: orchard or perennial?,0.76,06-13,8,,,-13.578338623046875,-13.955936431884766,-15.143844604492188,-11.976485252380371,-11.602921485900879,-14.216975212097168,-16.824382781982422,-12.453792572021484,-15.56938362121582,-14.3618745803833,,-14.28353214263916,-14.141447067260742,,-15.202832221984863,-7.897521495819092,-8.867467880249023,-12.418901443481445,-8.372269630432129,-8.368257522583008,-6.845241069793701,-8.015069007873535,-6.034789562225342,-7.847288131713867,-7.669557571411133,,-8.8461275100708,-6.974349021911621,,-6.208367824554443,0.6762159466743469,0.7634464502334595,,0.746199905872345,,0.31273752450942993,,0.5732817053794861,,,0.5603378415107727,,,0.6678463816642761,0.6228586435317993,0.11338260769844055,0.1964629590511322,,0.19461970031261444,,0.1129302829504013,,0.18909317255020142,,,-0.012313347309827805,,,0.06765563786029816,0.08789242804050446
P348,58,92,79.49564750016555,16.933827010587656,Review,low,optical flood signal without a radar dip-and-rise,0.87,09-29,11,,07-31,-20.05769157409668,-19.13870620727539,-19.928014755249023,-22.70062255859375,-21.756681442260742,-25.642715454101562,-17.191139221191406,-16.81600570678711,-17.02550506591797,-16.140085220336914,,-14.187132835388184,-14.892143249511719,,-15.554712295532227,-11.745375633239746,-10.459372520446777,-11.12179183959961,-12.058426856994629,-15.628223419189453,-15.066412925720215,-12.301979064941406,-9.527359962463379,-10.737221717834473,-12.857293128967285,,-8.74395751953125,-11.206439971923828,,-12.396804809570312,0.13112220168113708,0.11374615877866745,0.08502688258886337,0.11230102926492691,,0.2308153510093689,0.6337304711341858,0.6615502238273621,,,0.872278094291687,0.8188899755477905,,0.2308233678340912,0.17163404822349548,-0.1564200520515442,-0.13740843534469604,0.030404753983020782,-0.029805956408381462,,0.25925737619400024,0.2429879754781723,0.3372286558151245,,,0.4008166790008545,0.4342031478881836,,-0.11738603562116623,-0.21074602007865906
P349,59,165,78.90356789640238,17.589507336466497,Review,low,radar dip but optical shows dry soil soon after,0.86,09-29,12,"07-19, 08-12",,-15.0253324508667,-16.692087173461914,-11.776585578918457,-15.821948051452637,-20.86908531188965,-18.4165096282959,-24.3792724609375,-16.529155731201172,-16.94046401977539,-13.05167007446289,-12.426712989807129,-13.463716506958008,-14.306056022644043,-15.409862518310547,-15.179814338684082,-12.04517650604248,-10.049491882324219,-5.937159061431885,-9.369072914123535,-6.725499629974365,-9.672207832336426,-8.62917423248291,-7.953207492828369,-7.140936851501465,-6.883626937866211,-6.415633201599121,-9.48238468170166,-9.097261428833008,-12.088030815124512,-8.485206604003906,0.43397074937820435,0.20268139243125916,,0.4494662284851074,,0.2971774935722351,0.47061723470687866,0.5001322031021118,0.6527418494224548,,0.855504035949707,0.5103481411933899,0.526075541973114,0.43369442224502563,0.3172459900379181,-0.0031762304715812206,-0.03904232755303383,,0.04406948760151863,,0.18186187744140625,0.18010582029819489,0.21719777584075928,0.36508670449256897,,0.3116477131843567,0.3786681592464447,0.16312357783317566,0.06553731858730316,-0.029513251036405563
P350,59,165,78.94668703004011,17.63289596468947,Review,low,already green in June: orchard or perennial?,0.87,09-29,10,,,-12.004206657409668,-12.422297477722168,-12.451671600341797,-12.76893138885498,-12.419195175170898,-16.075292587280273,-16.755332946777344,-16.657522201538086,-15.323647499084473,-13.542874336242676,-14.709993362426758,-14.068550109863281,-11.07470417022705,-14.469069480895996,-15.783933639526367,-10.293295860290527,-8.206646919250488,-5.750598430633545,-8.421817779541016,-9.543259620666504,-13.783293724060059,-9.566740036010742,-6.71773624420166,-7.740711212158203,-8.02627944946289,-9.524141311645508,-10.807821273803711,-7.110066890716553,-11.515802383422852,-10.303703308105469,0.6827660799026489,0.41315269470214844,0.5152972340583801,0.4204232394695282,,0.24377647042274475,0.3550308048725128,0.4976951777935028,,,0.8710383772850037,,,0.7270021438598633,0.4284982681274414,0.20017220079898834,0.06323371082544327,0.10666482895612717,0.058421291410923004,,0.1764865517616272,0.288432776927948,0.24229168891906738,,,0.31066980957984924,,,0.2734397351741791,0.07400048524141312
P351,59,165,79.06769009881101,17.532913473566968,Other kharif crop,high,"clear green-up, no flooding",0.8,11-04,14,,,-24.409154891967773,-21.87568473815918,-17.15619468688965,-19.88310432434082,-17.429880142211914,-15.303948402404785,-12.832318305969238,-14.790275573730469,-14.165558815002441,-12.040958404541016,-13.822613716125488,-13.503693580627441,-13.008977890014648,-14.731551170349121,-14.823830604553223,-9.802072525024414,-10.31851577758789,-8.06635570526123,-7.1651835441589355,-12.16073226928711,-6.693535327911377,-8.720940589904785,-6.520491123199463,-3.648392677307129,-7.271738052368164,-9.27518367767334,-9.048419952392578,-6.692333698272705,-6.755785942077637,-8.561067581176758,0.09685949981212616,0.1457792967557907,0.15460576117038727,0.2563708424568176,0.38535016775131226,0.4426719546318054,0.4201689660549164,0.5441296696662903,0.36693817377090454,0.49428436160087585,0.5125812292098999,0.5629919171333313,,0.8010563850402832,0.7613088488578796,-0.1974548101425171,-0.2044946402311325,-0.1092851459980011,-0.06701694428920746,0.0818757563829422,0.15679433941841125,0.14911799132823944,0.05780535936355591,0.24311275780200958,0.18724457919597626,0.07444670796394348,0.157570943236351,,0.34547656774520874,0.319650799036026
P352,59,165,79.01810309512761,17.555551018726778,Other kharif crop,high,"clear green-up, no flooding",0.77,08-12,13,,,-19.906583786010742,-18.613615036010742,-17.778234481811523,-18.77877426147461,-16.092294692993164,-14.377131462097168,-16.271785736083984,-15.133044242858887,-16.61176300048828,-15.192001342773438,-15.277518272399902,-17.73269271850586,-12.922178268432617,-17.296981811523438,-15.936942100524902,-10.285536766052246,-10.350470542907715,-11.214295387268066,-11.306601524353027,-8.298532485961914,-8.693746566772461,-10.620818138122559,-9.91550350189209,-7.274110317230225,-6.817943572998047,-8.258037567138672,-6.803413391113281,-8.380807876586914,-9.984160423278809,-9.258696556091309,0.337323933839798,0.3359028100967407,0.4841981828212738,0.3359937369823456,0.4190814793109894,0.5152086019515991,0.7711772322654724,0.6495293378829956,0.6394331455230713,,0.6743596196174622,0.5663633346557617,,0.648283064365387,0.5661080479621887,-0.07715261727571487,-0.09285847842693329,0.03444785997271538,-0.020915759727358818,0.10948853194713593,0.1899910569190979,0.2825029194355011,0.19091597199440002,0.22896993160247803,,0.16186539828777313,0.11809287965297699,,0.11588543653488159,0.09495199471712112
P353,59,165,79.05798829374253,17.549083148681117,Review,low,radar dip but optical shows dry soil soon after,0.55,11-04,13,06-13,,-23.617347717285156,-32.830875396728516,-20.484617233276367,-23.94334602355957,-21.96367835998535,-22.647306442260742,-19.854461669921875,-17.5246639251709,-17.159189224243164,-15.170944213867188,-16.107378005981445,-18.511064529418945,-17.900218963623047,-15.321557998657227,-18.314674377441406,-15.587446212768555,-16.484878540039062,-10.173019409179688,-11.520960807800293,-12.106415748596191,-12.149617195129395,-11.962967872619629,-8.9058198928833,-11.497393608093262,-10.504124641418457,-9.59492015838623,-10.793290138244629,-8.1602201461792,-12.199271202087402,-11.762383460998535,0.07139068841934204,0.05424283444881439,0.108482725918293,0.06281053274869919,0.176278218626976,0.19891586899757385,0.20563490688800812,0.21510906517505646,,0.29595667123794556,0.347270131111145,0.48431897163391113,,0.5490642189979553,0.509468138217926,-0.13868753612041473,-0.12000221014022827,-0.10166139155626297,-0.09134608507156372,-0.05414328724145889,0.0248935017734766,0.02208516001701355,-0.009122367948293686,,-0.02546561323106289,0.050383493304252625,0.05614257976412773,,0.09270290285348892,0.05874910578131676
P354,59,165,79.00328089293964,17.642058780587487,Paddy,high,radar dip-and-rise + optical flood within 3 weeks,0.77,09-29,12,07-19,07-31,-17.061511993408203,-17.62692642211914,-14.043560028076172,-15.776914596557617,-21.552297592163086,-20.25567054748535,-20.581241607666016,-14.208117485046387,-12.181431770324707,-15.315719604492188,-14.834430694580078,-14.445234298706055,-14.54664421081543,-15.73385238647461,-18.24578094482422,-9.683302879333496,-8.026742935180664,-7.314577102661133,-11.779187202453613,-11.928179740905762,-12.593234062194824,-10.184891700744629,-8.722846984863281,-10.010102272033691,-6.059548854827881,-8.149275779724121,-7.825427532196045,-9.475059509277344,-10.769058227539062,-10.090961456298828,0.34827616810798645,0.28073638677597046,0.4788769781589508,0.3967624306678772,,0.25290000438690186,0.44015201926231384,0.6225638389587402,,,0.7694782614707947,0.6142708659172058,0.619635283946991,0.5195985436439514,0.2986908555030823,-0.07209072262048721,0.005730233155190945,0.07277365028858185,0.07343045622110367,,0.21482256054878235,0.2534841001033783,0.2480507791042328,,,0.29070210456848145,0.2758200466632843,0.19835367798805237,0.08421693742275238,-0.08533355593681335
