point_id,mandal,orbit,lon,lat,label,confidence,reason,ndvi_max,ndvi_june,vh_amplitude,clear_bins,radar_dips,optical_flood,label_v1,confidence_v1,VH_00,VH_01,VH_02,VH_03,VH_04,VH_05,VH_06,VH_07,VH_08,VH_09,VH_10,VH_11,VH_12,VH_13,VH_14,ANOM_00,ANOM_01,ANOM_02,ANOM_03,ANOM_04,ANOM_05,ANOM_06,ANOM_07,ANOM_08,ANOM_09,ANOM_10,ANOM_11,ANOM_12,ANOM_13,ANOM_14,VV_00,VV_01,VV_02,VV_03,VV_04,VV_05,VV_06,VV_07,VV_08,VV_09,VV_10,VV_11,VV_12,VV_13,VV_14,NDVI_00,NDVI_01,NDVI_02,NDVI_03,NDVI_04,NDVI_05,NDVI_06,NDVI_07,NDVI_08,NDVI_09,NDVI_10,NDVI_11,NDVI_12,NDVI_13,NDVI_14,LSWI_00,LSWI_01,LSWI_02,LSWI_03,LSWI_04,LSWI_05,LSWI_06,LSWI_07,LSWI_08,LSWI_09,LSWI_10,LSWI_11,LSWI_12,LSWI_13,LSWI_14
P001,1,165,79.06014425042441,17.690298311344705,Other kharif crop,high,"clear green-up, no flooding",0.56,0.32,4.7,11,,,Other kharif crop,high,-18.85031509399414,-18.840709686279297,-16.645904541015625,-17.326086044311523,-16.923492431640625,-12.123950004577637,-14.631159782409668,-14.709452629089355,-12.856928825378418,-15.752100944519045,-14.740376472473145,-14.183008193969728,-13.876718521118164,-16.085872650146484,-16.57692527770996,-1.144974708557129,-1.1779146194458008,-2.173017978668213,-0.41510772705078125,-1.284383773803711,3.3342418670654297,2.0161657333374023,0.5982632637023926,2.284789562225342,-0.46238040924072443,0.004588127136230469,0.23950433731078924,0.758720874786377,-0.1932363510131836,-0.826012134552002,-14.40692138671875,-13.250452995300291,-9.792495727539062,-14.07904815673828,-11.512840270996094,-9.667981147766112,-8.949580192565918,-9.070202827453612,-10.495469093322754,-10.31460666656494,-10.233789443969728,-9.746858596801758,-9.03074836730957,-10.679353713989258,-10.86794090270996,0.232031911611557,0.3210245370864868,0.3901552557945251,0.396013855934143,,,0.4524552226066589,0.5556245446205139,,0.5011814832687378,0.4644692838191986,0.4893103539943695,,0.5452930331230164,0.515117883682251,-0.1619895994663238,-0.0699096694588661,-0.0310498289763927,-0.0052105379290878,,,0.2137017101049423,0.0326990224421024,,0.0460247509181499,0.0105161545798182,-0.0152284791693091,,-0.0002671048569027,-0.015649477019906
P002,1,165,79.10649731908498,17.670355712037253,Other kharif crop,high,"clear green-up, no flooding",0.7,0.32,5.2,14,11-04,,Other kharif crop,high,-18.34916877746582,-19.645708084106445,-14.686874389648438,-17.121580123901367,-14.06497573852539,-13.556687355041504,-16.539318084716797,-14.426548957824709,-14.959789276123049,-15.098555564880373,-18.35017967224121,-13.935452461242676,-16.057268142700195,-19.93697738647461,-18.620187759399418,1.064955711364746,-1.0966625213623047,1.2904515266418457,1.148916244506836,3.3278160095214844,1.525108814239502,-0.8387866020202637,0.6010203361511213,-0.23364114761352717,0.20826959609985174,-3.5627760887145996,0.8540081977844238,-1.5235381126403809,-4.891410350799559,-2.0904474258422887,-10.023165702819824,-8.488995552062988,-7.207935810089111,-12.111035346984863,-8.530403137207031,-10.500448226928713,-9.76541233062744,-7.788954734802246,-9.412049293518066,-9.799474716186523,-9.998126029968262,-10.81999969482422,-10.440117835998535,-10.360243797302246,-10.534947395324709,0.2299568355083465,0.3209879100322723,0.5726332664489746,0.4456006288528442,,0.4253709614276886,0.6479821801185608,0.696219801902771,0.6560559868812561,0.6195099353790283,0.6161534190177917,0.4218381643295288,0.5361433029174805,0.5532750487327576,0.5158427357673645,-0.1068528890609741,-0.0087458528578281,0.0460880771279335,0.0527761429548263,,0.1778727173805236,0.2387042343616485,0.1615274995565414,0.1531585305929184,0.1186642944812774,0.1119042485952377,0.2741992175579071,-0.0203294213861227,0.0240336097776889,0.0140163823962211
P003,1,165,79.14072313140993,17.579805531398005,Paddy,high,radar dip-and-rise + optical flood within 3 weeks,0.86,0.23,7.8,14,"07-19, 07-31","07-31, 08-12",Review,low,-21.290163040161133,-21.00998878479004,-13.753363609313965,-19.150623321533203,-19.79217529296875,-21.687559127807617,-22.728927612304688,-20.81999397277832,-18.86149787902832,-18.844751358032227,-16.388099670410156,-15.541074752807615,-13.2681303024292,-13.863701820373535,-17.9428768157959,-0.7047719955444336,-2.319120407104492,2.8005242347717285,-1.9292402267456055,-4.085954189300537,-8.004900932312012,-9.388044357299805,-6.2635273933410645,-5.03861141204834,-5.853646278381348,-1.2987780570983887,-1.3650841712951642,1.4103779792785645,1.1353521347045898,-2.0489859580993652,-9.799272537231444,-11.423412322998049,-4.3274006843566895,-12.28538990020752,-12.021141052246094,-15.515871047973633,-11.782159805297852,-7.596145153045654,-8.838300704956055,-8.494194984436035,-9.30979824066162,-9.084023475646973,-6.6129984855651855,-10.682121276855469,-12.26923370361328,0.2392304539680481,0.227443128824234,0.2072600573301315,0.2365862429141998,0.3368579745292663,0.1874780058860778,0.4057915806770324,0.4278883337974548,,0.7603226900100708,0.8589742183685303,0.6173741221427917,0.7451010942459106,0.6518919467926025,0.504830002784729,-0.1078878045082092,-0.0790653377771377,-0.060292012989521,0.0122365681454539,0.2812450528144836,0.3984015583992004,0.3817098736763,0.246604710817337,,0.3930719792842865,0.3872772455215454,0.2801870703697204,0.2971881330013275,0.2516435980796814,0.0968254506587982
P004,1,165,79.08170381724328,17.670355712037253,Review,low,radar dip but optical shows dry soil soon after,0.76,0.33,4.8,12,07-07,,Review,low,-19.05725860595703,-17.62196159362793,-13.96173858642578,-20.50094985961914,-14.902603149414062,-14.859643936157228,-16.7699031829834,-15.190669059753418,-13.220710754394531,-13.56787395477295,-13.96379566192627,-14.075813293457031,-14.142166137695312,-14.35697078704834,-15.295252799987791,0.25339412689208984,1.1052007675170898,2.0155873298645037,-3.1427221298217773,2.236994743347168,-0.3350067138671893,-0.3643512725830078,0.08823442459106445,2.2865161895751953,1.6859865188598633,1.362990379333496,1.2615675926208496,0.39156389236450195,1.535665512084961,1.9646482467651385,-10.97011661529541,-10.913026809692385,-7.916893005371094,-12.568158149719238,-7.768467903137207,-7.52230167388916,-8.393267631530762,-8.472585678100586,-9.340160369873049,-6.994198322296143,-8.960243225097656,-7.743005752563477,-6.714081764221191,-11.35754108428955,-11.649150848388672,0.33195960521698,0.3193969130516052,0.6064568758010864,0.5785055756568909,,0.7594650983810425,0.651092529296875,0.632972776889801,,0.6443058252334595,0.6458216905593872,0.5852413177490234,,0.5885831117630005,0.5021212100982666,-0.1505934596061706,-0.0281593780964612,0.1149049550294876,0.0513197183609008,,0.2828260958194732,0.2902601957321167,0.1914219856262207,,0.146425262093544,0.1340795010328292,0.0757152363657951,,0.0856988579034805,0.0425773561000824
P005,1,165,79.07146302300431,17.566869791306683,Other kharif crop,high,"clear green-up, no flooding",0.75,0.27,7.1,13,,,Other kharif crop,high,-22.913328170776367,-17.29484748840332,-15.951581001281738,-17.390369415283203,-14.21869659423828,-13.03449821472168,-12.989684104919434,-14.864469528198242,-12.076929092407228,-13.152714729309082,-15.376053810119627,-15.133687019348145,-14.5208158493042,-14.769576072692873,-15.71789264678955,-3.0745410919189453,1.7098264694213867,0.17998743057250977,0.14049434661865234,2.5053024291992205,1.9834065437316877,4.303688049316406,0.09719038009643555,3.1990289688110334,2.0922513008117676,-0.08875465393066229,-0.1405324935913086,0.15769243240356445,0.25697851181030096,2.376436233520508,-8.978699684143066,-9.41891860961914,-8.896520614624023,-10.452170372009276,-7.688597202301025,-8.101255416870117,-9.98377799987793,-6.6163153648376465,-9.962091445922852,-5.644260406494141,-6.616690158843994,-7.446385860443115,-8.79711627960205,-8.733856201171875,-9.385117530822754,0.2065339982509613,0.2698794305324554,0.3216515183448791,0.2715997397899627,0.4209776818752289,0.5637247562408447,0.7409486770629883,0.7307168245315552,,0.719035804271698,0.7527625560760498,0.5565405488014221,,0.6477195620536804,0.5954477190971375,-0.0960571020841598,-0.0669871047139167,-0.0082256961613893,0.0021344632841646,0.0533606521785259,0.2033169716596603,0.3096204698085785,0.2680753469467163,,0.2346411496400833,0.1566985547542572,0.049858383834362,,0.0717962309718132,0.0512122213840484
P006,1,165,79.12293648878436,17.59920914153499,Review,low,radar dip but optical shows dry soil soon after,0.68,0.25,8.6,12,"06-25, 08-24, 09-17",,Other kharif crop,high,-19.7709903717041,-18.257381439208984,-19.319034576416016,-15.804866790771484,-17.355703353881836,-11.674071311950684,-11.071605682373049,-15.424762725830078,-15.69080638885498,-19.06027030944824,-16.72829818725586,-18.618663787841797,-18.01784324645996,-21.255002975463867,-19.223594665527344,1.5739870071411133,2.070466995239258,-3.7897729873657227,2.925808906555176,-2.2072501182556152,3.4077248573303223,4.405914783477781,-0.8163504600524902,-1.1281323432922363,-5.699975967407223,-1.3917312622070312,-4.393955707550049,-3.4311275482177734,-6.504439353942871,-2.2172117233276367,-13.544434547424316,-11.982333183288574,-11.988259315490724,-10.89730739593506,-8.159515380859375,-8.143791198730469,-7.962430477142334,-6.8528547286987305,-6.220974445343018,-8.216272354125977,-11.684367179870604,-9.954306602478027,-9.495777130126951,-12.43260669708252,-10.71536350250244,0.139995276927948,,0.3526831269264221,0.4178245663642883,0.330453097820282,0.4844262599945068,0.6753770709037781,0.3659860789775848,,0.3102996945381164,0.3734933137893677,0.5327152013778687,,0.2696108222007751,0.2585170865058899,-0.1342895627021789,,0.0311151649802923,0.0991121381521225,0.0353777185082435,0.1373078227043151,0.2688922882080078,-0.0264573972672224,,-0.0916096791625022,-0.0110856695100665,0.0904514044523239,,-0.1463915109634399,-0.1193647608160972
P007,2,165,79.3307168140012,16.79449831002072,Paddy,high,radar dip-and-rise + optical flood within 3 weeks,0.79,0.27,6.1,9,"07-07, 09-17",07-31,Paddy,high,-17.797121047973633,-19.31563949584961,-14.932466506958008,-25.49882698059082,-15.003875732421877,-16.26591682434082,-17.647396087646484,-14.923662185668944,-15.615952491760254,-17.900869369506836,-14.308286666870115,-15.448946952819824,-15.126391410827637,-13.991127967834473,-12.447675704956056,-1.0997514724731445,-1.3575725555419922,0.7896409034729004,-8.157711029052734,2.7683200836181623,0.5658607482910156,-1.270258903503418,2.6697616577148455,0.548912525177002,-2.514827251434326,0.027443885803224433,-1.170511245727539,0.14493989944458008,2.3537092208862305,3.4346275329589826,-11.62394905090332,-13.172893524169922,-8.90845012664795,-14.989431381225586,-9.437896728515623,-11.530237197875977,-10.92929744720459,-7.842939853668213,-9.818238258361816,-11.117695808410645,-10.066411018371582,-11.76616096496582,-7.75801944732666,-8.891005516052246,-10.151049613952637,0.2883266806602478,0.2537177503108978,,0.1293586492538452,,0.162637859582901,,0.6228200197219849,,,0.7436805963516235,,0.7494720220565796,0.7896001935005188,0.6436947584152222,-0.0932753384113311,-0.1070453524589538,,0.0384469032287597,,0.1355528235435485,,0.2082338035106659,,,0.3229791224002838,,0.46218141913414,0.3824147284030914,0.3002395629882812
P008,2,165,79.23127331204918,16.861871956329683,Perennial,medium,green from June and stable radar all season,0.6,0.52,3.8,10,,,Review,low,-16.30698585510254,-13.453811645507812,-16.435810089111328,-17.83384895324707,-16.181720733642578,-16.91804313659668,-16.361665725708008,-15.943169593811035,-14.75705623626709,-13.738639831542969,-13.209139823913574,-14.507712364196776,-13.816554069519045,-16.781566619873047,-18.35828971862793,-1.1092338562011719,4.363420486450195,-1.2166976928710938,0.04681968688964844,1.9388093948364258,2.8704490661621094,3.067537307739258,2.1131486892700195,0.7107443809509277,2.5894336700439453,0.9442343711853027,-0.6407461166381818,-0.23692989349365412,-1.2305030822753906,-2.839644432067871,-9.854507446289062,-9.640717506408691,-6.951895713806152,-10.994661331176758,-9.578045845031738,-10.961669921875,-9.955492973327637,-8.5136137008667,-9.60181999206543,-11.646892547607422,-7.77867317199707,-6.441009044647217,-7.0501909255981445,-9.773100852966309,-8.305091857910156,0.5350096821784973,0.5140810608863831,,0.5074946880340576,,0.4802683591842651,,0.5974387526512146,,0.4810126721858978,0.4788148105144501,,0.5492353439331055,0.5524982810020447,0.4961089789867401,0.1019515544176101,0.062646560370922,,0.0811832770705223,,0.1826115250587463,,0.2562291026115417,,0.180625632405281,0.0572002455592155,,0.1543458998203277,0.0364312492311,-0.0084573244675993
P009,2,165,79.29244858289772,16.85890751589209,Paddy,medium,optical flood + radar growth afterwards (shallow dip),0.8,0.2,6.7,9,,07-31,Review,low,-18.850780487060547,-18.055076599121097,-15.165183067321776,-16.325891494750977,-18.235076904296875,-16.784406661987305,-20.21462059020996,-18.82672119140625,-20.890378952026367,-19.58936882019043,-15.827362060546877,-13.534906387329102,-13.029054641723633,-17.207950592041016,-15.921403884887695,-2.906595230102539,-0.8082876205444371,0.4330153465271014,1.874441146850586,-0.7484550476074219,1.6999902725219727,-1.8159961700439453,-1.5022468566894531,-5.590303897857666,-3.7779526710510254,-1.9689135551452672,0.8708357810974121,1.369706630706787,-1.9169020652770996,-0.4027585983276367,-7.783598899841309,-9.878318786621094,-3.937079906463623,-6.514702796936035,-9.883188247680664,-11.890799522399902,-9.03161334991455,-10.907288551330566,-13.309508323669434,-12.375618934631348,-10.034435272216797,-8.894599914550781,-7.032057285308838,-10.196962356567385,-8.40212345123291,0.2562094032764435,0.1351185292005539,,0.1290177702903747,,0.2087123394012451,,0.4820921421051025,,,0.8004306554794312,,0.7098097205162048,0.6724820137023926,0.4771183729171753,-0.0791972428560257,-0.1731873750686645,,0.0483195073902606,,0.2055859565734863,,0.2439727783203125,,,0.3361530900001526,,0.3763012290000915,0.2570096850395202,0.1520676165819168
P010,2,165,79.315625117228,16.77239975403138,Review,low,radar dip but optical shows dry soil soon after,0.33,0.22,3.7,11,06-25,,Review,low,-17.70028305053711,-17.86105728149414,-23.627809524536133,-20.020841598510746,-14.656639099121094,-16.879148483276367,-17.061378479003906,-18.52585220336914,-19.47416305541992,-16.463977813720703,-20.828935623168945,-16.31113052368164,-18.008333206176758,-15.801430702209473,-18.423770904541016,-1.002913475036621,-0.1347494125366211,-8.408697128295898,-2.67972564697266,3.1155567169189453,-0.3539867401123047,-0.6842412948608398,-2.3675880432128906,-3.8304824829101527,-0.9160161018371582,-6.239256381988525,-2.4171276092529297,-3.8007631301879883,-0.4645366668701172,-3.240067958831787,-10.377018928527832,-11.322273254394531,-9.548240661621094,-9.2360258102417,-10.91015625,-9.378668785095217,-6.026786804199219,-9.819677352905272,-8.0773344039917,-9.68112850189209,-12.362156867980955,-7.128940582275391,-10.593379974365234,-12.884925842285156,-12.075963973999023,0.2170255184173584,0.218847244977951,,0.1211179941892623,,0.1924892961978912,,0.3228629529476166,,0.2716131806373596,0.3275660872459411,0.3060808181762695,0.2907928228378296,0.2965156137943268,0.283297061920166,0.0287492386996746,-0.0435524992644786,,0.0360347479581832,,-0.0492713898420333,,0.036137256771326,,-0.0816663056612014,0.0698428377509117,0.0758631378412246,-0.0203372687101364,-0.0665616691112518,-0.0771223679184913
P011,2,165,79.27493143485738,16.807164555526803,Review,low,radar dip but optical shows dry soil soon after,0.67,0.29,8.0,8,"06-13, 11-16",,Review,low,-17.91520118713379,-23.06089973449707,-16.4260311126709,-21.36638069152832,-18.005983352661133,-17.794231414794922,-15.866362571716309,-15.155272483825684,-15.501643180847168,-13.790498733520508,-13.408610343933104,-10.279926300048828,-13.386055946350098,-14.360448837280272,-18.557859420776367,-1.2178316116333008,-5.431601524353027,-0.7039237022399902,-3.632206916809082,-0.5193614959716797,-0.9624538421630859,1.0400896072387695,2.4381513595581055,0.14203739166259766,2.223142623901367,1.940606594085697,4.1258158683776855,1.6916818618774414,1.6969361305236834,-2.9352498054504395,-8.729880332946777,-10.865159034729004,-8.236449241638184,-10.820091247558594,-10.973342895507812,-11.853697776794434,-9.055956840515137,-9.335071563720703,-8.719301223754883,-8.07220458984375,-10.075922966003418,-10.219518661499023,-8.629547119140625,-10.597346305847168,-11.058599472045898,0.2700294256210327,0.3082647919654846,,0.3628872334957123,,0.409889817237854,,0.5745011568069458,,,0.6682068109512329,,,0.4387462735176086,0.2505819797515869,-0.0245814323425292,-0.0317046865820884,,0.1541448831558227,,0.2420220971107483,,0.2213325649499893,,,0.2621006369590759,,,0.0731808543205261,-0.1124218702316284
P012,2,165,79.26927204856743,16.723890728688925,Other kharif crop,high,"clear green-up, no flooding",0.85,0.28,2.4,11,,,Other kharif crop,high,-16.777448654174805,-15.279586791992188,-16.57628059387207,-15.269715309143066,-18.691680908203125,-14.980992317199709,-16.002748489379883,-15.655532836914062,-15.671408653259276,-15.189148902893066,-14.871071815490724,-15.011192321777344,-15.513578414916992,-12.570395469665527,-15.843202590942385,0.9712533950805664,3.135739326477051,-0.885951042175293,3.2854738235473633,-1.9429569244384766,0.5112895965576154,0.9988555908203125,1.0865592956542969,0.3302836418151873,1.154458999633789,-0.3434791564941424,-0.5565152168273926,-2.0959315299987793,1.386415958404541,-0.22414255142212092,-10.038212776184082,-8.870465278625488,-9.233516693115234,-10.403956413269045,-10.644192695617676,-8.730978012084961,-10.105199813842772,-11.300297737121582,-9.638172149658203,-10.620210647583008,-7.280461311340332,-9.653669357299805,-9.793346405029297,-10.085198402404783,-9.05378532409668,0.3110554814338684,0.2507315278053283,,0.2681233882904053,,0.3316527307033539,,0.6674658060073853,,0.8471534848213196,0.8005132675170898,0.7587206363677979,0.5905231237411499,0.6418052315711975,0.3343115448951721,-0.074060283601284,-0.1267726719379425,,-0.1214817017316818,,0.2430716902017593,,0.2723739445209503,,0.3511998057365417,0.32459357380867,0.3870293498039245,0.3089446723461151,0.1987789869308471,-0.0658582970499992
P013,3,165,79.18761518924097,17.45152610882574,Perennial,medium,green from June and stable radar all season,0.58,0.45,4.7,12,"07-07, 10-11",,Review,low,-20.159738540649418,-16.32482147216797,-13.875368118286133,-18.489795684814453,-13.312274932861328,-17.06743049621582,-16.792953491210938,-15.423089981079102,-13.578357696533203,-14.133524894714355,-12.052248001098633,-16.973155975341797,-15.908217430114746,-14.968844413757324,-16.394052505493164,-0.5744342803955114,5.541098594665527,2.677493095397949,-0.31229114532470703,3.1681137084960938,-1.2578773498535156,-2.013680934906006,-1.1387238502502441,1.3036165237426776,-1.1544694900512695,2.9106321334838867,-3.309757709503174,-1.9123558998107928,0.2485499382019043,-0.8634920120239258,-13.431330680847168,-13.73739528656006,-9.435760498046877,-11.428832054138184,-3.273796319961548,-6.241733074188232,-8.671955108642578,-6.991250038146973,-1.4243714809417725,-4.174794673919678,-8.120209693908691,-10.257604598999023,-6.328698635101318,-9.479491233825684,-7.863959789276123,0.3299647569656372,0.4535903930664062,0.5622596740722656,0.2652886807918548,0.3911787867546081,0.2599467039108276,0.1273640096187591,0.3216283321380615,,,0.5185258388519287,0.3588855266571045,,0.5690579414367676,0.5772825479507446,-0.1382234841585159,-0.0880959406495094,0.0949843525886535,-0.1143343672156333,0.0168282240629196,0.0295916125178337,-0.0989074856042862,-0.060824915766716,,,0.0786312818527221,0.0564213171601295,,0.1484436988830566,0.1574645042419433
P014,3,165,79.07388847427144,17.529140549373665,Review,low,radar dip but optical shows dry soil soon after,0.73,0.16,12.0,14,06-13,,Other kharif crop,high,-21.399791717529297,-25.136951446533203,-18.485145568847656,-18.310728073120117,-15.39430332183838,-13.069252014160156,-14.415722846984863,-11.230944633483888,-9.813010215759276,-13.07984733581543,-15.297080039978027,-16.424299240112305,-14.89870262145996,-13.544111251831056,-19.49164390563965,-1.561004638671875,-6.132277488708496,-2.9558839797973633,-0.7008724212646484,0.0229148864746076,1.9486527442932111,2.7768096923828125,3.767812252044676,5.462947845458986,2.16511869430542,0.44463586807250977,-1.253222942352295,-0.31198692321777166,1.2064523696899396,-3.1638574600219727,-10.631497383117676,-10.777383804321287,-5.663698673248291,-7.675017356872559,-7.4060258865356445,-6.591500759124756,-9.445405960083008,-6.2910847663879395,-7.181521892547607,-5.844096660614014,-8.397780418395996,-5.963624477386475,-6.777070045471191,-9.01564884185791,-7.656100273132324,0.15084969997406,0.1560603529214859,0.217516541481018,0.2497435808181762,0.3414044380187988,0.5495569705963135,0.4939318299293518,0.7303102612495422,0.4603747129440307,0.5580217242240906,0.5579105615615845,0.5077041387557983,,0.7013719081878662,0.6625590920448303,-0.2075555324554443,-0.2185666710138321,-0.1242112964391708,-0.1736845076084137,0.0155247403308749,0.1910257041454315,0.2905367910861969,0.1979980915784835,0.2005896419286728,0.2717474699020386,0.0475744679570198,0.0788969993591308,,0.1781734824180603,0.1688451170921325
P015,3,165,79.18734569465573,17.500574123338662,Other kharif crop,high,"clear green-up, no flooding",0.69,0.22,7.5,13,,,Review,low,-19.771392822265625,-23.97456169128418,-17.022022247314453,-18.099430084228516,-15.789340019226074,-16.146257400512695,-14.799190521240234,-14.417033195495604,-14.375368118286133,-14.38174057006836,-18.883899688720703,-19.054119110107425,-14.98936653137207,-16.306184768676758,-16.612119674682617,0.008084297180175781,-3.9073896408081055,-2.215135097503662,0.2679119110107422,1.042210578918457,0.30824756622314453,0.9769635200500488,-0.13266706466674627,0.01728200912475586,-1.1558833122253418,-3.9210195541381836,-4.878128528594974,-1.8542509078979492,-1.3550968170166016,-1.175734519958496,-10.99859619140625,-9.103561401367188,-3.3088948726654053,-9.481164932250977,-6.5015363693237305,-8.939142227172852,-6.952839374542236,-7.306567668914795,-4.531805515289307,-6.969501495361328,-11.833060264587402,-9.158323287963867,-8.344758033752441,-9.84220027923584,-9.91632843017578,0.1820459067821502,0.2228561341762542,0.2399782538414001,0.2235204577445984,0.2665894627571106,0.3325701355934143,0.6897467374801636,0.5493688583374023,,0.4573817849159241,0.3336871266365051,,0.337033212184906,0.3884674906730652,0.3908560872077942,-0.2254484891891479,-0.2142506688833236,-0.1145143061876297,-0.1202191263437271,-0.1129600778222084,0.0476276502013206,0.1882877200841903,0.1067544370889663,,0.0367224775254726,-0.1252511590719223,,-0.061381496489048,-0.0567247457802295,-0.0565178021788597
P016,3,165,79.14126212058041,17.535069430248853,Review,low,radar dip but optical shows dry soil soon after,0.84,0.42,4.2,12,08-12,,Other kharif crop,high,-15.987435340881348,-16.050365447998047,-13.893766403198242,-15.773468017578123,-14.742141723632812,-16.318580627441406,-18.314958572387695,-14.322657585144045,-15.286737442016602,-15.297930717468262,-12.124728202819824,-11.616450309753418,-14.652615547180176,-12.87353801727295,-16.069889068603516,5.357542037963867,5.3924713134765625,3.1953420639038086,2.431611061096193,1.944779396057129,-1.5185742378234863,-4.286917209625244,0.28099679946899236,-1.0162739753723145,-2.181649684906006,3.616987705230713,3.720930576324463,0.07198429107666016,2.319629192352295,1.2076091766357422,-7.858682632446289,-6.913135528564453,-7.400218963623047,-10.208040237426758,-10.385549545288086,-9.635363578796388,-10.834552764892578,-8.784957885742188,-9.242767333984377,-7.947871685028076,-8.607728958129883,-7.890002250671387,-8.571852684020996,-6.035423755645752,-8.461136817932129,0.2441167682409286,0.4349889755249023,0.4225013554096222,0.4381842613220215,0.4370991587638855,,0.6026384830474854,0.5342073440551758,,,0.8444880247116089,0.6907220482826233,0.5683953166007996,0.5093448758125305,0.4071455895900726,-0.0516792200505733,0.0210844445973634,0.0258735790848732,0.0060583055019378,0.1540296822786331,,0.3065583109855652,0.2930581271648407,,,0.3770900964736938,0.3739996254444122,0.1910960972309112,0.0665386766195297,-0.0229421891272068
P017,3,165,79.07119352841907,17.470390729792246,Review,low,radar dip but optical shows dry soil soon after,0.63,0.26,5.9,12,08-12,,Review,low,-14.88595962524414,-18.884992599487305,-13.084293365478516,-15.094522476196287,-12.57930850982666,-14.731861114501951,-21.916017532348633,-19.00010681152344,-15.265178680419922,-15.424847602844238,-13.485005378723145,-13.950331687927246,-14.82598876953125,-14.194485664367676,-18.488494873046875,3.953537940979004,2.9068450927734375,4.431324005126953,4.264716148376467,4.958112716674805,0.9378542900085467,-4.387849807739258,-2.71840858459473,-0.0653986930847168,-1.2994518280029297,2.217223644256592,0.4739418029785156,-0.39307069778442383,0.832068920135498,-2.4082207679748535,-10.60351848602295,-10.778020858764648,-8.023038864135742,-8.426145553588867,-5.998558044433594,-10.276135444641112,-9.524983406066896,-10.573248863220217,-10.117730140686035,-8.586873054504395,-7.408132553100586,-7.806638240814209,-7.933784484863281,-8.980212211608887,-8.222288131713867,0.2590807676315307,0.2487674355506897,0.3299503922462463,0.301089733839035,0.408211350440979,,0.5144709944725037,0.5222064256668091,,0.5181518197059631,0.6337933540344238,0.5963207483291626,,0.4276114404201507,0.2877955436706543,-0.0925799682736396,-0.0489971302449703,-0.0082438550889492,0.002520169597119,0.1046697124838829,,0.297651082277298,0.2335281074047088,,0.2235428541898727,0.1839315742254257,0.1668646335601806,,0.3133761882781982,0.2576651573181152
P018,3,165,79.14934695813747,17.525367625180362,Review,low,radar dip but optical shows dry soil soon after,0.73,0.22,4.7,13,06-13,,Other kharif crop,high,-15.48361873626709,-19.12435531616211,-15.106942176818848,-16.750999450683594,-13.413047790527344,-14.296064376831056,-12.403356552124023,-14.11692237854004,-12.614344596862791,-12.902362823486328,-17.033254623413086,-14.373602867126465,-14.704401016235352,-15.370012283325195,-14.172110557556152,5.241332054138184,0.5093297958374023,1.379859447479248,1.4540796279907227,2.490691661834717,1.4290385246276838,1.9865050315856934,0.48673200607299627,1.656118869781496,0.7407569885253906,-1.9439330101013184,0.963778018951416,-0.005693912506103516,-0.5008020401000977,2.3309755325317383,-6.718839168548584,-9.723773002624512,-6.289236068725586,-3.745631217956543,-7.11281156539917,-6.720829963684082,-9.863924980163574,-8.570632934570312,-8.890863418579102,-10.292996406555176,-8.635462760925293,-6.923207759857178,-6.086201190948486,-9.23717975616455,-9.610459327697754,0.1787133663892746,0.2617783546447754,,0.3211618661880493,0.376782476902008,0.4600365757942199,0.4658571481704712,0.5360314249992371,,0.5753188729286194,0.7271885275840759,0.6641836166381836,0.6781793236732483,0.6570980548858643,0.5356308817863464,-0.132201611995697,-0.0931495353579521,,0.0184065252542495,0.0446309149265289,0.2208416163921356,0.2671210169792175,0.2212496846914291,,0.3192556202411651,0.2150722593069076,0.1626293808221817,0.1482235640287399,0.1621499508619308,0.1195283606648445
P019,4,92,79.6756698831031,17.228654086835686,Other kharif crop,high,"clear green-up, no flooding",0.73,0.32,5.7,11,,,Other kharif crop,high,-19.607866287231445,-15.192663192749023,-19.66088104248047,-18.555320739746097,-15.387612342834473,-17.10105323791504,-12.607011795043944,-15.34641170501709,-15.778728485107422,-15.969996452331545,,-14.51301097869873,-13.220813751220703,,-14.714786529541016,-3.7405972480773926,-0.5239715576171875,-1.9567537307739258,-1.4416151046752965,0.435910701751709,0.5544862747192383,3.430363655090334,0.3544931411743164,0.8717689514160156,0.9953155517578107,,0.7452468872070312,0.6774997711181641,,0.09891510009765625,-10.227920532226562,-8.90628433227539,-10.479475021362305,-10.118231773376465,-7.079829692840576,-9.29750633239746,-8.547008514404297,-6.652331352233887,-5.347877025604248,-8.255776405334473,,-9.237030029296877,-9.33175563812256,,-10.416817665100098,0.3205689787864685,,,0.2983138859272003,0.2658277153968811,0.3550024628639221,,0.5488572120666504,,0.7019771337509155,0.7008794546127319,0.6448925733566284,0.7347261905670166,0.6448767185211182,0.5483670830726624,-0.1383256316184997,,,0.0114420671015977,0.1436711251735687,0.1926174163818359,,0.2723759412765503,,0.170197919011116,0.2173163592815399,0.1873916834592819,0.2367467582225799,0.1844564378261566,-0.0147637613117694
P020,4,92,79.69561248241055,17.300070151923187,Review,low,radar dip but optical shows dry soil soon after,0.65,0.35,4.9,11,06-13,,Review,low,-12.62956428527832,-18.760513305664062,-16.22938346862793,-16.86748695373535,-13.746993064880373,-15.418362617492676,-12.894830703735352,-10.825995445251465,-11.93897819519043,-15.144282341003418,,-13.856600761413574,-12.933942794799805,,-15.81529140472412,3.5589070320129395,-1.509537696838379,0.8529748916625977,1.4001960754394531,1.6626524925231916,1.472914695739746,3.2239341735839844,4.884243488311768,5.452322006225586,2.7110137939453125,,2.4310874938964844,1.6090731620788574,,-0.4220719337463379,-6.0821075439453125,-9.105233192443848,-9.258342742919922,-10.381834983825684,-8.50502872467041,-6.5947394371032715,-7.258019924163818,-5.226749897003174,-6.666747570037842,-5.340821743011475,,-6.868854999542236,-7.201323986053467,,-9.534963607788086,0.3499705791473388,,,0.287418007850647,0.3533158898353576,0.4345245063304901,,0.6471301317214966,,0.6125341653823853,0.4037835001945495,0.4593321979045868,0.5099248290061951,0.5607187747955322,0.5715939402580261,-0.0845516845583915,,,-0.0115631725639104,0.1077113896608352,0.1169097647070884,,0.2639430165290832,,0.0996558889746666,0.0232716295868158,0.0173502769321203,0.0498116686940193,0.0354910604655742,0.0742991790175437
P021,4,92,79.72795183263887,17.29333278729229,Review,low,optical flood without radar growth afterwards,0.82,0.31,6.2,12,07-31,07-31,Review,low,-13.93617820739746,-16.222930908203125,-16.62010955810547,-12.39185905456543,-11.942486763000488,-20.630640029907227,-18.630109786987305,-16.303089141845703,-18.353883743286133,-17.985776901245117,,-17.710346221923828,-15.54335880279541,,-16.04792594909668,2.2522931098938006,0.8272676467895508,0.9601249694824219,4.801624298095703,3.467158794403076,-3.825819969177246,-2.7371630668640137,-0.5815873146057129,-0.8992652893066406,-1.0204648971557617,,-2.1656880378723145,-2.0078320503234863,,-1.1931324005126953,-8.328182220458984,-8.50042724609375,-9.75422477722168,-8.619125366210938,-7.585427761077881,-14.799334526062012,-9.860623359680176,-8.433235168457031,-8.381756782531738,-9.631133079528809,,-12.003144264221191,-10.283390045166016,,-10.357871055603027,0.3058853447437286,,,0.3227218985557556,0.3068960309028625,0.089785486459732,,0.3682946562767029,0.6713931560516357,0.6180559396743774,0.7053890824317932,0.7363557815551758,0.821053147315979,0.7172056436538696,0.5708295702934265,-0.1000586301088333,,,0.1281935721635818,0.1148258373141288,0.2015120983123779,,0.1741393804550171,0.3099679946899414,0.2879274189472198,0.3310734331607818,0.3735623359680176,0.3706034421920776,0.3256370723247528,0.2172654271125793
P022,4,92,79.72822132722409,17.19523675826644,Paddy,high,radar dip-and-rise + optical flood within 3 weeks,0.81,0.33,3.7,12,07-31,"07-31, 08-12",Paddy,high,-17.044025421142578,-15.613761901855469,-17.83272933959961,-16.206024169921875,-18.202001571655273,-22.174983978271484,-17.75214958190918,-18.3377628326416,-19.6614933013916,-17.016019821166992,,-16.551712036132812,-14.70107650756836,,-14.63260269165039,-0.06015586853027344,-0.9933018684387207,-0.04818248748779297,0.9875764846801758,-2.665940284729004,-4.863581657409668,-1.177419662475586,-2.2524337768554688,-2.5551042556762695,-0.2802248001098633,,-1.2934541702270508,-0.26929712295532227,,-0.0815281867980957,-10.298357009887695,-9.866284370422363,-13.919411659240724,-10.11947536468506,-8.824356079101562,-13.18554401397705,-9.008851051330566,-5.752098083496094,-10.170429229736328,-10.48753833770752,,-9.265832901000977,-8.668380737304688,,-9.908828735351562,0.3302569389343261,,,0.3846718668937683,,0.2089074999094009,0.3003567457199096,0.543466329574585,0.6777604222297668,0.807697057723999,0.7898131608963013,0.726947546005249,0.7445604205131531,0.6412869095802307,0.5232204794883728,-0.0924498960375785,,,0.0595296472311019,,0.1684193909168243,0.2744643986225128,0.2442634105682373,0.3447366654872894,0.336047500371933,0.3130166530609131,0.3502341508865356,0.3348341286182403,0.2768673002719879,0.1817426979541778
P023,4,92,79.63255074946537,17.234043978540402,Paddy,high,radar dip-and-rise + optical flood within 3 weeks,0.78,0.26,1.9,9,07-07,07-19,Paddy,high,-18.97338104248047,-16.555246353149414,-17.217832565307617,-24.36100959777832,-17.475086212158203,-16.681501388549805,-16.035734176635742,-14.103811264038086,-16.516313552856445,-18.638456344604492,,-16.146907806396484,-16.02678108215332,,-15.871049880981444,-3.106112003326416,-0.35587215423583984,1.2400455474853516,-7.2473039627075195,-2.0654406547546387,0.5027608871459961,-1.22489595413208,1.2332663536071777,-0.48058414459228516,-2.3584980964660645,,-1.980978012084961,-2.749208450317383,,-1.3199753761291486,-12.733349800109863,-9.161746978759766,-10.19229507446289,-13.07713794708252,-4.296589374542236,-7.87254810333252,-6.010870456695557,-9.251827239990234,-10.796501159667969,-12.407963752746582,,-8.484619140625,-10.252280235290527,,-11.582096099853516,0.2641633450984955,,,0.242335245013237,0.2593264579772949,0.4695103466510772,,0.6338937878608704,,,0.7816432118415833,,0.6274631023406982,0.2538452744483948,0.1679678708314895,-0.1425631195306778,,,0.1578026562929153,0.245413526892662,0.1781054586172104,,0.3156863749027252,,,0.3072172403335571,,0.2380982488393783,-0.1522397100925445,-0.0105074206367135
P024,4,92,79.64386952204528,17.221647227619552,Perennial,medium,green from June and stable radar all season,0.66,0.49,5.0,9,,,Review,low,-14.120831489562988,-14.640793800354004,-16.572843551635742,-18.89424514770508,-19.20042610168457,-20.42176628112793,-18.39684295654297,-16.074066162109375,-17.64189910888672,-17.14340591430664,,-16.428468704223633,-15.349309921264648,,-14.165889739990234,2.6207447052001953,0.7624187469482422,1.3403053283691406,-1.780539512634281,-3.7357687950134277,-3.237504005432129,-2.5869269371032715,-0.7369885444641113,-0.9914016723632812,-0.17809391021728516,,-1.6762762069702148,-1.4509963989257812,,0.68890380859375,-8.752930641174316,-8.448471069335938,-7.895431518554688,-10.162236213684082,-8.235756874084473,-11.753393173217772,-10.182717323303224,-8.553982734680176,-9.480192184448242,-10.744922637939451,,-9.241449356079102,-8.967855453491211,,-9.42712116241455,0.4929307699203491,,,0.2531659007072449,,0.3094512820243835,,0.4833723902702331,,0.5908536314964294,0.6570850610733032,,0.5548122525215149,0.4312129020690918,0.2546068429946899,0.0473794117569923,,,0.074060782790184,,0.1502960324287414,,0.2676858007907867,,0.2402316927909851,0.2725960910320282,,0.1946680545806884,0.0766129270195961,-0.1004243120551109
P025,5,165,78.98333829363219,17.470660224377482,Other kharif crop,high,"clear green-up, no flooding",0.86,0.43,5.2,13,09-29,,Other kharif crop,high,-17.93181800842285,-20.034921646118164,-17.87504005432129,-19.41815185546875,-13.473552703857422,-14.207855224609377,-14.52821159362793,-14.313912391662598,-15.371711730957031,-11.931869506835938,-16.679180145263672,-16.103546142578125,-14.288508415222168,-16.992324829101562,-18.07231712341309,-1.229410171508789,-1.2856178283691406,-2.2112841606140137,-0.3786020278930664,2.633172035217285,0.9136648178100568,2.188542366027832,0.8312244415283203,0.0730581283569336,3.4591073989868164,-2.2376465797424316,-1.1882739067077637,-0.22791290283203125,-3.0295586585998535,-1.4664916992187536,-9.242023468017578,-13.15514087677002,-9.26105785369873,-10.37171745300293,-10.113341331481934,-10.255547523498535,-10.223348617553713,-9.097078323364258,-6.164731979370117,-9.768329620361328,-8.273468971252441,-8.55230712890625,-9.036413192749023,-8.905561447143555,-10.170931816101074,0.4290615916252136,0.3509133160114288,0.4586172997951507,0.3729379773139953,0.334415465593338,0.4203677177429199,0.8649888038635254,0.7258995771408081,,0.667902410030365,0.7510111331939697,0.6490024328231812,,0.6532911062240601,0.5926530361175537,-0.0196596831083297,-0.1444193124771118,-0.0209771562367677,-0.0339364930987358,0.1708350181579589,0.2070640623569488,0.2909688353538513,0.2180550694465637,,0.1423631310462951,0.1628361642360687,0.1013691946864128,,0.104381650686264,0.0628774538636207
P026,5,165,78.98872818533691,17.49949614499772,Review,low,radar dip but optical shows dry soil soon after,0.8,0.18,8.8,11,"07-19, 11-04",06-13,Paddy,high,-17.369483947753906,-21.943429946899418,-16.24262237548828,-23.513872146606445,-23.346416473388672,-19.61815071105957,-21.64523696899414,-18.21796607971191,-16.727060317993164,-15.35710620880127,-14.319031715393066,-14.622078895568848,-14.50020980834961,-19.11752700805664,-16.333724975585938,1.5497169494628906,-2.219147682189945,0.6286764144897461,-4.415409088134766,-7.239691734313965,-4.661401748657227,-6.245238304138184,-3.5477085113525355,-1.4086151123046875,-0.6829848289489746,0.6017451286315918,1.1578497886657715,-0.47817325592041016,-4.704456806182861,1.0154170989990234,-11.576704025268556,-12.15920066833496,-15.249835014343262,-15.427823066711426,-14.973186492919922,-11.221298217773438,-9.604877471923828,-7.933554649353027,-5.550329685211182,-10.738399505615234,-10.051040649414062,-8.362992286682129,-6.581990718841553,-8.481419563293457,-7.61725378036499,0.2627466022968292,0.1001900285482406,,0.1090647727251052,0.2374541312456131,,0.7600555419921875,0.7331394553184509,,0.7781334519386292,0.7955470085144043,0.4565539360046386,,0.2706733345985412,0.2704401612281799,-0.0538895800709724,0.1024655774235725,,0.0295770689845085,0.1731421798467636,,0.2811940014362335,0.3217899799346924,,0.3841885924339294,0.3992697596549988,0.1938685029745102,,-0.0695523098111152,-0.0366090014576911
P027,5,165,78.90976627186281,17.39924415928998,Other kharif crop,high,"clear green-up, no flooding",0.75,0.42,5.5,13,10-23,,Other kharif crop,high,-19.916105270385746,-17.269678115844727,-17.12103271484375,-20.228111267089844,-16.066707611083984,-15.10381317138672,-15.095043182373049,-15.055009841918944,-14.638622283935549,-13.091635704040527,-15.121821403503418,-10.756484031677246,-15.18069553375244,-14.461573600769045,-17.713747024536133,-2.3260726928710973,0.09878349304199219,0.07519340515136719,-0.7170200347900391,1.4874334335327148,0.489707946777342,1.116254806518553,0.6366453170776385,0.8061475753784162,2.280228614807129,0.6019392013549805,5.033658981323242,-1.4663662910461408,0.4891743659973127,-0.911376953125,-10.941344261169434,-9.305758476257324,-12.09799861907959,-12.679964065551758,-6.618983745574951,-11.243380546569824,-7.39680814743042,-10.17125415802002,-10.276365280151367,-10.881586074829102,-8.50117015838623,-7.495412349700928,-8.323247909545898,-9.40743350982666,-10.14876937866211,0.3702879846096039,0.428646832704544,0.418159544467926,0.3393904566764831,0.3803001344203949,0.6247527003288269,0.7482466101646423,0.6970597505569458,0.5988507270812988,,0.5587242841720581,0.4198735654354095,,0.4557830095291137,0.4239944815635681,-0.025060087442398,0.0202838368713855,0.1210979297757148,0.1019927710294723,0.2140321135520935,0.2009235769510269,0.2864077091217041,0.2436729967594146,0.219817504286766,,0.0755635127425193,-0.0358719639480114,,-0.0827713906764984,-0.1309065520763397
P028,5,165,78.86152674110558,17.566330802136214,Other kharif crop,high,"clear green-up, no flooding",0.72,0.44,4.6,13,,,Other kharif crop,high,-17.10771369934082,-17.139156341552734,-14.600397109985352,-16.19541358947754,-13.22068214416504,-14.663522720336914,-13.952950477600098,-12.415508270263672,-14.90396499633789,-12.514945030212402,-16.06128692626953,-14.019051551818848,-12.781360626220703,-16.456300735473633,-13.614419937133787,-1.7901277542114258,0.10946846008300781,0.1888718605041504,0.7804899215698242,2.189093112945555,1.6435441970825195,2.6547279357910156,3.058995246887207,0.48979997634887695,2.4153213500976562,-1.4242725372314453,0.8448224067687988,1.599869728088379,-0.8481779098510742,1.7722826004028338,-11.052332878112791,-9.255682945251465,-6.840343952178955,-11.543342590332031,-7.682811737060547,-9.241875648498535,-7.269610404968262,-7.380753993988037,-9.04794216156006,-8.544767379760742,-5.606044769287109,-9.393630981445312,-7.788210868835449,-8.487524032592773,-7.4595232009887695,0.5050920844078064,0.4297381639480591,0.4403667449951172,0.4626668393611908,,0.3151867389678955,0.5534296035766602,0.6534919738769531,0.6208411455154419,,0.7241098284721375,0.4770748615264892,0.3332335352897644,0.5665333271026611,0.3825640082359314,0.0442361310124397,0.0205655116587877,0.0402938388288021,0.0423938408493995,,0.145512044429779,0.2259009331464767,0.1621224880218505,0.2015208899974823,,0.2033518999814987,0.0437937006354332,0.0740222930908203,-0.012027271091938,-0.0452747605741024
P029,5,165,78.97713991817176,17.504347047531965,Review,low,radar dip but optical shows dry soil soon after,0.72,0.15,9.6,13,07-07,,Review,low,-23.829404830932617,-19.41364288330078,-13.889639854431152,-21.130842208862305,-16.759489059448242,-15.749232292175291,-13.119587898254396,-14.357280731201172,-13.536181449890137,-12.844136238098145,-13.98261260986328,-12.017746925354004,-10.77396297454834,-13.63598918914795,-13.84081745147705,-6.178753852844238,1.1645278930664062,2.981658935546875,-2.032379150390625,-0.6527643203735352,-0.7924833297729474,3.5356311798095685,0.6043791770935059,1.8816156387329102,2.337336540222168,0.9381642341613787,3.7621817588806152,3.5531044006347656,1.0456137657165527,3.50832462310791,-10.515743255615234,-10.473953247070312,-5.543551921844482,-8.178437232971191,-6.482652187347412,-9.375657081604004,-7.403753757476807,-7.215013027191162,-7.1713480949401855,-5.47907829284668,-6.237900257110596,-6.07906436920166,-5.970165252685547,-7.14327335357666,-5.012742042541504,0.1554649174213409,0.1453158110380172,0.1518994569778442,0.1658643186092376,0.1980605572462082,0.2059438079595565,0.5755621194839478,0.5708152055740356,,0.5942606925964355,0.6410101652145386,0.6345670819282532,,0.7210198640823364,0.6339374780654907,-0.12261763215065,-0.105721965432167,-0.0252460986375808,-0.0724558755755424,0.0774456113576889,-0.0641824156045913,0.2438205182552337,0.2055026888847351,,0.1536281704902649,0.2139112949371338,0.2157693207263946,,0.2676088213920593,0.2542800307273865
P030,5,165,78.89413558591912,17.499765639582957,Other kharif crop,high,"clear green-up, no flooding",0.92,0.32,5.6,11,11-16,,Other kharif crop,high,-15.262202262878418,-15.961647033691406,-16.586402893066406,-19.60403060913086,-19.3313045501709,-14.77427101135254,-14.4718017578125,-15.51894187927246,-15.774104118347168,-16.02694320678711,-14.564035415649414,-16.9305362701416,-13.75556468963623,-13.708562850952148,-18.217878341674805,1.672964096069336,1.6512870788574219,-0.9226469993591309,-2.909123420715332,-4.222140789031982,1.1690421104431135,1.245584487915039,-0.22529458999633611,-0.37541961669921875,-2.412458896636963,1.1094136238098145,-1.4036054611206055,0.286287784576416,2.0614242553710938,-2.8311758041381836,-9.105944633483888,-8.341535568237305,-11.590044021606444,-11.660341262817385,-8.466669082641602,-7.830554962158203,-9.344589233398438,-9.030543327331545,-9.24432373046875,-8.28842830657959,-9.719980239868164,-9.25631046295166,-7.897442817687988,-5.677224636077881,-10.54235553741455,0.3217989206314087,0.3145640790462494,,0.2289271652698516,,,0.921644926071167,0.7424598932266235,0.6255674958229065,0.7760736346244812,0.8578774929046631,0.6097363233566284,,0.3740130960941314,0.2899083495140075,0.0125979837030172,0.1493718773126602,,0.1314067542552948,,,0.2715617716312408,0.2688754796981811,0.3950873613357544,0.3699975311756134,0.3552295267581939,0.2554437220096588,,0.0432182475924491,-0.0045719207264482
P031,6,165,78.88012186748685,17.4579939788714,Perennial,medium,green from June and stable radar all season,0.65,0.48,2.4,13,,,Review,low,-14.423404693603516,-15.265999794006348,-16.10452651977539,-15.34605598449707,-13.717113494873049,-13.777383804321287,-16.394855499267578,-15.15722942352295,-15.425657272338867,-16.070446014404297,-13.620790481567385,-15.848267555236816,-13.445629119873049,-12.878313064575195,-17.66423988342285,3.2562103271484375,2.343273162841797,0.7491912841796875,4.569896697998047,2.67622661590576,2.4664983749389666,-0.43281126022338867,0.5738010406494141,0.19333600997924805,-0.6985816955566406,2.052658557891844,-0.2657938003540039,0.6801714897155726,1.8142518997192383,-2.044086456298828,-7.138944149017334,-9.841631889343262,-8.238560676574707,-6.81784200668335,-10.92758560180664,-8.468997955322266,-9.02910041809082,-10.049727439880373,-7.27230167388916,-6.804721832275391,-9.55085563659668,-8.420405387878418,-7.612081527709961,-9.27195167541504,-6.4927978515625,0.5658013820648193,0.4840921461582184,0.4272035360336303,0.3305713534355163,,0.4090319871902466,0.6363254189491272,0.6400600671768188,0.573051929473877,0.577964723110199,0.6482170224189758,0.4245478808879852,,0.5028120279312134,0.4485041499137878,0.1285644471645355,0.1717498153448104,0.1591604202985763,0.1486212015151977,,0.1881277561187744,0.2481152266263961,0.2328392714262008,0.3203441202640533,0.2980533540248871,0.2058731168508529,0.0027763510588556,,0.0202271752059459,-0.0107997599989175
P032,6,165,78.74241013443134,17.501652101679607,Review,low,radar dip but optical shows dry soil soon after,0.84,0.62,6.9,11,08-12,,Review,low,-15.342612266540527,-12.67947483062744,-11.953907012939451,-16.07886505126953,-14.068021774291992,-14.9249849319458,-21.20954132080078,-19.53847312927246,-15.834763526916504,-14.95742416381836,-14.11772632598877,-13.85250759124756,-13.04426383972168,-16.53826904296875,-16.401750564575195,1.1109094619750977,4.83145046234131,2.8250532150268572,0.9361963272094727,1.0411419868469238,0.8488883972167969,-4.720261573791504,-4.024594306945801,-0.6847271919250488,-0.4823746681213379,1.7615532875061035,1.1429643630981428,1.2699832916259766,-0.0955352783203125,-1.2074556350708008,-9.803204536437988,-7.583414554595947,-8.649252891540527,-9.154999732971191,-7.659965515136719,-7.541245460510254,-11.44582462310791,-8.350327491760254,-7.228682518005371,-7.578296661376953,-8.723214149475098,-3.5857136249542236,-8.40573501586914,-8.524341583251953,-12.53775119781494,0.6274001598358154,0.6157708168029785,,0.3310996890068054,,0.2828400135040283,0.3341975808143616,0.4327042698860168,,0.6140228509902954,0.8443319797515869,0.8146560788154602,,0.7514873743057251,0.5397574305534363,0.2032018303871154,0.2064426243305206,,0.0541469380259513,,0.1717670410871505,0.2192597687244415,0.2662466764450073,,0.2990745902061462,0.3148716390132904,0.3865912556648254,,0.3109594583511352,0.2228849679231643
P033,6,165,78.82271952083161,17.46311437599088,Other kharif crop,high,"clear green-up, no flooding",0.54,0.36,2.3,12,,,Other kharif crop,high,-16.762619018554688,-16.328445434570312,-16.448060989379883,-15.06030559539795,-15.51993179321289,-16.137393951416016,-16.68279266357422,-15.597692489624023,-17.621625900268555,-16.72707748413086,-15.649625778198242,-15.6437349319458,-13.795196533203123,-14.753475189208984,-14.463132858276367,-0.46718931198120117,0.8803472518920898,-0.10259628295898438,4.29423713684082,0.873408317565918,-0.07208442687988281,-0.4714946746826172,0.7174005508422852,-2.0026326179504395,-1.3552131652832031,-0.5189719200134277,-0.06126117706298828,-0.0808672904968244,0.6274080276489258,1.5766057968139648,-11.792559623718262,-9.149483680725098,-8.773353576660156,-12.004015922546388,-10.07347011566162,-10.426993370056152,-9.841300010681152,-11.774354934692385,-9.199844360351562,-10.96019458770752,-10.864920616149902,-8.432151794433594,-10.215662956237791,-11.12827968597412,-10.915519714355469,0.389780580997467,0.273794412612915,0.3646928668022156,0.3151004016399383,,0.3718742728233337,0.529399037361145,0.516065776348114,,,0.5393307209014893,0.4682449102401733,0.4930708408355713,0.4844545423984527,0.4718509316444397,0.033034510910511,-0.03434469550848,0.0110405478626489,0.0447402112185955,,0.1239468306303024,0.1265806704759597,0.0932647287845611,,,0.0488210320472717,0.0262513868510723,-0.0373451709747314,-0.0292591489851474,-0.037835769355297
P034,6,165,78.80196843776845,17.507850477140032,Review,low,radar dip but optical shows dry soil soon after,0.85,0.26,5.1,11,08-12,,Review,low,-19.36837577819824,-19.627368927001953,-17.82142448425293,-20.504165649414062,-14.69839572906494,-16.538841247558594,-22.228456497192383,-17.991037368774414,-17.09429931640625,-15.773432731628418,-17.130781173706055,-13.81502628326416,-14.523369789123535,-16.429166793823242,-15.346956253051758,-4.010584831237789,-2.8935680389404297,-2.1576685905456543,-4.0277557373046875,0.24178838729858576,-1.4450206756591797,-6.511070251464844,-2.516533851623535,-1.6495294570922852,-0.2812490463256836,-1.4573321342468262,1.834169864654541,-0.7479891777038574,-0.13596057891845703,0.14755821228027344,-13.898199081420898,-12.264097213745115,-11.026833534240724,-13.794114112854004,-9.995428085327148,-11.24472427368164,-8.911792755126953,-8.09507942199707,-5.436460018157959,-9.409977912902832,-7.674249649047852,-6.671759605407715,-7.788068294525147,-12.643511772155762,-10.494303703308104,0.3254003226757049,,0.2014220356941223,0.1728022396564483,,0.3147910833358764,0.4579720497131347,0.5301899909973145,,0.6004530191421509,0.8548784852027893,0.725170373916626,,0.6583828926086426,0.4593334496021271,-0.1010990440845489,,-0.028156504034996,-0.0184625033289194,,0.1780204474925995,0.2385821342468261,0.3371979594230652,,0.3758540153503418,0.384510725736618,0.3842765092849731,,0.2508293986320495,0.0668402314186096
P035,6,165,78.89305760757817,17.465270332672766,Other kharif crop,high,"clear green-up, no flooding",0.59,0.33,3.5,14,06-13,,Other kharif crop,high,-14.507756233215332,-18.08671188354492,-15.22298526763916,-17.194400787353516,-16.12115478515625,-15.139226913452148,-17.038652420043945,-14.089485168457031,-15.463882446289062,-14.177298545837402,-13.734783172607422,-15.456311225891112,-13.673093795776367,-14.631654739379885,-16.625967025756836,3.0822763442993164,-1.217514038085934,1.630732536315918,2.316690444946289,0.24496173858642578,0.8195943832397461,-1.542956829071045,1.468832015991211,-0.06519794464111328,1.194565773010254,1.9386658668518066,0.2896900177001971,0.3687586784362793,-0.024130344390870917,0.04501628875732422,-7.617229461669922,-9.152915954589844,-5.0182976722717285,-8.192843437194824,-8.04843521118164,-6.290460586547852,-8.922056198120117,-10.45410442352295,-8.904583930969238,-7.629395484924316,-4.81596040725708,-8.122695922851562,-6.240130424499512,-11.049615859985352,-8.04339599609375,0.3148648142814636,0.332852840423584,0.3355507254600525,0.2353949099779129,,0.3775247037410736,0.594226062297821,0.5429053902626038,0.5177968740463257,0.5760536789894104,0.5839744210243225,0.3862150609493255,0.4416432976722717,0.4740097820758819,0.3865282535552978,0.0188197717070579,-0.0396083332598209,-0.025700457394123,-0.0193792376667261,,0.1097667962312698,0.1592916399240493,0.1389616876840591,0.1459110081195831,0.0783187896013259,0.0340117067098617,0.1947446763515472,0.1178662329912185,0.0893159210681915,0.0501192100346088
P036,6,165,78.86529966529888,17.438590368734417,Other kharif crop,high,"clear green-up, no flooding",0.6,0.33,5.7,13,,,Other kharif crop,high,-19.893857955932617,-22.20762825012207,-17.806049346923828,-19.10505485534668,-17.825414657592773,-16.350370407104492,-15.0399169921875,-16.765817642211914,-15.361776351928713,-16.05419921875,-16.9630184173584,-17.003522872924805,-15.040460586547852,-18.1472225189209,-15.562580108642578,-2.888424873352051,-5.338430404663086,-0.95233154296875,1.1229381561279297,-1.4320745468139648,-0.7568492889404297,1.4989070892333984,-1.0347871780395508,0.2572169303894025,-0.40589475631713867,-1.5772948265075684,-1.3979568481445312,-1.3261313438415527,-3.6006083488464338,1.2397899627685547,-12.388991355895996,-12.332493782043455,-12.86830234527588,-13.15176010131836,-10.48386001586914,-11.52146339416504,-7.285538196563721,-9.640907287597656,-9.29255485534668,-10.829556465148926,-10.678916931152344,-9.180228233337402,-8.592103958129883,-10.603079795837402,-12.32676601409912,0.3460508286952972,0.3180925250053406,0.3317191302776336,0.315550148487091,,0.403469830751419,0.4992152750492096,0.527378499507904,0.5427862405776978,,0.5975276827812195,0.4591029584407806,0.348084419965744,0.446807712316513,0.4165706038475036,0.0017002866370603,-0.0553303845226764,0.0178168956190347,0.0351294502615928,,0.1302266865968704,0.1830097287893295,0.0408239401876926,0.1249934881925582,,0.0621186681091785,0.0054143397137522,0.0027514912653714,-0.0564025491476058,-0.0522091463208198
P037,7,165,78.72866591058431,17.556359502482486,Perennial,medium,green from June and stable radar all season,0.65,0.53,2.9,10,,,Review,low,-17.246068954467773,-18.324106216430664,-16.174659729003906,-18.81035804748535,-16.158048629760742,-15.04841423034668,-18.23826789855957,-18.5764217376709,-17.61008071899414,-20.868032455444336,-16.78974723815918,-16.892587661743164,-17.071847915649414,-17.01831817626953,-14.367399215698242,-1.7947373390197754,-2.0935773849487305,-2.320305347442627,-2.1722326278686523,-1.6775007247924805,0.6923837661743164,-0.9069948196411133,-3.2357020378112793,-2.588613510131836,-6.115907669067383,-1.4756364822387695,-2.5601725578308105,-2.757600784301758,-0.7386789321899414,1.5954179763793945,-10.180618286132812,-11.578388214111328,-9.811044692993164,-10.431192398071287,-9.85836124420166,-8.023871421813965,-10.219756126403809,-9.26323413848877,-8.012557029724121,-6.654246807098389,-7.787520885467529,-7.551745414733887,-8.532050132751465,-7.976475715637207,-8.153971672058105,0.6142427325248718,,0.4413544535636902,0.3051640391349792,,0.3812010884284973,,0.4503864645957947,,0.3921695649623871,0.4006391167640686,0.4870358109474182,,0.6520931720733643,0.4784238934516907,0.1170168370008468,,0.0333254486322402,0.0444024689495563,,0.013051844201982,,0.1017461866140365,,0.297467291355133,0.149413987994194,0.1969992816448211,,0.2015404999256134,0.1205726712942123
P038,7,165,78.71303522464062,17.60567701158065,Perennial,medium,green from June and stable radar all season,0.61,0.45,2.9,11,,,Review,low,-15.529693603515623,-15.733246803283691,-14.957523345947266,-16.987314224243164,-16.146421432495117,-11.734281539916992,-18.366779327392575,-13.624792098999023,-15.244233131408691,-14.546825408935549,-13.961974143981934,-12.124683380126951,-14.172089576721191,-15.535550117492676,-17.515840530395508,-0.05902194976806463,1.073380470275879,-1.1031689643859863,-0.34918880462646484,-1.6658735275268555,4.006516456604004,-1.0997619628906214,3.085759162902832,-0.22276592254638672,0.7735037803649885,1.985994815826416,2.8707885742187518,0.3177976608276367,0.911768913269043,-2.032168388366699,-9.1243314743042,-7.934161186218262,-10.458159446716309,-10.138487815856934,-8.174768447875977,-7.542461395263672,-6.0158796310424805,-7.770300388336182,-9.330120086669922,-6.444781303405762,-7.562366008758545,-6.803929805755615,-6.4960784912109375,-9.779038429260254,-9.034869194030762,0.5098494291305542,0.3560023307800293,0.4507089257240295,0.3537443280220032,0.3734825253486633,0.4428110718727112,,0.6056126356124878,,,0.6149483919143677,0.3819840252399444,,0.5227442979812622,0.4120017290115356,0.1066043898463249,0.0002225355710834,0.0881851315498352,0.1048626154661178,0.1439366936683654,0.1901544630527496,,0.2106004059314727,,,0.1591513454914093,0.2505589127540588,,0.0489542670547962,-0.0132704749703407
P039,7,165,78.72704894307289,17.618073762501496,Other kharif crop,high,"clear green-up, no flooding",0.74,0.33,5.8,11,11-16,,Other kharif crop,high,-16.144424438476562,-17.882694244384766,-13.368522644042969,-17.160682678222656,-14.600659370422363,-18.870397567749023,-18.856027603149418,-19.800731658935547,-14.306296348571776,-14.403273582458496,-13.043763160705566,-14.393393516540527,-12.491232872009276,-14.50528049468994,-18.620929718017575,-0.6930928230285645,-1.652165412902832,0.8349833488464355,-0.522557258605957,-0.0712432861328125,-3.6410140991210938,-1.5890102386474645,-4.460011959075928,0.8437399864196795,0.917055606842041,2.904205799102783,0.541100025177002,1.9986543655395526,1.9420385360717791,-3.137257575988766,-9.306685447692873,-8.268975257873535,-8.028125762939453,-8.658801078796387,-7.580221176147461,-11.768765449523926,-10.149518966674805,-8.722444534301758,-9.599322319030762,-6.516287803649902,-8.405937194824219,-11.930641174316406,-10.841336250305176,-9.64988899230957,-13.440958023071287,0.3269913792610168,0.1579723060131073,0.3395165503025055,0.3976874351501465,,0.3534396290779114,,0.4951918721199035,0.7328672409057617,,0.739224374294281,0.7337444424629211,,0.5337940454483032,0.3806184530258178,-0.0633149221539497,-0.1351244151592254,-0.0202711336314678,0.0300845764577388,,0.1379825323820114,,0.2666206955909729,0.3658558130264282,,0.3216899037361145,0.337185800075531,,0.1481882482767105,0.0239846352487802
P040,7,165,78.7135742138111,17.59651419568263,Perennial,medium,green from June and stable radar all season,0.81,0.45,4.5,10,,,Review,low,-15.568373680114746,-16.485429763793945,-12.799394607543944,-17.042808532714844,-16.185720443725586,-13.302572250366213,-16.295766830444336,-13.224167823791504,-12.20067310333252,-13.696279525756836,-11.975652694702148,-12.526498794555664,-11.724668502807615,-17.127031326293945,-13.20901870727539,-0.11704206466674805,0.06629657745361328,1.4041113853454608,-0.40468311309814453,-1.7051725387573242,2.4382257461547834,2.0067567825317383,3.4863834381103516,2.9493632316589355,1.6240496635437012,3.972316265106201,2.468973159790039,2.7652187347412127,-0.8473920822143555,2.753798484802246,-10.707128524780272,-10.566938400268556,-5.929512977600098,-8.763542175292969,-8.223187446594238,-9.058449745178224,-6.769308090209961,-6.7030110359191895,-8.354098320007324,-7.117720127105713,-6.869566440582275,-5.825309753417969,-7.396352291107178,-9.022689819335938,-8.747998237609863,0.6493587493896484,0.3714953660964966,0.4523802995681762,0.3667851090431213,,0.4707957208156585,,0.8089468479156494,,,0.8083116412162781,0.4870862066745758,,0.6735432147979736,0.5687437057495117,0.1858108341693878,0.0278245396912097,0.104090616106987,0.0731681734323501,,0.2231128215789795,,0.3344312608242035,,,0.3282485604286194,0.2336927652359008,,0.1000073999166488,0.0195967610925436
P041,7,165,78.82810941253634,17.57279867218187,Perennial,medium,green from June and stable radar all season,0.7,0.54,3.9,12,,,Review,low,-15.372969627380373,-19.80378532409668,-13.657249450683594,-16.75740623474121,-12.364142417907717,-15.41035270690918,-14.988936424255373,-15.25137424468994,-15.05583953857422,-11.853167533874512,-16.198665618896484,-15.654657363891602,-15.687386512756348,-16.465471267700195,-15.041633605957031,0.7743797302246076,-2.670294761657715,1.4127473831176758,-0.0671091079711914,3.064079761505125,1.9182462692260742,2.3602094650268537,0.7726745605468768,0.32475996017455877,3.8589067459106445,-0.8845548629760742,-1.322242259979248,-1.3061561584472656,-0.8497438430786133,0.34506893157958984,-9.60396957397461,-8.54771614074707,-8.476058006286621,-10.108168601989746,-9.982495307922363,-6.1433916091918945,-9.29948616027832,-10.781821250915527,-8.668209075927734,-9.165703773498535,-11.588690757751465,-8.97423267364502,-9.682361602783203,-9.195951461791992,-8.091085433959961,0.6122370958328247,0.46689373254776,,0.4899956285953522,0.385976642370224,0.4424042403697967,0.4911192953586578,0.5368988513946533,0.3697129487991333,,0.6561191082000732,0.6411423683166504,,0.7019271850585938,0.5784944891929626,0.1311874985694885,0.1135203838348388,,0.0976184085011482,0.115911990404129,0.0716960579156875,0.1414836049079895,0.0315661579370498,0.3060351610183716,,0.106977105140686,0.1642366051673889,,0.1428816467523574,0.0927086174488067
P042,7,165,78.8316128421444,17.53129650605555,Other kharif crop,high,"clear green-up, no flooding",0.66,0.36,1.7,11,,,Other kharif crop,high,-14.626456260681152,-15.485116004943848,-13.275083541870115,-16.10480308532715,-14.36043643951416,-18.11835670471191,-13.383875846862791,-15.430065155029297,-14.98709487915039,-12.70460033416748,-15.697272300720217,-15.59755039215088,-14.45640468597412,-16.130111694335938,-15.426448822021484,0.7313346862792969,1.4305057525634766,2.38867235183716,0.37160682678222656,0.7487273216247559,-2.8435668945312464,3.1549482345581072,0.1282520294189453,0.6318984031677246,2.660828113555908,-0.5904417037963885,-0.04752731323242365,-0.6810240745544416,-0.21059703826904297,0.028319358825683594,-6.771986961364746,-11.235431671142578,-8.927783012390137,-8.16627311706543,-6.3016157150268555,-6.643380165100098,-7.634034156799316,-7.95973014831543,-8.134952545166016,-9.555323600769045,-11.018912315368652,-8.859183311462402,-6.367000579833984,-6.191020488739014,-9.146601676940918,0.4611041247844696,0.3044137060642242,0.3597197532653808,0.2610540986061096,,0.3388561904430389,0.6352460980415344,0.6564779281616211,,,0.6630551815032959,0.5199804306030273,,0.5663120746612549,0.4436734318733215,-0.0053688194602727,-0.0804309621453285,-0.0233411081135272,-0.0209737122058868,,0.160995066165924,0.1570201963186264,0.0914076417684555,,,0.1382415294647216,0.1319027841091156,,0.070971131324768,0.0252187699079513
P043,8,165,78.8714980407593,16.62336924839595,Other kharif crop,high,"clear green-up, no flooding",0.6,0.22,4.7,9,07-19,,Other kharif crop,high,-19.811601638793945,-18.029861450195312,-14.166473388671877,-17.494600296020508,-18.29991340637207,-13.21407413482666,-16.5772647857666,-15.44575309753418,-16.324243545532227,-16.40825843811035,-13.605907440185549,-14.694865226745604,-14.226104736328123,-14.342824935913086,-15.61476230621338,-0.8802108764648438,1.8924903869628906,3.7446107864379865,2.3446359634399414,-2.2537522315979004,0.32929182052612305,-1.8652739524841309,-1.4632873535156232,-3.7407612800598145,-2.503894329071045,-1.1879620552063006,-1.3179368972778303,-1.5028543472290021,0.1022634506225586,-2.238154888153078,-9.933411598205566,-11.315478324890137,-4.946815490722656,-10.809271812438965,-10.551162719726562,-7.968070030212402,-8.50419807434082,-10.372726440429688,-8.864496231079102,-8.465960502624512,-11.366903305053713,-7.061507701873779,-8.471419334411621,-8.918157577514648,-11.798726081848145,0.1954718083143234,0.2392812222242355,,0.2216333150863647,,0.4386312663555145,,0.5155829191207886,,,0.5377548336982727,0.5980207324028015,,0.5919787287712097,0.5512811541557312,-0.1247302442789077,9.944111661752686e-05,,0.0667524561285972,,0.0709151849150657,,0.1254263520240783,,,0.1344065070152282,0.0969609767198562,,0.0951894745230674,0.0587680041790008
P044,8,165,78.85990977359417,16.59022141441194,Other kharif crop,high,"clear green-up, no flooding",0.63,0.3,3.9,8,"07-31, 08-12",,Other kharif crop,high,-16.3142147064209,-14.231023788452148,-13.009323120117188,-14.812593460083008,-11.81584930419922,-13.216432571411133,-15.81360912322998,-13.870747566223145,-12.338662147521973,-13.89431858062744,-11.330196380615234,-10.440166473388672,-12.007551193237305,-13.664854049682615,-13.291349411010742,3.8737106323242188,6.30081844329834,5.327831268310547,5.026642799377441,6.073963165283201,0.3269333839416504,-1.1016182899475098,0.7442398071289062,0.6446094512939453,0.12025022506714045,1.6594867706298828,3.715386390686035,1.2699217796325684,1.3266267776489258,0.4095139503479004,-9.472561836242676,-11.582029342651367,-6.494138717651367,-8.723207473754883,-8.454306602478027,-7.156301021575928,-8.145936012268066,-8.842618942260742,-7.312242984771728,-8.708200454711914,-5.330478191375732,-10.280972480773926,-9.22316837310791,-11.183819770812988,-8.780930519104004,0.3016388416290283,,,0.4723141193389892,,0.6311931610107422,,,,,0.5881126523017883,0.459758460521698,0.3902379274368286,0.3724890053272247,0.3478240370750427,-0.0397633612155914,,,0.1697160005569458,,0.2411258816719055,,,,,0.1574596166610717,0.0536481253802776,0.1172322854399681,-0.0730076506733894,-0.1125849038362503
P045,8,165,78.97687042358653,16.49940173918746,Other kharif crop,high,"clear green-up, no flooding",0.62,0.1,8.1,8,11-16,,Other kharif crop,high,-22.26458168029785,-20.419292449951172,-18.505889892578125,-18.03470993041992,-18.360254287719727,-13.475398063659668,-11.34160614013672,-15.690444946289062,-13.233356475830078,-14.09293270111084,-12.3120698928833,-14.396458625793455,-14.707878112792969,-17.31146812438965,-22.71773338317871,-2.03363037109375,-2.1700925827026367,-2.638396739959717,0.7527656555175817,-0.749786376953125,1.1405744552612305,4.590913772583006,-0.1952347755432129,1.5024800300598145,-0.07836389541625977,1.581796646118164,-0.2920508384704572,-1.4304051399230957,-2.331865310668947,-7.558611869812012,-8.907218933105469,-7.933547496795654,-8.503924369812012,-8.380901336669922,-10.11100959777832,-3.02339506149292,-5.72370719909668,-6.081031322479248,-4.957248687744141,-6.904274940490723,-5.048081874847412,-8.29500961303711,-8.614917755126953,-11.167572975158691,-14.1068696975708,0.0968506708741188,,,,,0.4891290664672851,0.4837683737277984,0.6191591620445251,,,0.5275670289993286,,0.1365172713994979,0.223861277103424,0.2142047882080078,-0.1614197641611099,,,,,0.1050475388765335,0.2551680505275726,0.2224473655223846,,,0.0938206389546394,,-0.1532971858978271,-0.1421504318714141,-0.161784291267395
P046,8,165,79.1089227703521,16.522847768102977,Paddy,high,radar dip-and-rise + optical flood within 3 weeks,0.27,0.2,17.6,9,"06-13, 07-19, 07-31, 09-05, 11-04","07-31, 08-24, 09-29",Paddy,high,-21.222003936767575,-23.094907760620117,-17.036462783813477,-24.377702713012695,-38.85414123535156,-38.934078216552734,-28.033145904541016,-31.350547790527344,-35.39899826049805,-35.242401123046875,-36.317813873291016,-30.6440486907959,-29.495141983032227,-38.36262893676758,-26.229389190673828,-1.9758005142211879,-6.325335502624512,-0.8780298233032227,-7.4644622802734375,-21.24367332458496,-24.39874505996704,-11.189699172973633,-15.197092056274414,-19.621572971343994,-19.838760375976562,-21.141247272491455,-16.5396409034729,-16.1776385307312,-23.498947620391846,-11.070267677307129,-14.760176658630373,-13.599979400634766,-9.76205062866211,-12.639130592346191,-13.21656608581543,-22.22182273864746,-13.716052055358888,-14.3885498046875,-21.046117782592773,-12.29087734222412,-17.81655502319336,-21.199010848999023,-32.0743408203125,-21.02672004699707,-27.271211624145508,0.1755652427673339,,0.2271352261304855,0.2718143761157989,,-0.2757266461849212,,0.0934812799096107,,,-0.7091537714004517,,-1.0,-0.4047390520572662,-0.223542720079422,-0.1171430200338363,,0.0106939692050218,-0.0710494443774223,,-0.3039799332618713,,0.1093062162399292,,,-0.5235375761985779,,-1.0,0.2357963323593139,0.1006897017359733
P047,8,165,79.00543684962153,16.62283025922548,Other kharif crop,high,"clear green-up, no flooding",0.61,0.22,8.3,8,,,Other kharif crop,high,-21.991792678833008,-21.314441680908203,-17.527851104736328,-19.924152374267575,-17.958057403564453,-14.362298965454102,-13.314983367919922,-12.641983032226562,-17.059040069580078,-13.994521141052246,-11.419442176818848,-13.97772216796875,-14.109354972839355,-16.812040328979492,-13.39145278930664,-1.0556402206420934,-1.650533676147461,-0.5525064468383789,-2.1594972610473597,0.3720264434814453,1.5544099807739258,2.932175636291504,2.9755730628967285,-0.4096059799194336,1.5016298294067383,3.5365676879882812,0.5679397583007795,0.13479948043823242,-1.720400810241701,2.07492733001709,-14.101811408996582,-14.140304565429688,-2.803558826446533,-9.834789276123049,-9.441350936889648,-5.0877604484558105,-7.059012413024902,-6.230177879333496,-8.24656867980957,-6.333436965942383,-3.9188597202301025,-7.955965518951416,-6.230601787567139,-6.0279083251953125,-7.201685905456543,0.2221381068229675,,,0.1758453696966171,,0.338386207818985,,0.6000288724899292,,,0.6100245118141174,,0.5340108871459961,0.5459787845611572,0.5014379024505615,-0.1509519070386886,,,-0.1192995458841323,,-0.0054417909123003,,0.2101466208696365,,,0.2104399055242538,,0.0579084753990173,0.0844874009490013,0.0585459992289543
P048,8,165,78.88066085665733,16.589143436070998,Review,low,radar dip but optical shows dry soil soon after,0.69,0.08,9.2,11,06-13,,Review,low,-20.650300979614254,-25.83211326599121,-18.37999153137207,-20.498140335083008,-19.818323135375977,-13.511046409606934,-15.91705322265625,-15.54466724395752,-13.142149925231934,-14.034616470336914,-14.010441780090332,-15.081857681274414,-13.185769081115724,-14.212299346923828,-15.317997932434082,-1.045205116271969,-6.388197898864746,-0.46890735626220703,-1.6036252975463867,-2.719911575317383,0.014495372772216797,-1.2050623893737793,-1.4093894958496094,-0.5586676597595215,-0.08015108108520508,-1.667677402496338,-1.7049293518066406,-0.2075386047363299,0.7791814804077131,-1.9413905143737793,-3.866341352462769,-9.221819877624512,-6.094364643096924,-12.825227737426758,-10.54311752319336,-2.5642011165618896,-8.376580238342285,-6.359348297119141,-6.485435485839844,-6.099154949188232,-6.960803985595703,-6.698753356933594,-6.71750020980835,-8.752138137817383,-8.578719139099121,0.09694504737854,0.0664327293634414,,0.1696032285690307,,0.3128789067268371,0.4043767750263214,0.6366875171661377,,,0.6889544129371643,0.5717257261276245,0.6444068551063538,0.6476651430130005,0.6449167728424072,-0.1742485761642456,-0.0354740284383297,,-0.0077777542173862,,-0.0377350598573684,0.2425985634326934,0.2524933218955993,,,0.1969211101531982,0.0664928704500198,0.1434662342071533,0.1400941014289856,0.1187189593911171
P049,9,165,79.0555628424754,17.01359740781747,Other kharif crop,high,"clear green-up, no flooding",0.72,0.23,5.2,8,07-19,,Other kharif crop,high,-19.174211502075195,-19.610851287841797,-16.645835876464844,-14.582240104675291,-18.02139663696289,-14.087045669555664,-15.66135025024414,-18.269453048706055,-19.365400314331055,-14.671388626098633,-12.25916862487793,-14.14741039276123,-15.814927101135254,-13.721590995788574,-15.05264663696289,-2.6664533615112305,-0.5050926208496094,0.37342357635498047,4.791312217712404,-2.2246203422546387,-0.21889781951904297,-1.193617820739746,-3.9380807876586914,-4.985646724700928,-0.24959135055541992,1.693589687347412,-0.7425332069396973,-2.7144532203674316,0.7508440017700195,-0.2672567367553711,-10.71495246887207,-9.179953575134276,-5.197076797485352,-10.543435096740724,-5.870509147644043,-4.040483474731445,-7.748326778411865,-9.609222412109377,-5.333923816680908,-7.1723246574401855,-7.801845550537109,-8.952034950256348,-7.818234920501709,-7.183316707611084,-7.212860584259033,0.25087371468544,,0.2085008770227432,0.2759050726890564,,,,0.4521375596523285,0.6090075373649597,,0.7216543555259705,,,0.6790593862533569,0.5228378772735596,-0.1029731035232544,,-0.0407225079834461,-0.0228334031999111,,,,0.183436632156372,0.2456388920545578,,0.2686390876770019,,,0.227637231349945,0.1086881756782531
P050,9,165,78.97902638026842,16.99688874353285,Review,low,radar dip-and-rise; optical inconclusive,0.71,0.2,8.1,8,07-07,,Review,low,-22.887361526489254,-15.281160354614258,-14.430341720581056,-21.192155838012695,-13.738813400268556,-11.62889575958252,-13.454232215881348,-13.22176456451416,-15.221195220947266,-13.4982328414917,-13.08055591583252,-11.617950439453123,-12.824273109436035,-12.38219165802002,-9.486637115478516,-6.533902168273922,4.041791915893555,1.9720888137817365,-2.3538293838500977,2.0449624061584455,2.5099620819091797,1.812551498413086,2.7014617919921875,0.03473997116088867,2.116363048553467,-0.25444602966308594,3.412711143493654,2.1308255195617676,2.447725772857666,5.802209377288818,-9.424978256225586,-8.59758472442627,-1.636141300201416,-8.649847984313965,-5.423030376434326,-6.137537479400635,-8.523005485534668,-11.037225723266602,-7.378069877624512,-6.723546504974365,-7.134696960449219,-7.56808614730835,-5.740856647491455,-8.203219413757324,-8.089583396911621,0.1732925623655319,0.23050557076931,,0.1530166268348693,,,,0.6258922219276428,,,0.709267258644104,0.6375591158866882,,0.6157393455505371,0.5789061188697815,-0.1889257133007049,-0.1399480998516082,,-0.0598055347800254,,,,0.2963949739933014,,,0.260430246591568,0.2627963423728943,,0.1320191025733947,0.1005289629101753
P051,9,165,79.08278179558422,16.99365480851002,Review,low,radar dip but optical shows dry soil soon after,0.7,0.13,6.1,7,06-13,,Review,low,-15.415011405944824,-21.12774658203125,-17.555328369140625,-19.46599578857422,-15.694229125976562,-16.719541549682617,-14.089696884155272,-13.89308738708496,-14.13193130493164,-12.912612915039062,-15.86122226715088,-13.393455505371094,-12.135518074035645,-16.168109893798828,-14.612948417663574,1.5691814422607422,-2.5477304458618164,-0.9908151626586914,-1.6245355606079102,0.3578624725341797,-2.6887149810791016,1.1293115615844744,0.7839207649230975,1.0180349349975586,2.203967571258545,-1.910478591918947,0.5583181381225586,1.3207359313964844,-2.158371925354004,0.3922905921936035,-2.3417391777038574,-8.967415809631348,-6.8593597412109375,-9.11722183227539,-4.470250606536865,-5.135396957397461,-6.657900810241699,-4.400084018707275,-6.562366008758545,-7.080837249755859,-7.26906156539917,-6.553660869598389,-5.8553595542907715,-5.175037860870361,-6.000283718109131,0.115539863705635,,0.1507924497127533,0.1743489950895309,,,,0.54285728931427,,,0.6004059314727783,,,0.7016592621803284,0.6694498658180237,-0.242092952132225,,-0.1554280370473861,-0.0753743723034858,,,,0.197928249835968,,,0.1225126236677169,,,0.2060713469982147,0.1625649183988571
P052,9,165,78.92997836575549,17.079084592029783,Other kharif crop,high,"clear green-up, no flooding",0.54,0.16,2.9,11,11-16,,Review,low,-16.03238868713379,-16.67174530029297,-14.864435195922852,-20.157873153686523,-14.469067573547363,-13.89341640472412,-15.69195556640625,-16.834871292114258,-16.876319885253906,-17.11998748779297,-16.77461814880371,-16.53862190246582,-14.985088348388672,-15.000999450683594,-19.780593872070312,-0.07918977737426758,2.296841621398926,1.3734703063964844,-1.3213491439819336,1.4245882034301758,-0.38042354583740057,-1.1772246360778809,-1.8227157592773438,-3.0444512367248535,-3.7447800636291504,-2.9727158546447754,-2.9967427253723145,-0.6733455657958984,-0.38965654373168945,-4.684093475341797,-6.225223541259766,-10.45122241973877,-5.713919162750244,-11.728277206420898,-8.360383033752441,-5.851839542388916,-8.550305366516113,-10.183942794799805,-7.490554809570312,-10.510293960571287,-7.982692718505859,-10.633997917175291,-7.903909683227539,-9.748476028442385,-8.914013862609863,0.107613131403923,0.1684263497591018,0.1571309268474578,0.178901731967926,0.2067209035158157,0.2131743431091308,,0.3884379863739013,0.4698836207389831,,0.385571539402008,,,0.5415959358215332,0.5178329944610596,-0.1939568370580673,-0.1850412040948867,-0.0802533626556396,-0.0714944303035736,-0.0165981128811836,0.0173719432204961,,0.0640990585088729,0.0826042890548706,,0.0107436068356037,,,0.0739089250564575,0.0626613274216651
P053,9,165,78.98145183153554,16.96562737164549,Review,low,radar dip but optical shows dry soil soon after,0.72,0.17,9.5,8,07-07,,Review,low,-16.674530029296875,-21.83100318908691,-18.146669387817383,-26.549150466918945,-14.87143611907959,-15.220542907714844,-15.847278594970703,-17.973363876342773,-12.131103515625,-14.941773414611816,-12.355283737182615,-15.591106414794922,-13.64907932281494,-16.48675537109375,-13.90435791015625,0.7189483642578125,-2.1132574081420863,-2.085610866546631,-8.17133903503418,1.152939796447754,-0.7389283180236816,-1.0400190353393555,-3.304121971130371,2.793335437774658,0.6728224754333496,0.32239913940429865,-1.1084136962890625,1.5535326004028338,-2.032715320587158,1.384488582611084,-5.9278388023376465,-9.435918807983398,-4.725226879119873,-10.40550422668457,-4.468022346496582,-6.83449125289917,-5.683246612548828,-8.354957580566406,-2.7504563331604004,-6.978749752044678,-5.127526760101318,-7.333183288574219,-8.32611083984375,-11.06920337677002,-7.605746269226074,0.1937153041362762,,0.1528895199298858,0.1938718259334564,,0.3300819396972656,,0.547207772731781,,,0.718939483165741,,,0.5119765996932983,0.530782163143158,-0.2579985857009887,,-0.1810765415430069,-0.1894186735153198,,-0.0347087047994136,,0.2622261345386505,,,0.1629749238491058,,,-0.0451114401221275,-0.0096465749666094
P054,9,165,79.01594713844572,16.951613653213226,Other kharif crop,high,"clear green-up, no flooding",0.61,0.18,3.4,9,,,Other kharif crop,high,-17.293855667114258,-17.883216857910156,-16.483190536499023,-16.608299255371094,-15.899337768554688,-16.693078994750977,-14.158798217773438,-13.91953182220459,-14.486512184143066,-16.05255699157715,-15.048800468444824,-16.67180061340332,-17.749326705932617,-13.733441352844238,-15.291830062866213,0.46117591857910156,2.0163745880126953,0.6173915863037109,2.56781005859375,0.5979890823364258,-1.5052213668823242,0.9283146858215332,1.4098153114318848,0.4379267692565918,-0.9933528900146484,-1.371631145477295,-2.667105197906494,-3.0849246978759766,1.7611708641052246,-0.2102251052856463,-10.43433666229248,-10.189148902893066,-5.074682235717773,-9.833285331726074,-9.20907974243164,-9.183899879455566,-9.405583381652832,-8.800654411315918,-6.440593242645264,-6.808011531829834,-6.916214942932129,-5.676112174987793,-6.1068572998046875,-9.54148292541504,-6.447389602661133,0.2004541605710983,0.1769357174634933,0.1553743481636047,0.1658106446266174,,0.2307013869285583,,0.4189483821392059,,,0.5045072436332703,,,0.6126761436462402,0.4960337281227112,-0.1345162093639373,-0.1700136661529541,-0.0700511559844017,-0.0790751874446868,,0.024873599410057,,0.1017588227987289,,,0.1059572920203208,,,0.128577247262001,0.0472244918346405
P055,10,92,79.8740178978367,16.960237479940773,Paddy,high,radar dip-and-rise + optical flood within 3 weeks,0.9,0.13,6.0,10,"06-13, 07-19, 11-16",07-31,Paddy,high,-16.66834831237793,-20.464174270629883,-13.892901420593262,-22.06009292602539,-24.596757888793945,-22.688312530517575,-20.55082321166992,-16.519084930419922,-17.406511306762695,-16.790040969848633,,-20.29030418395996,-15.417966842651367,,-19.527847290039062,-0.5329055786132812,-4.584112167358398,1.5423274040222168,-5.177618026733398,-7.460597991943359,-2.7871723175048793,-2.0020847320556605,2.160219192504883,0.4559354782104492,-0.09482574462890625,,-2.757260322570801,-0.4914360046386719,,-5.100350856781006,-11.412463188171388,-10.748467445373535,-10.736539840698242,-10.984662055969238,-14.924105644226074,-8.574750900268555,-6.30727481842041,-5.876908779144287,-10.123188972473145,-14.384236335754396,,-12.650099754333496,-7.554433822631836,,-11.910595893859863,0.1558091193437576,0.1035082936286926,,0.0794601887464523,,0.2402768284082412,,0.6582768559455872,,0.8970657587051392,0.8643064498901367,,0.7007362842559814,0.5903773307800293,0.298316478729248,-0.1879723668098449,-0.294377863407135,,-0.2312130331993103,,0.2576363980770111,,0.3105774223804474,,0.3772416710853576,0.4087505638599396,,0.3725698590278625,0.2409977167844772,-0.0474107563495636
P056,10,92,79.83386320463656,16.958081523258883,Paddy,high,radar dip-and-rise + optical flood within 3 weeks,0.88,0.12,7.5,10,"07-19, 09-17",07-31,Paddy,high,-19.147924423217773,-17.449541091918945,-18.47441673278809,-16.845813751220703,-29.237886428833008,-22.460205078125,-18.13982391357422,-15.80380630493164,-14.19977569580078,-17.3740291595459,,-17.50068473815918,-15.270773887634276,,-14.942397117614746,-2.4662179946899414,-0.6647129058837891,-3.189568996429447,0.6849184036254883,-13.056804656982422,-0.3566713333129883,3.0554895401000977,4.1799726486206055,4.135751724243166,-0.5149993896484375,,-0.07028675079345703,-0.301632881164549,,0.8382091522216797,-8.769414901733398,-9.18859577178955,-7.239741325378418,-7.600498676300049,-17.55733299255371,-10.482402801513672,-8.467041015625,-7.1218109130859375,-9.943882942199709,-7.337783813476563,,-12.233684539794922,-8.858807563781738,,-6.716944217681885,0.1468257009983062,0.1178762540221214,0.0698526203632354,0.0097926296293735,,0.256692886352539,,0.7211642265319824,,,0.8828232884407043,,0.5345853567123413,0.1898564845323562,0.1599942594766616,-0.1080618873238563,-0.1496367156505584,-0.0541924647986888,-0.0563494339585304,,0.2771295607089996,,0.3443161845207214,,,0.4118910729885101,,0.239065945148468,-0.0067006777971982,-0.1826675236225128
P057,10,92,79.91363360186637,17.005782064845633,Paddy,high,radar dip-and-rise + optical flood within 3 weeks,0.83,0.45,8.0,10,"08-12, 08-24, 11-16",08-24,Paddy,high,-19.294174194335938,-14.651543617248535,-15.0364408493042,-13.23589038848877,-12.256896018981934,-14.201959609985352,-21.28238868713379,-21.84550666809082,-20.051240921020508,-16.106237411499023,,-18.19959259033203,-12.93943214416504,,-17.018035888671875,-2.967672348022461,1.5432806015014648,1.4243392944335938,4.036474227905273,4.879263877868652,5.392082214355469,-2.2918949127197266,-3.6265830993652344,-1.924302101135254,0.945277214050293,,-0.9596014022827148,2.2319154739379865,,-2.2496280670166016,-9.612192153930664,-10.472855567932127,-10.775156021118164,-9.541647911071776,-6.017491817474365,-9.72082233428955,-12.85881805419922,-14.941143035888672,-11.258258819580078,-8.151975631713867,,-12.141942024230955,-7.177609443664551,,-12.483392715454102,0.4346090853214264,0.4724723398685455,,0.549801230430603,,0.4686232805252075,,0.3067224323749542,,0.8346096873283386,0.7975168824195862,,0.7346054911613464,0.7381425499916077,0.522675096988678,-0.0115090440958738,0.0152187515050172,,0.0968404114246368,,0.0293736197054386,,0.3178952634334564,,0.3516825437545776,0.3471119999885559,,0.4232162833213806,0.3537948727607727,0.1880174875259399
P058,10,92,79.91956248274155,17.006590548601338,Paddy,medium,optical flood + radar growth afterwards (shallow dip),0.75,0.36,6.6,7,,07-31,Review,low,-15.431340217590332,-15.957727432250977,-11.936712265014648,-16.575328826904297,-16.84416389465332,-19.604082107543945,-20.633869171142575,-19.612485885620117,-18.018104553222656,-18.543258666992188,,-15.28769588470459,-15.834188461303713,,-12.99152946472168,1.8400945663452148,0.15943145751953125,4.5240678787231445,0.6970357894897461,-0.2540884017944336,-0.05470752716064453,-1.643375396728512,-1.3935623168945312,0.2442770004272461,-1.6246709823608398,,2.2956581115722656,-0.9645090103149432,,1.975114345550537,-10.940287590026855,-9.283001899719238,-6.207554817199707,-6.540501594543457,-9.508075714111328,-10.858080863952637,-12.767556190490724,-7.605830669403076,-9.97669506072998,-9.11469268798828,,-6.006178379058838,-9.50347137451172,,-4.912267684936523,0.3648169636726379,,,0.2569500207901001,,0.0973085612058639,,0.491982638835907,,,0.7518779039382935,,,0.6533492207527161,0.3482567071914673,-0.0435956642031669,,,-0.0121805295348167,,0.2255230695009231,,0.3152341842651367,,,0.3654076159000397,,,0.304609477519989,-0.0257585290819406
P059,10,92,79.92171843942344,16.939755891462845,Paddy,high,radar dip-and-rise + optical flood within 3 weeks,0.87,0.2,7.2,11,"07-19, 09-17",07-31,Paddy,high,-19.406736373901367,-19.4009952545166,-16.498090744018555,-18.39024543762207,-22.16051483154297,-19.584001541137695,-16.591917037963867,-17.48012924194336,-15.046031951904297,-18.9747257232666,,-15.1371431350708,-14.54766082763672,,-12.408105850219728,-2.2153549194335938,-3.686952590942383,-1.5121493339538574,-1.6224899291992188,-8.79257583618164,-0.02458667755126953,3.7605247497558594,1.1673212051391602,3.107515335083008,-2.211916923522949,,1.9319877624511719,0.6805381774902326,,3.2452158927917463,-9.5601224899292,-8.2035551071167,-7.15639591217041,-8.969407081604004,-10.487311363220217,-8.76143741607666,-7.2558207511901855,-9.208731651306152,-8.005868911743164,-10.258787155151367,,-10.224109649658203,-8.99160385131836,,-9.25734043121338,0.3373314440250397,0.2025433629751205,0.1619592458009719,0.1197407394647598,,0.1698342561721801,,0.5035361051559448,0.6899505853652954,0.8662503361701965,0.7992057204246521,,,0.6027432084083557,0.2727378606796264,0.0691508799791336,-0.0009626017417758,0.0119287567213177,0.065569519996643,,0.2847481667995453,,0.3034768104553222,0.4079013168811798,0.4384902417659759,0.3997642993927002,,,0.323165088891983,-0.018777722492814
P060,10,92,79.88857060543943,16.919543797570157,Paddy,high,radar dip-and-rise + optical flood within 3 weeks,0.93,0.18,7.2,11,07-31,07-31,Paddy,high,-20.214937210083008,-17.710487365722656,-14.327492713928224,-17.752626419067383,-13.35950756072998,-26.17529296875,-21.503501892089844,-19.589765548706055,-20.835222244262695,-16.020875930786133,,-17.603357315063477,-16.011171340942383,,-14.770018577575684,-2.423839569091797,-0.4964160919189453,3.158761024475096,0.26563262939453125,4.51835823059082,-5.561432838439941,-1.9476451873779297,-0.18090152740478516,-3.3076963424682617,0.7419328689575195,,-1.0566082000732422,-0.7846322059631348,,1.821756362915039,-11.424921035766602,-6.439901351928711,-6.18721342086792,-10.814830780029297,-6.562576770782471,-15.431053161621094,-15.150677680969238,-6.109195232391357,-9.073440551757812,-9.313665390014648,,-12.103921890258787,-9.775619506835938,,-8.808788299560547,0.1927216500043869,0.176891952753067,,0.1755713075399398,,0.1193901598453521,,0.5318121314048767,0.7397957444190979,0.9260220527648926,0.8783276081085205,,0.7460852861404419,0.7909094095230103,0.621973991394043,-0.1339876502752304,-0.2883627116680145,,-0.0587525703012943,,0.1046141386032104,,0.2621681094169616,0.3648136854171753,0.3768045008182525,0.3660873472690582,,0.4201628863811493,0.3452492356300354,0.2042886912822723
P061,11,165,78.79199713811474,16.738982425462133,Other kharif crop,high,"clear green-up, no flooding",0.53,0.28,6.5,11,09-05,,Other kharif crop,high,-18.464191436767575,-19.2003116607666,-16.728391647338867,-15.94836139678955,-15.360050201416016,-12.797723770141602,-10.95098876953125,-12.282753944396973,-16.704652786254883,-13.230120658874512,-12.462431907653809,-15.891120910644531,-12.859216690063477,-14.19991970062256,-15.633132934570312,-1.361068725585934,-1.854543685913086,-0.3768296241760254,1.7520484924316406,0.656862735748291,1.444678783416748,3.7610020637512207,1.8525238037109375,-4.298760414123535,1.1206984519958496,2.2506508827209473,-1.5386242866516113,-0.4411463737487793,0.8391747474670392,-1.878319263458252,-8.269331932067871,-9.719439506530762,-8.004446983337402,-10.538107872009276,-9.66159439086914,-5.634253978729248,-7.637682437896728,-9.05129337310791,-4.890528202056885,-7.815173149108887,-4.774981498718262,-7.014468193054199,-6.807671546936035,-7.970835208892822,-10.395169258117676,0.3307302296161651,0.2249077409505844,,0.3421920537948608,,0.3846147060394287,0.3523330688476562,0.440189003944397,,0.5097317099571228,0.530575156211853,0.4383886754512787,,0.4978337585926056,0.4237488508224487,-0.059328556060791,0.0668272078037262,,0.0629600659012794,,0.057900320738554,0.2470694184303283,0.1771112233400344,,0.0891405791044235,0.0717147514224052,0.0468873381614685,,0.0039638355374336,0.0079388301819562
P062,11,165,78.81436518868931,16.900948671188882,Other kharif crop,high,"clear green-up, no flooding",0.81,0.37,5.7,10,07-19,,Other kharif crop,high,-10.64815616607666,-14.836198806762695,-13.66958713531494,-17.50457191467285,-19.243467330932617,-18.421646118164062,-15.967314720153809,-16.923229217529297,-16.782773971557617,-14.402403831481934,-16.32831573486328,-15.713109970092772,-12.74072551727295,-11.628509521484377,-14.90607738494873,4.9962053298950195,3.4479780197143555,3.0375146865844744,0.03153419494628906,-3.9356865882873535,-4.1375956535339355,-1.4238381385803223,-0.39412593841552734,-2.9683876037597656,-0.051584720611572266,-2.8115234375,-1.088937282562254,1.967184066772461,3.4721918106079084,0.5011582374572754,-4.088376045227051,-9.278552055358888,-6.973968982696533,-12.041241645812988,-11.91308879852295,-9.26572322845459,-8.69275951385498,-8.43359088897705,-7.864516258239746,-8.53974437713623,-10.621180534362791,-9.842093467712402,-6.515198707580566,-9.79179859161377,-8.865036964416504,0.3733544051647186,0.5539147853851318,0.3283122777938843,0.2890923321247101,,0.4179958701133728,0.4270384907722473,0.6289525032043457,,,0.8088464736938477,,,0.5204328298568726,0.3998209536075592,-0.0557981133460998,0.0691040605306625,0.0813805162906646,0.0749238431453704,,0.1567905098199844,0.3342207074165344,0.3085156977176666,,,0.2880468964576721,,,0.0597188100218772,-0.0289506521075963
P063,11,165,78.82999587463298,16.850822678335014,Other kharif crop,high,"clear green-up, no flooding",0.81,0.37,4.8,10,07-19,,Other kharif crop,high,-12.197884559631348,-15.894124984741213,-15.592547416687012,-15.42267894744873,-18.672622680664062,-18.850759506225582,-17.458101272583008,-18.74743270874023,-11.961071014404297,-14.356143951416016,-15.307483673095703,-13.967576026916504,-12.248856544494627,-14.561565399169922,-15.528608322143556,5.0540771484375,3.329659461975096,1.2463912963867188,2.119701385498047,-3.185142993927002,-4.525707244873043,-3.2883081436157227,-3.810249805450436,1.8533153533935547,-0.43070077896118164,-2.3617844581604004,0.6859002113342285,2.0666584968566912,-0.0028977394104003906,-0.7400369644165057,-7.522881031036377,-11.390292167663574,-7.941295146942139,-7.579448223114014,-10.154303550720217,-11.709047317504885,-7.292325496673584,-7.30671501159668,-6.667542457580566,-9.128055572509766,-7.292518615722656,-9.136306762695312,-8.872007369995117,-6.964062213897705,-6.1345086097717285,0.2905993461608886,0.4569694399833679,,0.2977937459945678,0.390267550945282,0.4279994964599609,0.4173614978790283,0.622979462146759,,,0.810748815536499,,,0.661630392074585,0.547353982925415,-0.1351349949836731,0.0278329849243164,,0.087922528386116,0.1115311682224273,0.1993571519851684,0.354436993598938,0.310804933309555,,,0.3095666766166687,,,0.227532148361206,0.1178077757358551
P064,11,165,78.77986988177912,16.90957249791643,Other kharif crop,high,"clear green-up, no flooding",0.75,0.18,8.4,10,,,Review,low,-16.53606414794922,-20.539222717285156,-16.71432113647461,-21.486831665039062,-17.385360717773438,-14.390603065490724,-14.797778129577637,-18.0466251373291,-12.089831352233888,-13.50539207458496,-11.467598915100098,-14.956169128417969,-15.016650199890137,-14.795580863952637,-14.671065330505373,-1.732978343963623,-3.1266727447509766,-0.20354461669921875,-3.9885339736938477,-2.077579975128174,-0.10655260086059748,-0.2543015480041504,-2.0792198181152344,3.0005054473876935,0.8738818168640154,2.7589941024780273,-0.33199644088745117,-0.9641051292419434,0.18811273574829102,0.736170291900633,-3.697352170944214,-8.66046142578125,-8.125884056091309,-8.937350273132324,-6.159663677215576,-4.234917640686035,-5.843645095825195,-9.374175071716309,-3.398249626159668,-6.628073692321777,-7.808347225189209,-7.2318010330200195,-5.763863563537598,-8.581806182861328,-6.934536933898926,0.176549881696701,0.1780769228935241,0.1475051641464233,,0.3026912808418274,0.4187238812446594,0.5856118202209473,0.7256577610969543,,,0.7536928653717041,,,0.6607218980789185,0.65777587890625,-0.2065785080194473,-0.1852568238973617,-0.1384060084819793,,-0.0256453268229961,0.1171080023050308,0.334046870470047,0.2750406265258789,,,0.1752080917358398,,,0.1129196435213089,0.1304410099983215
P065,11,165,78.86745562198077,16.798540728799257,Other kharif crop,high,"clear green-up, no flooding",0.73,0.28,4.1,11,,,Other kharif crop,high,-16.32078742980957,-17.533300399780273,-17.110576629638672,-17.580188751220703,-14.055787086486816,-12.902141571044922,-14.190484046936035,-13.711811065673828,-16.13490104675293,-14.345494270324709,-14.040277481079102,-14.371609687805176,-15.969202995300291,-13.279088020324709,-13.499353408813477,1.0835561752319336,0.8231000900268555,-0.3335847854614258,0.6705074310302734,1.7088489532470703,1.4229106903076172,0.34287071228027344,1.4554681777954102,-2.0852956771850586,0.2322497367858869,0.8199186325073242,0.03164720535278498,-2.4069366455078107,0.9998497962951642,1.6457691192626953,-7.205058574676514,-10.00080394744873,-9.424702644348145,-10.082810401916504,-8.257125854492188,-6.5088677406311035,-9.771464347839355,-9.720098495483398,-9.797618865966797,-8.106544494628906,-6.999701499938965,-8.47750473022461,-8.299055099487305,-6.512246131896973,-7.604894638061523,0.2743474543094635,0.2826564908027649,,0.194946214556694,0.3773513734340668,0.4287550747394562,,0.6562831401824951,,0.6356611251831055,0.6638270616531372,0.7265008091926575,,0.6244181990623474,0.5746955871582031,-0.1522132754325866,0.0134666468948125,,0.0118081262335181,0.0101361768320202,0.0782262161374092,,0.1792671829462051,,0.1950522661209106,0.1836190819740295,0.2091995477676391,,0.0651151165366172,0.0455545522272586
P066,11,165,78.86179623569082,16.79719325587308,Other kharif crop,high,"clear green-up, no flooding",0.7,0.38,2.9,9,08-24,,Other kharif crop,high,-15.62885284423828,-17.291799545288086,-17.788450241088867,-15.838568687438965,-15.914362907409668,-14.37743091583252,-13.709965705871582,-18.959745407104492,-15.156049728393556,-17.0737247467041,-15.78899383544922,-14.876582145690918,-13.6143798828125,-15.405821800231934,-16.025684356689453,1.7754907608032244,1.064600944519043,-1.011458396911621,2.4499359130859375,-0.4268832206726074,-0.3450436592102051,0.8233890533447266,-4.4742512702941895,-1.1064443588256854,-2.694450855255127,-1.5624008178710955,-0.5027055740356445,0.5096273422241193,-1.2960410118103027,-1.8229689598083496,-10.386245727539062,-10.994720458984377,-11.54832363128662,-13.896881103515623,-8.323091506958008,-6.82429313659668,-9.49288272857666,-11.066024780273438,-9.56921100616455,-7.922704696655273,-7.903943061828613,-7.259330749511719,-9.675711631774902,-10.239383697509766,-10.065571784973145,0.3756224513053894,,,,0.4095771908760071,0.4814830720424652,,0.6101975440979004,,0.6834843754768372,0.5849069356918335,0.6971524357795715,,0.6091902852058411,0.5294377207756042,-0.0807181447744369,,,,0.0329668596386909,0.1165619269013404,,0.1848639398813247,,0.1959157437086105,0.1499886512756347,0.24825419485569,,0.0922524333000183,0.0372239537537097
P067,12,165,79.00435887128059,17.22703711932427,Other kharif crop,high,"clear green-up, no flooding",0.64,0.22,3.7,12,08-12,,Other kharif crop,high,-17.90513801574707,-16.964637756347656,-13.690399169921877,-17.1162166595459,-14.965556144714355,-13.564353942871094,-17.68143653869629,-17.86017417907715,-16.498945236206055,-16.38466453552246,-16.591550827026367,-12.88600254058838,-14.010262489318848,-14.041133880615234,-18.325984954833984,1.2437238693237305,2.1453514099121094,3.4066705703735334,2.598263740539551,3.1598615646362305,1.7921981811523438,-2.245184898376465,-2.081207275390625,-2.943213939666748,-3.439964771270752,-1.8598527908325195,1.0330152511596662,0.018466472625732422,1.0189270973205566,-2.2662734985351562,-6.301225185394287,-8.781291961669922,-4.085986137390137,-7.829452991485596,-4.179375171661377,-3.749638557434082,-4.194587707519531,-7.452229022979736,-3.327721118927002,-4.70424222946167,-7.841128826141357,-6.681183815002441,-6.062004566192627,-9.12689971923828,-6.882092475891113,0.1700602918863296,0.2623549103736877,,0.2883072197437286,0.3215130269527435,0.3707117438316345,,0.6019787788391113,,0.5805326700210571,0.6423816680908203,0.38951575756073,0.5837072134017944,0.5818192958831787,0.5398839712142944,-0.133622407913208,-0.0587932206690311,,0.0168131403625011,0.031985942274332,0.1062565073370933,,0.1911584734916687,,0.1596936583518982,0.1543446481227874,0.1417954266071319,0.1161149367690086,0.0624787732958793,0.0365363769233226
P068,12,165,79.12455345629577,17.258028996626393,Paddy,high,radar dip-and-rise + optical flood within 3 weeks,0.74,0.46,7.0,13,08-12,"08-12, 08-24",Paddy,high,-19.78796768188477,-21.078765869140625,-11.093189239501951,-19.675796508789062,-14.51427173614502,-13.30325984954834,-22.545515060424805,-19.865747451782227,-18.286348342895508,-17.166561126708984,-14.413641929626465,-13.74995231628418,-13.3534574508667,-15.221384048461914,-13.48266315460205,-2.001019477844242,-2.000788688659668,7.32235622406006,0.9113826751708984,6.326491355895996,3.9805383682250977,-5.741124153137207,-3.757404327392578,-3.473386287689209,-2.448758125305176,0.03740406036376953,1.1881237030029297,1.7398462295532227,0.009158134460449219,3.116654396057129,-9.907111167907717,-9.45705509185791,-8.245769500732422,-13.60369873046875,-9.76755428314209,-6.994516849517822,-15.68169403076172,-12.074423789978027,-8.15861701965332,-8.135222434997559,-8.44768238067627,-8.009947776794434,-7.60789966583252,-9.009615898132324,-9.154990196228027,0.2813621759414673,0.4593501687049866,0.5856377482414246,0.554967999458313,0.5325380563735962,0.4791430532932281,0.2853825688362121,0.3730376660823822,,,0.7432460784912109,0.4370270371437073,0.7406566143035889,0.6441150903701782,0.4190329313278198,-0.0415306389331817,0.0559380576014518,0.1756174713373184,0.1295798271894455,0.2088268101215362,0.2264211922883987,0.3566120564937591,0.3454066514968872,,,0.3619758486747741,0.3202903270721435,0.3049717545509338,0.2331058979034423,-0.0205309092998504
P069,12,165,79.10083793279502,17.17125174018045,Other kharif crop,high,"clear green-up, no flooding",0.66,0.13,4.8,11,,,Other kharif crop,high,-17.025859832763672,-17.46135902404785,-13.034797668457031,-17.551301956176758,-14.0032958984375,-12.561490058898926,-12.67284107208252,-15.945927619934082,-12.494027137756348,-14.197221755981444,-14.355655670166016,-15.05965805053711,-11.473294258117676,-15.64223861694336,-15.53126621246338,1.5306472778320312,2.736952781677246,2.664196491241455,0.8510208129882812,1.7599353790283203,1.7995738983154297,3.052990436553955,0.1624155044555664,2.030735492706299,-0.38452243804931463,-0.07930994033813477,-1.5970158576965332,2.7034244537353516,-0.9666862487792969,0.07633352279662908,-13.621898651123049,-7.965991020202637,-3.627063512802124,-10.345735549926758,-4.7608962059021,-6.661427021026611,-7.208714485168457,-7.391465187072754,-5.98391056060791,-5.822716236114502,-7.7841877937316895,-9.106274604797363,-9.429558753967283,-9.328780174255373,-8.742369651794434,0.1390430033206939,,0.1190247535705566,0.1907958537340164,0.2216643393039703,0.2997944355010986,,0.6563401222229004,,,0.6282723546028137,0.5257377624511719,0.5869754552841187,0.5900671482086182,0.5762064456939697,-0.1836786121129989,,-0.1112633794546127,0.0199618395417928,-0.0200278088450431,0.0671663731336593,,0.2034595310688018,,,0.1849693059921264,0.1309896409511566,0.1748648583889007,0.0869923532009124,0.0817861333489418
P070,12,165,79.11727710249441,17.173407696862334,Other kharif crop,high,"clear green-up, no flooding",0.67,0.22,5.6,11,,,Other kharif crop,high,-19.207876205444336,-18.599390029907227,-15.751933097839355,-15.311023712158203,-16.19860076904297,-15.021662712097168,-15.775724411010742,-15.948711395263672,-14.944131851196287,-14.913162231445312,-17.320892333984375,-15.57759952545166,-14.33177661895752,-13.44757080078125,-13.25300121307373,-0.4160757064819336,2.5955657958984375,0.4998903274536133,3.9267702102661133,-0.7866249084472656,-0.1649918556213379,-0.7976655960083026,-0.5060853958129883,-1.0310750007629377,-1.262251377105713,-3.3011016845703125,-1.92350435256958,-0.12449026107788086,1.8818554878234863,2.4529480934143066,-10.12767219543457,-11.307472229003906,-4.811334133148193,-10.155357360839844,-11.25696086883545,-6.289839267730713,-9.7011079788208,-9.823922157287598,-5.584265232086182,-7.0053911209106445,-7.068920135498047,-7.112339496612549,-7.577053546905518,-8.305327415466309,-7.368342399597168,0.2175517380237579,0.2411951571702957,0.1518551707267761,0.2085101902484893,0.2386940121650695,0.2544704079627991,,0.4353908896446228,,,0.483794629573822,0.6435220241546631,,0.6713544726371765,0.6648251414299011,-0.1149903386831283,-0.1238756328821182,-0.0474378913640975,-0.0315776318311691,0.0245924554765224,0.0448056012392044,,0.0725999027490615,,,0.118047297000885,0.1722031533718109,,0.182268738746643,0.176058292388916
P071,12,165,79.06418666920294,17.247518707802193,Review,low,radar dip but optical shows dry soil soon after,0.7,0.08,12.5,10,06-13,,Review,low,-20.982568740844727,-30.837574005126953,-22.44282341003418,-24.604284286499023,-25.53186798095703,-17.79361343383789,-17.728164672851562,-16.98487091064453,-14.105393409729004,-10.98336410522461,-13.900531768798828,-13.367046356201172,-14.7576904296875,-14.592763900756836,-16.680225372314453,-1.9107351303100586,-12.073183059692383,-6.431514263153076,-5.990735054016113,-9.768636703491211,-3.991672992706299,-1.8940138816833496,-0.9416446685791016,0.45812225341796875,3.734438896179199,1.4892382621765137,0.873234748840332,-0.7346606254577637,0.09039449691772461,-0.6486058235168457,-12.20240879058838,-12.621209144592283,-5.973841667175293,-10.013741493225098,-10.220834732055664,-4.144177436828613,-7.356367588043213,-8.042384147644043,-5.538147449493408,-6.2444610595703125,-5.067659854888916,-6.79700231552124,-7.289320468902588,-8.108469009399414,-6.831070423126221,0.0659345835447311,0.0979599356651306,,0.1570791602134704,0.215455949306488,0.3154363930225372,,0.5823032855987549,,,0.6427718997001648,0.5251611471176147,,0.7026834487915039,0.6137827634811401,-0.2014272212982177,-0.1456671804189682,,-0.0820377692580223,-0.0195881240069866,0.0353556685149669,,0.1594482511281967,,,0.1358745545148849,0.1249607652425766,,0.2235065102577209,0.1894473433494568
P072,12,165,79.06688161505531,17.259106974967338,Perennial,medium,green from June and stable radar all season,0.69,0.54,2.9,12,,,Review,low,-15.96347713470459,-14.035711288452148,-15.19922924041748,-17.264787673950195,-15.327861785888672,-11.38971710205078,-13.187170028686523,-14.882695198059082,-13.720720291137695,-15.142452239990234,-14.972965240478516,-15.183168411254885,-13.656882286071776,-15.43746852874756,-16.666662216186523,3.534444808959961,6.010209083557129,2.223428726196289,3.60867977142334,2.385592460632324,4.420892238616945,3.617220878601074,1.5489654541015625,1.364269733428955,-0.6847872734069824,-0.26814842224121094,-0.992462635040285,0.602210998535158,-1.0686202049255389,-0.635042667388916,-7.940196514129639,-9.656778335571287,-8.016220092773438,-8.86890697479248,-7.4607672691345215,-4.326054573059082,-8.088637351989746,-4.470792293548584,-6.149406909942627,-4.334275722503662,-5.566890716552734,-6.09763240814209,-7.014388084411621,-10.52060890197754,-6.0576982498168945,0.4830110073089599,0.5939590334892273,,0.5338301658630371,0.557546079158783,0.4757511019706726,,0.644007682800293,,0.5948881506919861,0.5770708918571472,0.4754374623298645,0.6871771812438965,0.6687493920326233,0.6073832511901855,0.0288504790514707,0.0751320421695709,,0.1518604159355163,0.2166391015052795,0.2836980819702148,,0.2015694975852966,,0.1286457180976867,0.1075509563088417,0.1579330563545227,0.200179174542427,0.1761494129896164,0.2154130637645721
P073,13,92,79.71609407088849,17.157777010918654,Review,low,optical flood without radar growth afterwards,0.73,0.35,3.4,10,08-12,08-12,Review,low,-15.207898139953612,-15.889686584472656,-16.20113754272461,-15.9318208694458,-11.18254280090332,-15.616719245910645,-18.873497009277344,-17.734495162963867,-18.979507446289062,-16.873374938964844,,-18.245861053466797,-15.634113311767578,,-18.948150634765625,2.0784206390380877,-1.2413287162780762,2.6041860580444336,1.26177978515625,4.679405689239502,2.670760154724121,-2.29876708984375,-1.529388427734375,-2.1266860961914062,-0.06625747680664062,,-2.987603187561035,-1.202333927154541,,-4.274456024169922,-10.839337348937988,-9.058064460754396,-11.752263069152832,-6.123938083648682,-5.833568572998047,-9.312621116638184,-10.37771224975586,-10.550700187683104,-12.158340454101562,-10.64775848388672,,-10.831480979919434,-10.137858390808104,,-9.745656967163086,0.3522976636886596,0.3420050740242004,,0.3013421893119812,,0.4305342435836792,0.2878000438213348,0.5241237282752991,,,0.730650007724762,,0.7275352478027344,0.6747980117797852,0.4955152869224548,-0.0296212062239646,-0.0655626356601715,,0.0381805822253227,,0.1482979357242584,0.2825238704681396,0.2593825757503509,,,0.3205128610134125,,0.3179382681846618,0.233534425497055,0.1304477900266647
P074,13,92,79.64467800580098,17.20035715538592,Review,low,optical flood without radar growth afterwards,0.85,0.43,3.6,10,,07-31,Review,low,-15.295411109924316,-12.12189769744873,-17.993568420410156,-15.66801643371582,-13.82390022277832,-15.831297874450684,-17.614253997802734,-17.209047317504883,-15.387773513793944,-18.482107162475582,,-15.525141716003418,-12.858134269714355,,-14.387362480163574,1.6542034149169922,3.2813148498535156,-0.2894411087036133,1.5255842208862305,2.49627685546875,1.4801044464111328,-1.576878547668457,-1.12371826171875,1.7186155319213885,-1.5374097824096644,,-0.15364789962768555,2.1670589447021484,,0.4462275505065918,-7.954134941101074,-5.976809501647949,-9.05146312713623,-8.6402006149292,-8.10071849822998,-10.715982437133787,-8.855355262756348,-7.970767498016357,-8.735541343688965,-8.561456680297852,,-10.417975425720217,-9.867788314819336,,-8.569809913635254,0.4252653419971466,,,0.4258076548576355,0.3515098690986633,0.2989089488983154,,0.464636355638504,,0.8487837910652161,0.8009516000747681,,0.7544568181037903,0.6455795764923096,0.4918961226940155,-0.0016338484128937,,,0.0636158436536789,0.1870946586132049,0.2611365020275116,,0.2693551778793335,,0.38233482837677,0.3465416133403778,,0.3359037041664123,0.2851217091083526,0.1334555745124817
P075,13,92,79.66003919715942,17.10980697474667,Review,low,optical flood without radar growth afterwards,0.81,0.22,4.0,11,,"07-07, 07-31",Review,low,-16.322927474975586,-17.069900512695312,-19.61707878112793,-20.40830993652344,-20.00052833557129,-19.21962547302246,-17.22906494140625,-16.540225982666016,-16.920961380004883,-17.81125831604004,,-17.487958908081055,-15.65617561340332,,-16.281295776367188,0.8954353332519531,-1.6205472946166992,-3.8254170417785645,-3.871348381042484,-5.603644371032715,-1.9082231521606445,0.37411975860595703,1.0623626708984375,-0.13583946228027344,-1.5325098037719727,,-2.31132173538208,-0.9877867698669434,,-0.7314505577087402,-9.914908409118652,-9.810449600219728,-9.66397762298584,-9.78260326385498,-11.403616905212402,-11.418044090270996,-8.913298606872559,-9.984434127807615,-9.896711349487305,-9.578659057617188,,-14.567963600158691,-9.575725555419922,,-8.773942947387695,0.3119836151599884,0.1288832724094391,,0.1898458898067474,,0.2145404815673828,,0.6730760335922241,0.6847915053367615,0.8067035675048828,0.7607766389846802,,0.5616146326065063,0.4706308245658874,0.2126894295215606,-0.0635942742228508,-0.126484215259552,,0.202311635017395,,0.3125531077384949,,0.330060601234436,0.406284749507904,0.3613970279693603,0.3524288535118103,,0.1948373913764953,0.1021321415901184,-0.0949416905641555
P076,13,92,79.64952890833523,17.169365278083795,Perennial,medium,green from June and stable radar all season,0.72,0.49,4.6,8,,,Review,low,-16.43912696838379,-14.696589469909668,-14.71727180480957,-16.5961971282959,-14.914116859436035,-15.060500144958496,-14.644551277160645,-16.787097930908203,-16.78468132019043,-13.74679183959961,,-15.75161361694336,-14.462295532226562,,-12.208294868469238,0.4425315856933594,0.8445854187011719,3.067275047302246,0.6473736763000488,1.4060602188110352,2.1237621307373047,1.3928241729736328,-1.0768589973449707,-0.3801593780517578,3.261598587036133,,-0.7325372695922852,0.6496005058288574,,2.6252951622009277,-10.102314949035645,-7.848813056945801,-10.41209602355957,-11.258296966552734,-7.936618804931641,-6.447368144989014,-7.265415191650391,-8.112960815429688,-7.930500030517578,-7.882217407226563,,-10.06384563446045,-8.65695571899414,,-8.952338218688965,0.5287689566612244,0.4577792286872864,,0.4788907170295715,,0.4283533692359924,,0.4351084530353546,,,0.6788435578346252,,,0.7193891406059265,0.7034662365913391,0.0322200916707515,-0.027830995619297,,0.0596514269709587,,0.1432727724313736,,0.243046373128891,,,0.2373195886611938,,,0.2687065005302429,0.2260051965713501
P077,13,92,79.6471034570681,17.137834411611202,Other kharif crop,high,"clear green-up, no flooding",0.57,0.29,6.3,10,,,Other kharif crop,high,-22.223203659057617,-18.86690902709961,-19.888381958007812,-19.72318458557129,-16.490943908691406,-17.267471313476562,-14.280420303344728,-13.438529014587402,-17.428096771240234,-17.606369018554688,,-14.475258827209473,-15.99091911315918,,-17.795583724975586,-5.860939025878906,-4.22627067565918,-3.2890872955322266,-3.6445717811584473,-0.9591803550720215,-0.269683837890625,2.353620529174803,3.4487695693969727,-0.8893909454345703,-1.3264107704162598,,0.32630491256713867,-1.3225302696228027,,-3.477017402648926,-13.54357624053955,-12.396270751953123,-14.186253547668455,-11.242431640625,-9.580280303955078,-11.188051223754885,-9.598694801330566,-7.575398921966553,-12.338656425476074,-12.098917961120604,,-9.686054229736328,-10.067773818969728,,-10.441486358642578,0.3404831290245056,0.2337522059679031,,0.2037514299154281,,0.2670615315437317,,0.4993710219860077,,0.5556999444961548,0.535556435585022,,0.4927861094474792,0.5749486684799194,0.5039567947387695,-0.070706121623516,-0.076335959136486,,0.0619110539555549,,0.0449642390012741,,0.1517892181873321,,0.0372677817940712,0.0739105939865112,,0.0501878634095191,0.027428425848484,-0.0138191096484661
P078,13,92,79.66704605637555,17.161819429697193,Perennial,medium,green from June and stable radar all season,0.7,0.52,4.4,9,,08-12,Review,low,-17.52861213684082,-14.584687232971191,-17.575525283813477,-15.213122367858888,-16.149410247802734,-17.35533332824707,-16.039016723632812,-15.327743530273438,-16.2927303314209,-16.580656051635742,,-13.80690860748291,-12.372522354125977,,-14.249770164489746,-1.1475849151611328,0.3599390983581543,1.2297983169555664,2.96004009246826,-0.1551203727722168,0.8882150650024414,1.3826427459716797,0.9906654357910156,0.8817987442016602,0.4990568161010742,,1.8314690589904785,2.6526708602905273,,0.7896618843078613,-10.082812309265137,-10.548795700073242,-10.129565238952637,-10.594794273376465,-9.726877212524414,-9.249732971191406,-8.136438369750977,-7.402101039886475,-8.34342098236084,-9.252573013305664,,-7.84780216217041,-9.82675552368164,,-9.997541427612305,0.5404630899429321,0.5054519176483154,,0.3704046308994293,,,0.358677476644516,0.6562574505805969,,,0.7008050680160522,,0.6416646242141724,0.5943272709846497,0.3908288478851318,0.0026300742756575,-0.0478957891464233,,0.1034672334790229,,,0.3434216678142547,0.2628551125526428,,,0.2442595958709716,,0.1504874974489212,0.0583807975053787,-0.048399843275547
P079,14,165,78.87985237290162,17.245632245705544,Other kharif crop,medium,"moderate green-up, no flooding",0.48,0.2,5.5,10,10-23,,Other kharif crop,medium,-19.36042022705078,-18.006267547607422,-13.366573333740234,-16.836387634277344,-15.236018180847168,-13.09209156036377,-15.334583282470703,-17.953901290893555,-12.211749076843262,-15.464598655700684,-13.164287567138672,-15.253314018249512,-18.35628318786621,-15.115715980529783,-17.404205322265625,-0.48924732208251953,-0.9434747695922852,3.016058921813965,1.506138801574707,0.7846827507019043,2.3841991424560547,0.5572943687438965,-1.4139127731323242,1.5947790145874023,-0.9909663200378418,2.5754189491271973,-1.3342962265014648,-4.333253383636475,-0.22952699661254705,-1.4128408432006836,-11.367542266845703,-8.88890552520752,-2.804593801498413,-6.895109176635742,-3.212859869003296,-2.3808772563934326,-5.723625183105469,-3.0578601360321045,-4.041233539581299,-4.84271240234375,-8.037052154541016,-6.394450664520264,-7.727870464324951,-4.3123698234558105,-11.214855194091797,0.1204062402248382,0.2754786312580108,,0.3105517029762268,0.2986724972724914,0.2983034253120422,,0.4375812709331512,,,0.4769379794597626,,0.3587004244327545,0.475202351808548,0.3081928491592407,-0.2105615735054016,-0.10126893222332,,-0.0144842900335788,0.0527317523956298,0.0719344317913055,,0.0720773786306381,,,0.0367648378014564,,0.110797643661499,0.0006848828634247,-0.1042375192046165
P080,14,165,78.95504136218243,17.225959140983328,Perennial,medium,green from June and stable radar all season,0.66,0.48,4.6,11,,,Review,low,-18.935791015625,-16.25752067565918,-16.27068519592285,-17.253582000732422,-13.737091064453123,-14.03952693939209,-11.431418418884276,-15.42019271850586,-12.969189643859863,-16.329038619995117,-15.806574821472168,-13.849102973937988,-14.035797119140623,-17.621679306030273,-15.452760696411133,0.018889427185058594,2.0892248153686523,0.05367469787597656,0.34965991973876953,2.738974094390871,0.4713783264160156,4.0738425254821795,1.541891098022461,0.6105866432189941,-2.811800956726074,-1.1785621643066406,-0.3583073616027832,0.04142093658447443,-2.9839706420898438,-0.6253924369812012,-8.68057632446289,-12.08612060546875,-9.096792221069336,-12.13567066192627,-10.616292953491213,-9.276095390319824,-6.7814130783081055,-8.545516014099121,-8.836609840393066,-7.077691078186035,-11.277448654174805,-7.259824752807617,-9.306260108947754,-10.525883674621582,-9.227201461791992,0.3008640110492706,0.6497412323951721,,0.4909536242485046,0.5165615081787109,0.4848495721817016,,0.6627815961837769,,0.6218242049217224,0.618098258972168,,0.4419706463813782,0.5569856762886047,0.5306868553161621,-0.1069198027253151,0.129276230931282,,0.1444608569145202,0.1709043979644775,0.1939398348331451,,0.2085097730159759,,0.1821291893720626,0.1130037009716034,,0.1390421986579895,0.043311733752489,0.0341365784406662
P081,14,165,78.90168143430573,17.289559863098987,Other kharif crop,high,"clear green-up, no flooding",0.6,0.43,1.7,13,07-31,,Other kharif crop,high,-15.700572967529297,-14.85594367980957,-14.816551208496094,-14.282377243041992,-14.061772346496582,-15.495124816894531,-13.662800788879396,-14.491033554077148,-13.768810272216797,-14.64955711364746,-15.82468318939209,-12.60630989074707,-13.62583065032959,-15.480984687805176,-14.86270523071289,3.364781379699707,2.0204029083251953,1.1167564392089844,5.226899147033691,2.7289905548095703,-0.2398214340209961,2.602442741394041,1.5008201599121094,1.7951574325561523,0.0659070014953631,-0.0849766731262207,1.9172801971435547,0.4852728843688965,-0.6923398971557617,1.8916654586791992,-9.616069793701172,-10.012940406799316,-9.569276809692385,-11.255776405334473,-11.166908264160156,-7.929695129394531,-7.556986808776856,-8.917941093444824,-5.476545333862305,-7.511164665222168,-7.910163402557373,-9.997309684753418,-9.99371337890625,-8.653804779052734,-8.517279624938965,0.4285331964492798,0.5665919184684753,0.4121395647525787,0.4441620409488678,0.4229777753353119,0.53900146484375,0.5662355422973633,0.59465491771698,0.4606887400150299,,0.597973644733429,,0.4060017168521881,0.5071567893028259,0.3959883451461792,0.0074309445917606,0.0573913939297199,0.1345407962799072,0.1289425045251846,0.1699768900871276,0.1846891045570373,0.2489138841629028,0.1853421032428741,0.1931585669517517,,0.1063543409109115,,0.1609911173582077,0.0277452711015939,0.0322623252868652
P082,14,165,78.93455977370449,17.300070151923187,Paddy,high,radar dip-and-rise + optical flood within 3 weeks,0.9,0.13,10.8,12,"07-31, 11-04",07-31,Paddy,high,-19.194917678833008,-18.49134063720703,-16.939266204833984,-21.331918716430664,-21.12421226501465,-27.87816047668457,-24.746129989624023,-23.127729415893555,-16.899696350097656,-13.98739242553711,-16.070261001586914,-13.988932609558104,-13.950303077697754,-18.779191970825195,-17.166526794433594,-0.04681205749511719,-1.6149940490722656,-1.4298162460327148,-3.309788703918457,-4.941529273986816,-12.578691482543945,-9.13254976272583,-7.485448837280273,-2.4889354705810547,0.5338292121887207,-0.5738649368286133,0.4647426605224627,0.16080045700073242,-3.9905471801757812,-1.1751623153686523,-10.733691215515137,-8.519904136657715,-6.101814270019531,-9.705035209655762,-12.726250648498535,-13.539661407470703,-11.623525619506836,-10.292092323303224,-8.421172142028809,-9.278553009033203,-10.896212577819824,-10.000750541687012,-10.552950859069824,-11.067255973815918,-13.113873481750488,0.1179949343204498,0.1339440643787384,0.1331564337015152,0.130578726530075,0.2429788708686828,0.2053031474351883,0.4028083980083465,0.5963009595870972,,,0.9007893204689026,0.4977308511734009,,0.6122549772262573,0.3059799075126648,-0.11320760846138,-0.1369893997907638,0.0474897176027298,0.0007701157592236,0.1748166531324386,0.3332218527793884,0.3527801930904388,0.2855701446533203,,,0.3487772941589355,0.3140130639076233,,0.2413448840379715,-0.0456696301698684
P083,14,165,78.99950796874634,17.292793798121817,Other kharif crop,high,"clear green-up, no flooding",0.81,0.13,10.9,12,,,Other kharif crop,high,-21.935373306274418,-23.663475036621097,-19.82866477966309,-23.447843551635746,-20.163528442382812,-13.016851425170898,-13.198339462280272,-12.592707633972168,-10.812891006469728,-12.84231662750244,-15.951305389404297,-13.614544868469238,-14.186409950256348,-14.144932746887209,-14.792031288146973,-2.8700189590454137,-6.787128448486332,-3.2236890792846715,-5.3520154953002965,-2.36409854888916,3.1398754119873047,4.055859565734865,3.6101503372192383,4.033843517303465,2.0490722656250018,-0.5615353584289551,0.49315547943115234,-0.16338014602661133,1.3142938613891584,1.8814125061035156,-4.254616737365723,-7.936838150024414,-5.071633815765381,-8.09938907623291,-10.138998031616213,-4.374581336975098,-6.279999256134033,-4.996397495269775,-4.067351341247559,-3.377976894378662,-6.068946838378906,-6.537209987640381,-4.635258674621582,-6.1251349449157715,-7.40201997756958,0.13120037317276,0.1334643363952636,0.1570222675800323,0.2255418002605438,0.2711149454116821,0.3802976310253143,,0.7130412459373474,0.7685160636901855,,0.8139530420303345,,0.4408945739269256,0.6708889603614807,0.6246715188026428,-0.1799575537443161,-0.1558939963579177,-0.1191296353936195,-0.1452887505292892,0.0080164792016148,0.078250378370285,,0.2723875641822815,0.3364776968955993,,0.2227674573659896,,0.0061349691823124,0.1039229780435562,0.0941104963421821
P084,14,165,78.75588486369313,17.300339646508423,Other kharif crop,high,"clear green-up, no flooding",0.73,0.39,5.8,12,,,Other kharif crop,high,-20.284303665161133,-17.821496963500977,-19.86478805541992,-19.43147087097168,-15.742743492126465,-18.114078521728516,-15.583313941955566,-17.232357025146484,-13.844245910644531,-15.454888343811035,-14.038389205932615,-15.543500900268556,-16.72909927368164,-13.682289123535156,-18.09689712524414,-2.1487197875976562,0.15607070922851562,-3.56578969955444,0.8382434844970703,2.1912031173706055,-1.2168331146240234,0.4306516647338867,-0.3425149917602539,1.4658517837524414,-0.5198335647583008,1.685371398925783,-0.36703014373779475,-2.487229347229004,1.634221076965332,-1.9930496215820312,-11.915060997009276,-9.324763298034668,-8.738790512084961,-8.465126037597656,-8.770867347717285,-8.966730117797852,-10.578880310058594,-8.010856628417969,-8.907182693481445,-9.955615997314451,-10.334303855895996,-8.54434585571289,-7.018913269042969,-0.9234614372253418,-11.6699800491333,0.3050172924995422,,0.4785801768302917,0.2866018414497375,0.4244929552078247,0.4451552331447601,0.6167120933532715,0.6380236148834229,0.48976930975914,,0.7344069480895996,0.5526398420333862,,0.6011505722999573,0.4628028571605682,-0.1205403208732605,,0.0932557284832,0.0616438835859298,0.112873762845993,0.1723711192607879,0.1990830898284912,0.1811371892690658,0.233394518494606,,0.1861527115106582,0.1649334579706192,,0.0856354832649231,0.1113844215869903
P085,15,92,79.48486771675611,16.709607515671426,Review,low,radar dip but optical shows dry soil soon after,0.69,0.26,5.8,10,09-05,,Other kharif crop,high,-15.65905475616455,-15.916948318481444,-18.569272994995117,-16.607362747192383,-12.003433227539062,-16.388656616210938,-14.719894409179688,-16.887327194213867,-18.96334457397461,-19.148609161376953,,-13.87271785736084,-12.646003723144531,,-16.554763793945312,2.6360530853271484,0.422615051269533,-0.8964385986328125,0.6609773635864258,3.223491668701172,2.606325149536133,4.94718074798584,1.2873926162719727,-1.6077823638916016,-2.988156318664551,,2.5448827743530273,1.7403802871704102,,-1.1691699028015137,-9.085945129394531,-9.223949432373049,-9.329338073730469,-8.52790641784668,-7.637611865997315,-10.690892219543455,-8.826305389404297,-10.041704177856444,-10.199498176574709,-10.169997215270996,,-9.110028266906738,-8.779062271118164,,-11.730761528015137,0.3636777698993683,0.2603520154953003,0.1862246096134185,,,0.2075630128383636,,0.4711045026779175,,0.6019412279129028,0.6816222071647644,,0.6942887902259827,0.5022501349449158,0.3922563791275024,-0.0255004446953535,0.1112644374370575,-0.0811880305409431,,,0.1332790404558181,,0.1989034712314605,,0.2515113949775696,0.2298080027103424,,0.3381805121898651,0.0181853547692298,-0.0460208840668201
P086,15,92,79.5832332403672,16.788569429145532,Review,low,radar dip but optical shows dry soil soon after,0.85,0.19,7.0,12,07-31,,Review,low,-21.292556762695312,-18.425256729125977,-20.79617500305176,-17.93443489074707,-16.470949172973633,-23.919506072998047,-22.26854133605957,-18.93850898742676,-20.372453689575195,-19.020235061645508,,-17.846094131469727,-15.168450355529783,,-15.46084690093994,-2.6955738067626953,-1.784566879272461,-3.549052238464359,-1.2215290069580078,-1.4975881576538086,-5.414471626281738,-3.217233657836914,-0.2986965179443395,-3.0168914794921875,-2.591628074645996,,-1.3233022689819336,-0.5226225852966291,,-0.41475629806518377,-12.07251262664795,-9.79617691040039,-10.531485557556152,-12.417156219482422,-9.725996017456056,-15.464679718017578,-11.890806198120115,-11.639338493347168,-9.848915100097656,-10.861032485961914,,-9.542180061340332,-9.67636775970459,,-9.748116493225098,0.183257982134819,0.2252108007669448,0.1896520256996154,0.130006805062294,,0.1373059898614883,,0.647990345954895,,0.8496769666671753,0.8071366548538208,0.7408068180084229,0.7469950914382935,0.3997060656547546,0.2813433706760406,-0.1972924172878265,-0.0762683749198913,-0.1059232950210571,-0.0586814731359481,,0.073884405195713,,0.2523770928382873,,0.3491600155830383,0.3318475484848022,0.4074828624725342,0.3445294797420501,0.014705179259181,-0.1071983575820922
P087,15,92,79.63847963034056,16.72362123410369,Other kharif crop,high,"clear green-up, no flooding",0.78,0.42,1.9,12,,,Other kharif crop,high,-16.304935455322266,-14.19308853149414,-15.56241512298584,-13.832786560058594,-13.130248069763184,-16.441057205200195,-13.787525177001951,-12.98479461669922,-15.486742973327637,-14.035871505737305,,-13.374740600585938,-13.998903274536133,,-13.656923294067385,4.063368797302246,3.73239803314209,1.7532873153686523,3.044379234313965,2.049367904663086,2.850642204284668,8.019804000854494,6.341477394104002,3.252974510192871,2.8565797805786133,,3.295069694519043,0.8605160713195801,,1.9470615386962873,-9.343365669250488,-8.296382904052734,-7.91108512878418,-10.779417037963867,-9.111790657043455,-8.965791702270508,-8.812285423278809,-8.262325286865234,-9.709073066711426,-8.17225170135498,,-7.57605504989624,-5.61348819732666,,-8.577134132385254,0.4231768250465393,0.4246412813663482,0.529708206653595,0.6274267435073853,,0.4507400095462799,,0.601956844329834,,0.7843675017356873,0.6135705709457397,0.5781755447387695,0.5118721723556519,0.7402752637863159,0.6657779812812805,0.0209729243069887,0.0960403680801391,0.1452769190073013,0.0551390275359153,,0.1301959753036499,,0.2121697664260864,,0.2581184506416321,0.2243439108133316,0.2530056834220886,0.1447414457798004,0.215032622218132,0.1916825473308563
P088,15,92,79.61206916098745,16.769435313593785,Review,low,optical flood without radar growth afterwards,0.73,0.39,5.9,12,07-19,07-31,Review,low,-15.097448348999023,-12.40189266204834,-13.791044235229492,-14.187052726745604,-17.977388381958008,-19.059633255004883,-16.621503829956055,-18.31270980834961,-16.467121124267578,-15.934974670410156,,-16.475202560424805,-14.752835273742676,,-12.384193420410156,4.161196708679199,4.714931488037109,3.9503698348999023,2.690113067626955,-3.0040273666381836,-0.5202102661132812,4.400582313537598,1.0135622024536133,1.3913259506225586,1.3527259826660156,,0.23297786712646484,0.021309852600097656,,3.0014004707336426,-7.857248783111572,-5.256145477294922,-6.661804676055908,-10.26701831817627,-9.126423835754396,-12.802762985229492,-7.143829345703125,-7.1229400634765625,-8.248099327087402,-9.678817749023438,,-10.113906860351562,-8.756980895996094,,-7.91744327545166,0.4371157884597778,0.3868089020252228,0.239576980471611,0.1615778803825378,,0.1274982541799545,,0.5210424065589905,,0.7287644743919373,0.6890474557876587,0.4536157846450805,0.5974463820457458,0.6162205338478088,0.304941713809967,0.0269593615084886,0.109835609793663,-0.0113840801641345,-0.0233847144991159,,0.1317841708660125,,0.252877414226532,,0.302661120891571,0.3213521838188171,0.2295335233211517,0.3081622719764709,0.2913663387298584,0.0329279005527496
P089,15,92,79.6080267422089,16.786413472463643,Review,low,radar dip but optical shows dry soil soon after,0.81,0.16,8.8,10,10-11,07-31,Review,low,-20.377758026123047,-16.807931900024414,-17.18276023864746,-16.602245330810547,-14.91575813293457,-21.35584259033203,-21.408288955688477,-17.94960594177246,-18.133079528808594,-16.38593101501465,,-20.991491317749023,-14.538820266723633,,-12.599902153015137,-1.6897716522216797,0.27484893798828125,0.5586538314819336,0.2749204635620117,0.31116676330566406,-2.8508081436157227,-1.2786273956298828,1.3766660690307617,-0.6713981628417969,0.9017696380615234,,-4.382740020751953,0.3205990791320801,,2.785691738128662,-11.77357006072998,-9.268898963928224,-7.935071468353272,-10.73257064819336,-8.356603622436523,-12.90298557281494,-12.396836280822754,-8.857678413391113,-9.981392860412598,-11.030216217041016,,-11.22949504852295,-8.271440505981445,,-11.433242797851562,0.2294655442237854,0.1613150238990783,0.1616838276386261,0.1351606249809265,,0.1832617223262787,,0.6604360342025757,,,0.8118503093719482,,0.7411308884620667,0.5811939835548401,0.2615033984184265,-0.1537568569183349,-0.1214759647846221,-0.1107268929481506,-0.078911542892456,,0.1437054276466369,,0.3247328400611877,,,0.4035914540290832,,0.3851425945758819,0.2520358860492706,-0.0541519746184349
P090,15,92,79.64279154370433,16.80042719089591,Review,low,radar dip but optical shows dry soil soon after,0.82,0.27,4.8,12,08-24,,Review,low,-18.78542137145996,-19.15884017944336,-17.448644638061523,-16.93076515197754,-14.700364112854004,-17.46024513244629,-18.117719650268555,-24.059547424316406,-20.51471710205078,-18.278963088989254,,-17.23725128173828,-16.020692825317383,,-15.747122764587402,0.6892795562744141,-2.04201602935791,0.15982723236083984,-0.21785926818847656,0.5368547439575195,1.6337766647338867,3.6896095275878906,-5.433938026428223,-3.0530357360839844,-1.8503561019897425,,-0.6284999847412109,-1.3531317710876465,,-0.761542797088623,-11.706258773803713,-8.628091812133789,-9.411227226257324,-12.40351104736328,-4.748270034790039,-8.74057388305664,-10.124938011169434,-15.4425630569458,-11.255183219909668,-8.159972190856934,,-9.032309532165527,-10.079988479614258,,-9.249848365783691,0.2266024649143219,0.3243712782859802,0.274574726819992,0.1825841218233108,,0.1769930720329284,,0.3413504064083099,,0.6424582600593567,0.7857077121734619,0.6765838861465454,0.8185158967971802,0.8014448881149292,0.6506553292274475,-0.1062983274459838,-0.0340343974530696,-0.014477732591331,-0.0836685299873352,,-0.09036485850811,,0.2734578251838684,,0.3036423027515411,0.3518689572811126,0.3271306455135345,0.382902055978775,0.4023750424385071,0.3091679215431213
P091,16,165,78.77986988177912,16.704756613137178,Review,low,radar dip-and-rise; optical inconclusive,0.54,0.09,7.3,9,06-13,,Other kharif crop,high,-17.88545799255371,-21.012447357177734,-18.86974334716797,-19.94567489624023,-17.82156753540039,-12.600120544433594,-12.670400619506836,-13.479304313659668,-12.183167457580566,-13.914409637451172,-14.858692169189451,-14.46008586883545,-12.587284088134766,-15.78764533996582,-13.361762046813965,1.0459327697753906,-3.2976484298706055,-3.1562857627868652,-2.288059234619137,-1.804654598236084,1.6422820091247559,2.3761892318725586,1.1356830596923828,1.807054042816162,0.5604667663574219,-1.167092800140379,0.010537147521972656,0.5269126892089844,-0.7961645126342791,1.487546443939209,-8.725349426269531,-6.540254592895508,-4.468474388122559,-9.180826187133787,-13.01993465423584,-1.863392949104309,-5.85336971282959,-4.808321475982666,-4.169827461242676,-6.256547451019287,-4.535236835479736,-9.744044303894045,-9.06972599029541,-9.229875564575195,-7.99122953414917,0.1285669803619384,0.0462017878890037,,,,0.5097744464874268,,0.4839958250522613,,0.5377942323684692,0.5428637266159058,,0.4321996569633484,0.4721459150314331,0.458467960357666,-0.1938639283180236,-0.0910171866416931,,,,0.1208325922489166,,0.2907720804214477,,0.1585795879364013,0.1268896162509918,,0.0071859136223793,-0.0362890511751174,-0.0447149947285652
P092,16,165,78.7925361272852,16.72604668537081,Other kharif crop,high,"clear green-up, no flooding",0.73,0.16,8.8,9,10-23,,Other kharif crop,high,-20.56424903869629,-20.644392013549805,-18.2943172454834,-22.196025848388672,-15.614909172058104,-14.85544204711914,-14.622660636901855,-13.905983924865724,-11.75721549987793,-13.451001167297363,-11.83815860748291,-11.883008003234863,-15.142495155334473,-14.67787742614746,-11.224549293518066,-2.530388832092285,-3.1778736114501953,-1.374833106994629,-4.4956159591674805,0.40200376510620295,-1.0139122009277344,-0.12675809860229492,0.22929382324218572,2.233006000518799,0.831937313079834,2.46571683883667,2.532839775085449,-2.4192447662353516,0.6748204231262225,2.8225150108337402,-7.5164384841918945,-7.262486934661865,-8.425312042236328,-7.962143898010254,-9.005267143249512,-3.6879146099090576,-5.638077259063721,-5.467845916748047,-6.398533821105957,-5.676164627075195,-4.931445598602295,-3.654018640518189,-7.363285541534424,-6.336313247680664,-6.732381343841553,0.1629649996757507,,,0.1568238139152526,,0.4673759341239929,,0.6641572713851929,,0.6250851154327393,0.7095056176185608,0.7186250686645508,,0.7326884269714355,0.7217798233032227,-0.1383176892995834,,,-0.0730835646390914,,0.0697566717863082,,0.3139753341674804,,0.2693068385124206,0.2816201746463775,0.2115682065486908,,0.1636804789304733,0.1420947909355163
P093,16,165,78.95531085676765,16.760541992281002,Other kharif crop,high,"clear green-up, no flooding",0.63,0.29,4.9,10,,,Other kharif crop,high,-16.592885971069336,-17.84064292907715,-13.998357772827148,-18.9968204498291,-13.388782501220703,-13.693469047546388,-14.790834426879885,-15.661737442016602,-13.251701354980469,-15.425911903381348,-15.799376487731934,-12.840106964111328,-17.34975242614746,-12.96704387664795,-15.384167671203612,1.8245086669921875,0.36208629608154297,3.0556983947753906,-0.8832864761352539,2.9873242378234863,0.3574686050415039,-0.47356796264648615,-0.8651680946350098,1.8191666603088397,-0.6674866676330566,-2.0529732704162598,1.5337696075439453,-3.7874860763549805,1.2341241836547852,-1.5678138732910138,-10.627274513244627,-10.470694541931152,-8.134984970092773,-11.866374015808104,-7.376048088073731,-6.69566011428833,-8.923030853271484,-9.34796142578125,-10.953938484191896,-9.31230640411377,-7.9752516746521,-6.991543769836426,-7.564205646514893,-10.315505027770996,-7.267984390258789,0.260916918516159,0.3241278529167175,,0.1713903695344925,0.3764625787734985,0.5504909157752991,,0.4502908885478973,,,0.6220065951347351,0.6088559627532959,,0.6291124820709229,0.5980920791625977,-0.190007284283638,-0.0759279951453208,,-0.0014508633175864,0.027998087927699,0.150831714272499,,0.2136845588684082,,,0.0986123979091644,0.1383921653032302,,0.0994910299777984,0.070530965924263
P094,16,165,78.87715742704926,16.64546780438529,Other kharif crop,high,"clear green-up, no flooding",0.62,0.11,10.5,9,,,Other kharif crop,high,-25.22587203979492,-22.517213821411133,-22.12219619750977,-21.527511596679688,-18.8560848236084,-16.378591537475586,-15.291858673095703,-15.018366813659668,-15.40526294708252,-13.491875648498535,-13.777291297912598,-12.776134490966797,-13.369176864624023,-15.305084228515623,-17.095508575439453,-6.885875701904293,-3.8286828994750977,-5.2592325210571325,-2.7400360107421875,-3.190096855163574,-3.0148520469665527,-0.5798678398132324,-0.8830890655517578,-2.8217806816101074,0.4826374053955078,-0.7431216239929199,1.6206002235412598,-0.6459264755249023,-1.0989747047424299,-3.7689528465270996,-11.84626007080078,-9.623161315917969,-0.9980188012123108,-8.451526641845703,-8.71097183227539,-7.268424987792969,-9.628870010375977,-5.192412376403809,-3.4159181118011475,-6.798593997955322,-6.888671398162842,-7.040011405944824,-4.929632663726807,-8.18054485321045,-8.744077682495117,0.1551374793052673,0.0741607174277305,,0.1432611644268036,0.2285652905702591,0.2162346243858337,,0.507290244102478,,,0.6222290992736816,,,0.5396108627319336,0.4966624975204468,-0.1880107522010803,-0.0730606615543365,,-0.049610435962677,-0.0085008358582854,-0.0735640972852706,,0.1379030346870422,,,0.1773876398801803,,,0.0708471089601516,0.0433916226029396
P095,16,165,78.95800580262002,16.775094699883738,Other kharif crop,medium,"moderate green-up, no flooding",0.49,0.19,4.5,9,,,Other kharif crop,medium,-18.825946807861328,-18.87215805053711,-16.825592041015625,-20.024677276611328,-17.34899139404297,-13.79210090637207,-15.822789192199709,-14.672821044921877,-14.847509384155272,-14.753084182739258,-11.734786033630373,-14.376143455505373,-14.73786163330078,-14.357955932617188,-17.579910278320312,-1.207331657409668,-1.1851863861083984,0.22846412658691406,-1.9111433029174805,-1.7920761108398438,0.2588367462158221,-1.5055227279663104,0.6182065010070783,0.22335863113403676,0.3417549133300781,2.491806983947752,-0.27933645248413264,-1.175595283508299,-0.3259449005126953,-3.763556480407715,-10.03288459777832,-10.407081604003906,-12.63486099243164,-12.616474151611328,-8.991223335266113,-8.247212409973145,-9.443976402282717,-8.112207412719727,-7.421677589416504,-9.47779655456543,-7.339985847473144,-7.972907066345215,-9.682257652282717,-8.338298797607422,-9.978635787963867,0.19285848736763,,,0.1391106098890304,0.2626501023769378,0.4351538419723511,,0.4003552794456482,,,0.487918496131897,0.4095722436904907,,0.4870065450668335,0.456355482339859,-0.184781014919281,,,-0.0118704074993729,-0.0666868910193443,0.0350684784352779,,0.1225194633007049,,,0.0449477173388004,0.0668551549315452,,-0.0065748523920774,-0.0314300432801246
P096,16,165,78.95692782427908,16.740329898388314,Review,low,radar dip but optical shows dry soil soon after,0.64,0.23,6.2,11,09-05,,Other kharif crop,high,-18.215801239013672,-18.908523559570312,-16.997535705566406,-20.063377380371097,-15.199467658996582,-15.454826354980469,-14.444048881530762,-14.29816722869873,-18.357513427734375,-16.791866302490234,-17.057483673095703,-14.92491626739502,-15.942055702209473,-14.019641876220703,-11.39279842376709,0.5066661834716797,-0.5521230697631836,0.4519777297973633,-1.2415275573730504,1.8939533233642578,-1.4038887023925763,0.5972976684570312,1.0418848991394043,-3.2866454124450666,-2.0334410667419434,-3.4425735473632812,-1.1337332725524902,-2.379789352416992,0.18152618408203125,3.069406509399414,-9.62147331237793,-10.155878067016602,-9.58851432800293,-14.700870513916016,-7.741672039031982,-8.173381805419922,-7.599698543548584,-8.418551445007324,-9.561124801635742,-10.242926597595217,-7.258087158203125,-8.56877326965332,-6.863615989685059,-9.805577278137209,-8.527249336242676,0.2336190491914749,0.3389531970024109,0.1594808548688888,0.1604818850755691,0.2583384811878204,0.4351094961166382,,0.5928042531013489,,,0.587149977684021,,0.5506730079650879,0.6375557780265808,0.5699836015701294,-0.2077821195125579,-0.0194175094366073,0.0684548914432525,-0.0082488534972071,-0.0232575181871652,0.0522642843425273,,0.1945008337497711,,,0.1336612552404403,,0.154420256614685,0.1172217056155204,0.1231430768966674
P097,17,92,79.74169605648589,16.952152642383695,Perennial,medium,green from June and stable radar all season,0.84,0.46,3.1,9,09-05,,Review,low,-16.38807487487793,-16.956640243530273,-15.75483512878418,-18.90684509277344,-12.037589073181152,-16.473407745361328,-16.26544761657715,-17.1010684967041,-18.95281219482422,-14.53487491607666,,-13.386841773986816,-14.789493560791016,,-15.017699241638184,0.11208820343017578,-1.2392454147338867,0.6890101432800293,-1.361533164978031,4.347056865692139,2.456904411315918,3.730767250061035,1.8361587524414062,-1.613947868347168,3.0159244537353516,,1.9885883331298828,0.06670045852661133,,1.2876100540161133,-11.488776206970217,-11.068853378295898,-9.045137405395508,-9.36654567718506,-8.999480247497559,-8.76451301574707,-8.260970115661621,-11.216361045837402,-10.669870376586914,-7.935468673706055,,-11.159513473510742,-8.051576614379883,,-8.255637168884277,0.4687999486923218,0.4554782807826996,,0.1931956559419632,,0.3002861142158508,,0.4811132848262787,,0.8389681577682495,0.8052380084991455,,,0.7908615469932556,0.5549996495246887,0.0221483651548624,-0.01904814876616,,0.0225360691547393,,0.1180868446826934,,0.2694820761680603,,0.3520862460136413,0.3422830104827881,,,0.392038345336914,0.2405245751142501
P098,17,92,79.69588197699579,16.913614916694968,Other kharif crop,high,"clear green-up, no flooding",0.8,0.25,5.8,9,,,Other kharif crop,high,-13.941832542419434,-12.261672973632812,-15.91271686553955,-19.436674118041992,-17.004016876220703,-16.633602142333984,-19.640775680541992,-18.917457580566406,-18.53972625732422,-15.341588020324709,,-16.155454635620117,-13.060529708862305,,-13.469030380249023,3.224024772644043,4.429532051086426,1.8118677139282227,-0.8608465194702148,-1.2703609466552734,1.5951852798461914,1.1570806503295898,0.47595691680908203,-0.8291587829589844,1.8828783035278303,,-0.780024528503418,1.5129919052124023,,2.744145393371582,-7.356231689453125,-8.929556846618652,-9.01762580871582,-11.009385108947754,-9.68418788909912,-9.103227615356444,-11.511062622070312,-7.261303901672363,-7.346872806549072,-9.220521926879885,,-8.05761432647705,-8.721731185913086,,-6.933389663696289,0.2643063962459564,0.2316108644008636,,,,0.1549853384494781,,0.4926778078079223,,0.7932736277580261,0.7990643382072449,,0.7964668273925781,0.721007764339447,0.4270484745502472,-0.0561753548681736,-0.0833897143602371,,,,0.0265585537999868,,0.2483688592910766,,0.2444582879543304,0.3047943115234375,,0.3895590305328369,0.3517395257949829,0.0664145946502685
P099,17,92,79.70908721167235,16.98179704675964,Perennial,medium,green from June and stable radar all season,0.83,0.55,4.3,10,,,Review,low,-15.190899848937988,-12.368691444396973,-15.043944358825684,-14.382186889648438,-13.383427619934082,-16.250181198120117,-14.938202857971191,-14.033964157104492,-13.63214111328125,-13.774001121520996,,-13.498537063598633,-10.34762191772461,,-16.207746505737305,2.2924299240112305,4.322513580322266,1.3999009132385254,4.19364070892334,2.843381404876709,2.680130958557129,5.269679069519043,4.903263092041016,4.175081253051758,3.336005210876465,,1.8768930435180664,4.225899696350098,,0.22590255737304688,-7.652494430541992,-6.316163539886475,-9.09321403503418,-5.794239521026611,-5.838282585144043,-9.670039176940918,-7.591649055480957,-7.711514472961426,-10.63058090209961,-5.608922004699707,,-5.943935871124268,-6.871665954589844,,-6.5468878746032715,0.5498877167701721,0.5483385324478149,,0.4811124205589294,,0.3266973495483398,,0.626084566116333,,0.8262617588043213,0.7799628973007202,,0.6634880900382996,0.8000034093856812,0.657642126083374,0.036159586161375,0.0433439686894416,,0.0440390817821025,,0.2029567956924438,,0.3268689513206482,,0.3290463387966156,0.3071609139442444,,0.3765473067760467,0.305404931306839,0.2360273897647857
P100,17,92,79.69588197699579,16.916579357132562,Paddy,medium,optical flood + radar growth afterwards (shallow dip),0.9,0.25,6.3,10,,07-31,Review,low,-18.271595001220703,-19.116670608520508,-19.16604232788086,-20.515789031982425,-19.40345573425293,-22.97238540649414,-21.18391990661621,-20.20455551147461,-17.07944679260254,-16.721363067626953,,-15.244626998901367,-14.586753845214844,,-17.90748405456543,-1.730025291442871,-2.8142480850219727,-2.251974105834961,-1.939961433410648,-3.6697998046875,-5.466980934143066,-0.8021965026855469,-1.1116018295288086,0.8400611877441406,0.36353397369384766,,0.2914614677429199,-0.09283733367919922,,-2.138601303100586,-8.391980171203613,-10.595934867858888,-9.763733863830566,-9.882757186889648,-10.995246887207031,-11.355496406555176,-11.933424949645996,-7.847614765167236,-10.62124252319336,-9.790606498718262,,-9.80136489868164,-8.462791442871094,,-9.231243133544922,0.380012571811676,0.1291944682598114,,0.1452355831861496,,0.1040315181016922,,0.6587928533554077,,0.8967530131340027,0.8602123260498047,,0.5318621397018433,0.3378806114196777,0.2349562346935272,-0.0499170012772083,-0.1599859446287155,,-0.0805949121713638,,0.1877804398536682,,0.3256222009658813,,0.4040871262550354,0.4006020128726959,,0.216959536075592,-0.0567395463585853,-0.0423178896307945
P101,17,92,79.75058937779868,16.956734050332706,Review,low,optical flood without radar growth afterwards,0.82,0.22,4.3,9,,07-31,Review,low,-16.695064544677734,-16.425769805908203,-18.54448699951172,-19.414302825927734,-17.158777236938477,-18.75751495361328,-18.80980110168457,-16.413728713989258,-17.598281860351562,-17.727569580078125,,-14.442669868469238,-14.42754364013672,,-16.464426040649414,-0.34839630126953125,0.6244935989379883,-2.7107110023498535,-1.8689908981323242,-2.395529270172119,-0.5505857467651367,1.5719223022460938,2.679224967956543,0.6796627044677734,-0.6798734664916992,,1.1207242012023926,0.26058006286620916,,-1.106938362121582,-8.92365837097168,-9.325594902038574,-7.111597061157227,-9.319954872131348,-10.569751739501951,-10.676362037658691,-12.570724487304688,-7.696469306945801,-8.835492134094238,-10.551809310913086,,-8.998560905456543,-9.919979095458984,,-9.80215549468994,0.2308308035135269,0.2185653001070022,,0.1707715541124344,,0.1328403949737548,,0.5707481503486633,,,0.8162020444869995,,0.7175201773643494,0.7279101610183716,0.315894067287445,-0.0589680075645446,-0.1054917275905609,,-0.0618717148900032,,0.1639683842658996,,0.2778725624084472,,,0.326956570148468,,0.4238620400428772,0.3330477774143219,0.0984556823968887
P102,17,92,79.72822132722409,16.96616636081596,Paddy,high,radar dip-and-rise + optical flood within 3 weeks,0.88,0.15,5.9,10,07-31,07-31,Paddy,high,-20.55567169189453,-18.755603790283203,-20.032981872558594,-21.651336669921875,-17.357343673706055,-26.229427337646484,-20.351654052734375,-18.95699691772461,-18.016162872314453,-17.747982025146484,,-18.17608642578125,-14.56028938293457,,-16.989410400390625,-4.209003448486328,-3.6762290000915527,-4.358955383300781,-4.290068626403809,-3.5282325744628906,-9.257251739501953,-0.32536983489990234,0.11618709564208984,-0.6772985458374023,-0.5235157012939453,,-3.2529425621032715,0.12783432006835938,,-1.193058967590332,-11.505630493164062,-10.68023681640625,-7.441428184509277,-9.272133827209473,-8.081742286682129,-13.838737487792969,-8.3348388671875,-7.324700832366943,-9.781149864196776,-9.287785530090332,,-11.497207641601562,-8.348760604858398,,-13.335148811340332,0.1733962595462799,0.1241569370031356,,0.0964246690273284,,0.1104086264967918,,0.555121123790741,,0.8845266103744507,0.8405396938323975,,0.7369040250778198,0.762282133102417,0.5632710456848145,-0.1915518045425415,-0.1854480803012848,,-0.1522708684206009,,0.0759096890687942,,0.2809385955333709,,0.3643601536750793,0.3481719195842743,,0.3921512365341186,0.3965291380882263,0.2519355416297912
P103,18,165,79.26172620018083,17.471199213547955,Other kharif crop,high,"clear green-up, no flooding",0.99,0.17,8.1,10,"09-29, 11-04",,Other kharif crop,high,-20.961252212524418,-22.372041702270508,-19.978778839111328,-18.255578994750977,-21.03988265991211,-16.888853073120117,-14.759354591369627,-13.599610328674316,-13.757452011108398,-13.395966529846191,-17.305173873901367,-14.428000450134276,-12.703359603881836,-18.252094268798828,-14.58407497406006,-0.9956865310668981,-1.5143146514892578,-3.300931930541992,0.40593528747558594,-4.925362586975098,-1.0792999267578125,1.0367174148559588,1.0487818717956543,1.3819351196289062,0.6713161468505859,-3.1334524154663086,0.2646193504333514,1.3992009162902814,-3.2746596336364746,1.3434925079345685,-11.941021919250488,-14.08919906616211,-9.295488357543944,-14.345831871032717,-6.975960731506348,-7.966076374053955,-8.283673286437988,-8.539938926696777,-7.626148223876953,-9.276948928833008,-10.77616024017334,-8.205343246459961,-7.841192245483398,-8.989761352539062,-9.27971076965332,0.1708826720714569,0.1499823927879333,0.2533155679702759,0.2951808273792267,,,0.990569233894348,0.626582145690918,,,0.8144298791885376,,0.298058271408081,0.2807718813419342,0.2630442976951599,-0.0060083451680839,-0.2688253819942474,0.1266951113939285,0.1056273207068443,,,0.3950785398483276,0.2698722779750824,,,0.3622590601444244,,-0.0134826321154832,-0.1883468776941299,-0.1834453493356704
P104,18,165,79.26522962978889,17.526715098106543,Other kharif crop,high,"clear green-up, no flooding",0.59,0.38,7.5,10,,,Review,low,-19.399215698242188,-23.99574279785156,-16.08370018005371,-20.636293411254883,-18.171350479125977,-15.472848892211914,-17.449106216430664,-14.246074676513672,-16.45883560180664,-14.182729721069336,-15.044197082519531,-14.510309219360352,-10.658957481384276,-14.840109825134276,-15.411687850952148,0.566349983215332,-3.138015747070309,0.594146728515625,-2.4587888717651367,-2.267611026763916,-0.0879831314086914,-2.8874287605285645,0.06652688980102361,-2.392425537109375,-1.0335650444030762,-0.8724756240844727,-0.10950756072998047,3.5938038825988787,0.37728452682495295,0.5158796310424805,-10.58423137664795,-12.37924575805664,-9.855876922607422,-11.16835117340088,-4.9338250160217285,-6.558308124542236,-8.15727710723877,-6.590904235839844,-7.287144660949707,-10.24157428741455,-7.458854675292969,-7.498228073120117,-6.452322006225586,-7.399898529052734,-9.488499641418455,0.4372922778129577,,0.3145202398300171,0.3048110604286194,,0.4371024072170257,,0.5680505037307739,,,0.5910511612892151,0.4826618134975433,0.5848210453987122,0.5838414430618286,0.4930244088172912,-0.0638748705387115,,-0.1255306303501129,-0.1288584023714065,,0.1063243076205253,,0.081767201423645,,,0.1238144785165786,0.0546400845050811,0.0680330395698547,0.0505859814584255,-0.0183985829353332
P105,18,165,79.22857836619681,17.573337661352344,Perennial,medium,green from June and stable radar all season,0.85,0.46,3.0,14,,,Review,low,-15.929295539855955,-15.875515937805176,-14.506832122802734,-17.052396774291992,-13.986722946166992,-11.52960205078125,-12.976086616516112,-14.879751205444336,-13.212496757507324,-12.527682304382324,-12.85976505279541,-13.978378295898438,-13.002100944519045,-14.933331489562988,-15.461082458496094,3.841896057128908,5.815499305725098,2.0460290908813477,1.125107765197754,2.796579360961914,4.702816963195801,1.8031859397888201,-0.5953850746154785,2.012786388397217,1.7545528411865234,2.8563833236694336,0.49077653884887695,0.9582719802856428,0.28406286239624023,0.2797060012817383,-7.686875820159912,-9.287653923034668,-4.7338056564331055,-9.621033668518066,-4.183086395263672,-7.388800621032715,-7.885782718658447,-6.2734222412109375,-7.546724319458008,-9.688156127929688,-6.620806694030762,-7.667299270629883,-7.705296039581299,-9.804393768310549,-9.170825958251951,0.4386600852012634,0.4563778042793274,0.48895925283432,0.6189894080162048,0.5228638648986816,0.643835186958313,0.852924644947052,0.8435915112495422,,0.8057631254196167,0.8078077435493469,0.7342066764831543,0.7663317322731018,0.7557633519172668,0.6546319723129272,-0.0764977633953094,-0.1150305271148681,0.0074656964279711,0.1027165353298187,0.1633808463811874,0.3231112062931061,0.3096880912780761,0.269223690032959,,0.2812505960464477,0.2454267144203186,0.2578890323638916,0.1873657554388046,0.1682723313570022,0.1066779941320419
P106,18,165,79.20567132645176,17.55932394292008,Review,low,radar dip but optical shows dry soil soon after,0.68,0.14,10.6,14,"06-25, 11-16",,Other kharif crop,high,-22.117097854614254,-23.093482971191406,-23.11756896972656,-22.108407974243164,-17.798765182495117,-16.590429306030273,-13.692082405090332,-14.036256790161133,-15.16382884979248,-12.710339546203612,-14.881563186645508,-10.8087739944458,-12.524408340454102,-15.064776420593262,-20.250343322753903,-2.5319948196411097,-3.026310920715332,-7.52224779129028,-4.53249454498291,-1.6842451095581055,-0.7808761596679688,1.0871901512145996,0.3335886001586914,-0.3327760696411133,1.5718955993652362,0.8345851898193359,3.6603808403015137,1.435964584350586,0.08689546585083008,-4.813958168029782,-13.808465957641602,-13.727416038513184,-10.026952743530272,-11.115015983581545,-11.471567153930664,-8.253664016723633,-9.559832572937012,-6.852002143859863,-6.585811614990234,-5.651097774505615,-7.738454818725586,-6.768120288848877,-7.212437152862549,-10.555625915527344,-11.610618591308594,0.1359401643276214,0.1112191081047058,0.1794929802417755,0.1840801835060119,0.2768476605415344,0.4259979128837585,0.5440322756767273,0.6098045110702515,0.6772208213806152,,0.5742841958999634,0.4606729745864868,0.6223657131195068,0.5757389664649963,0.2376556098461151,-0.1848070621490478,-0.1702863574028015,-0.107711911201477,-0.0606039389967918,-0.0052723996341228,0.1691984236240387,0.282775729894638,0.1801605224609375,0.225983589887619,,0.1452655494213104,0.144000768661499,0.1160188913345336,0.0868704542517662,-0.1111997216939926
P107,18,165,79.26981103773791,17.55528152414154,Other kharif crop,high,"clear green-up, no flooding",0.69,0.37,9.9,12,,,Other kharif crop,high,-22.08730125427246,-23.852916717529297,-19.933664321899418,-21.208559036254883,-16.210901260375977,-20.77982521057129,-17.134939193725586,-18.686635971069336,-18.553207397460938,-14.7924222946167,-11.633410453796388,-15.743891716003418,-13.033178329467772,-14.488272666931152,-13.472190856933594,-4.393975734710693,-2.995189666748047,-3.7249784469604528,-3.632645606994629,-0.307161808013916,-5.731663703918457,-2.5732617378234863,-4.4595136642456055,-3.8080506324768066,-1.6432576179504395,3.329469680786131,-1.5679011344909668,1.1936902999877947,0.7291216850280762,2.293294906616211,-14.412226676940918,-15.60803508758545,-10.06650733947754,-12.21733570098877,-9.009678840637209,-14.444948196411133,-7.7314372062683105,-6.319797039031982,-7.137454032897949,-8.22343921661377,-8.911731719970703,-8.644601821899414,-6.5193023681640625,-10.259404182434082,-7.473766326904297,0.4713466465473175,,0.2634328305721283,0.3658637404441833,0.3782616853713989,0.5226050615310669,0.6600536704063416,0.6517695784568787,,,0.6659502387046814,0.5482438802719116,0.686150074005127,0.6241263747215271,0.5484723448753357,-0.055508192628622,,-0.2220711261034011,-0.1524845659732818,-0.0231540538370609,0.1180686950683593,0.2855640947818756,0.2619016766548157,,,0.2200857847929,0.1787395030260086,0.0801647827029228,0.081277497112751,0.0152663178741931
P108,18,165,79.20647981020748,17.522672679328004,Other kharif crop,high,"clear green-up, no flooding",0.6,0.36,3.3,13,,,Other kharif crop,high,-12.969368934631348,-16.31937599182129,-12.400227546691896,-16.306427001953125,-16.018138885498047,-12.814867973327637,-14.36400032043457,-13.782644271850586,-13.48021411895752,-12.721923828125,-13.46187973022461,-13.187189102172852,-14.74479866027832,-17.002513885498047,-14.002313613891602,6.996196746826172,5.371639251708984,3.195093631744383,2.06626033782959,-0.018018245697021484,3.639636993408203,1.4320716857910156,0.5872011184692383,1.289384365081787,1.4362034797668457,1.5010004043579102,1.281965732574463,-1.594144344329834,-2.0514259338378906,1.7631721496582031,-5.398125648498535,-9.644777297973633,-6.893407344818115,-8.055750846862793,-4.917080879211426,-8.011117935180664,-5.924121379852295,-8.18664264678955,-8.12093448638916,-9.485960960388184,-5.912065505981445,-9.25359344482422,-6.36916446685791,-7.725566864013672,-8.239696502685547,0.3611823916435241,0.3865375518798828,0.349481999874115,0.3450784683227539,0.3865618109703064,0.3681762814521789,0.4567137956619262,0.4443751573562622,,0.5503183603286743,0.6041151285171509,0.4947909712791443,,0.5670998096466064,0.4960739016532898,0.004500173497945,-0.0001177800586447,0.0335327722132205,0.0460800603032112,0.0506313852965831,0.2515805959701538,0.2482284009456634,0.2144145667552948,,0.2062622606754303,0.1641576886177063,0.1377685964107513,,0.1574594378471374,0.0979830920696258
P109,19,165,78.73405580228902,16.694785313483454,Other kharif crop,high,"clear green-up, no flooding",0.73,0.3,4.3,7,,,Other kharif crop,high,-20.207565307617188,-15.797857284545898,-13.69980525970459,-19.4173526763916,-17.535409927368164,-17.359050750732422,-18.34020614624023,-21.044967651367188,-15.582953453063965,-17.60748863220215,-14.56747341156006,-14.60786247253418,-12.10927391052246,-16.141475677490234,-14.083854675292969,-1.88433837890625,2.4513425827026367,2.0136523246765137,-1.6138782501220703,-1.288050651550293,-3.5175209045410156,-3.2936162948608363,-6.909689903259277,-2.936150074005127,-3.5400924682617188,-0.8758740425109881,-0.21112775802612305,1.0049228668212908,-1.1499948501586932,0.6378645896911621,-10.181597709655762,-8.884333610534668,-8.119254112243652,-10.810386657714844,-7.614275455474853,-10.411661148071287,-13.144006729125977,-10.66287612915039,-8.080918312072754,-6.973362445831299,-7.655635356903076,-9.659977912902832,-10.40071964263916,-8.997453689575195,-7.3490400314331055,0.2368100583553314,0.3622622489929199,,,,0.4493445754051208,,0.5066497325897217,,,0.6524096727371216,,,0.7346838116645813,0.6456590890884399,-0.085867054760456,-0.032071303576231,,,,0.2443819195032119,,0.2611494660377502,,,0.2898721098899841,,,0.2798462510108948,0.2254733443260193
P110,19,165,78.70306392498689,16.551683688723212,Review,low,radar dip but optical shows dry soil soon after,0.77,0.28,3.5,7,07-31,,Other kharif crop,high,-16.758647918701172,-14.826635360717772,-14.518499374389648,-17.786317825317383,-17.219881057739258,-20.67766571044922,-18.33924102783203,-16.37567138671875,-16.682771682739258,-17.943323135375977,-16.60799789428711,-15.165851593017578,-16.88911247253418,-15.562074661254885,-15.433164596557615,2.031778335571289,2.8881635665893572,0.04554462432861328,0.8326740264892578,-0.26454830169677734,-7.1342997550964355,-2.473909854888916,-1.7606840133666992,-4.03596830368042,-3.815823554992676,-2.7141313552856445,-0.7691168785095215,-4.540833473205566,-0.7381200790405291,-1.3861002922058088,-10.228711128234863,-10.367448806762695,-5.9720330238342285,-10.548072814941406,-3.4895458221435547,-12.595865249633787,-13.66094207763672,-10.358280181884766,-8.235895156860352,-8.103116035461426,-10.345550537109377,-10.187071800231934,-9.064987182617188,-9.39402198791504,-10.351115226745604,0.2777995467185974,,,,,0.4113922715187073,,0.4394488334655761,,,0.7687058448791504,0.5729501843452454,,0.7177988886833191,0.6761733889579773,-0.0589281655848026,,,,,0.2322457283735275,,0.3107200264930725,,,0.3155156075954437,0.1829456090927124,,0.2493020296096801,0.2156697362661361
P111,19,165,78.75857980954548,16.710954988597603,Other kharif crop,medium,"moderate green-up, no flooding",0.49,0.23,7.7,7,09-17,,Other kharif crop,medium,-16.066139221191406,-16.671968460083008,-14.429564476013184,-14.27882480621338,-16.119462966918945,-14.10737419128418,-17.352781295776367,-13.9920015335083,-12.469213485717772,-21.865619659423828,-19.059171676635746,-21.651363372802734,-17.271038055419922,-24.178972244262695,-18.644487380981445,2.2570877075195312,1.3289508819580078,3.019948959350586,4.34016704559326,-0.30374813079833984,-0.13081598281860352,-2.946208953857422,0.14327621459960938,1.5210080146789569,-7.798223495483398,-5.150387287139896,-7.2988667488098145,-4.547787666320801,-9.187491416931154,-4.889673709869385,-7.041888236999512,-9.244173049926758,-8.101480484008789,-9.75770378112793,-8.641070365905762,-7.140905380249023,-8.169386863708496,-9.478161811828612,-2.898712635040283,-10.891335487365724,-8.631797790527344,-12.196941375732422,-8.243060111999512,-11.011301040649414,-12.235844612121582,0.2323958277702331,,,0.4299033582210541,,0.4938796162605285,,0.3063720464706421,,,0.1824268847703933,,,0.2663107514381408,0.2873147130012512,-0.1463456153869629,,,0.0294210575520992,,0.1463549733161926,,0.1141201704740524,,,-0.1108676940202713,,,-0.0939975082874298,-0.0823290795087814
P112,19,165,78.81490417785977,16.62983711844161,Other kharif crop,high,"clear green-up, no flooding",0.72,0.15,7.0,7,,,Other kharif crop,high,-19.398590087890625,-18.46853828430176,-19.037586212158203,-19.75432014465332,-15.717066764831545,-14.869646072387695,-15.947986602783203,-15.843372344970703,-12.342571258544922,-14.7293701171875,-15.960144996643066,-12.670889854431152,-12.03296184539795,-13.48724365234375,-11.695889472961426,-0.4016580581665039,-0.7537393569946325,-4.473542213439941,-1.1353282928466797,1.2382659912109357,-1.326280117034912,-0.39525270462036133,-1.708094596862793,0.304232120513916,-0.754857063293457,-2.268545627593994,1.7258448600769043,0.8535647392272949,1.5042371749877912,2.351174831390381,-8.98599910736084,-5.867742538452148,-4.804670810699463,-11.648380279541016,-1.0044124126434326,-7.834282398223877,-7.798907279968262,-6.0489397048950195,-9.18356990814209,-6.465787887573242,-6.935198783874512,-6.864603042602539,-5.003495693206787,-5.671768665313721,-8.417851448059082,0.1479970961809158,,,0.1897942870855331,,0.3576777577400207,,0.6626192331314087,,,0.7169281244277954,,,0.6341104507446289,0.6087300777435303,-0.1995996236801147,,,0.0324961058795452,,-0.037971019744873,,0.2459817975759506,,,0.2309563755989074,,,0.1048139184713363,0.1064584776759147
P113,19,165,78.83619425009341,16.622560764640244,Other kharif crop,high,"clear green-up, no flooding",0.73,0.2,7.2,7,,,Other kharif crop,high,-18.182262420654297,-17.399736404418945,-14.69852352142334,-17.82063102722168,-16.375255584716797,-13.575685501098633,-14.801321029663086,-14.058947563171388,-12.824393272399902,-12.082807540893556,-10.574198722839355,-14.333383560180664,-10.03537940979004,-15.400311470031738,-14.010273933410645,1.4228334426879883,0.8494634628295898,1.6634173393249512,1.7652053833007812,0.4521808624267578,0.23352479934692383,1.0640101432800293,0.5560398101806623,-0.4185009002685547,2.0446920394897443,3.3196678161621094,-0.715273380279541,2.8511471748352033,-0.8899602890014648,-0.28746557235717773,-9.311925888061523,-9.180023193359377,-5.856736660003662,-10.256152153015137,-10.060088157653809,-4.748312473297119,-7.979769706726074,-6.201327800750732,-4.875631332397461,-5.832507610321045,-4.184567928314209,-5.383315086364746,-6.422766208648682,-8.302812576293945,-9.388935089111328,0.200988084077835,,,0.2152268588542938,,0.3628435134887695,,0.6692851781845093,,,0.7279194593429565,,,0.5626482963562012,0.4658170938491821,-0.1212667971849441,,,0.0622552931308746,,0.0979774817824363,,0.3138864040374756,,,0.3104960322380066,,,0.185387521982193,0.0174728129059076
P114,19,165,78.78067836553483,16.62983711844161,Other kharif crop,high,"clear green-up, no flooding",0.69,0.33,2.7,8,,,Other kharif crop,high,-12.549241065979004,-12.927041053771973,-12.562178611755373,-14.84026336669922,-13.120909690856934,-12.965599060058594,-14.08016586303711,-14.211607933044434,-11.834186553955078,-14.220382690429688,-12.373458862304688,-11.53812313079834,-11.273104667663574,-13.458148956298828,-12.260639190673828,7.055854797363281,5.3221588134765625,3.9342417716979963,4.74557304382324,3.834423065185547,0.8759307861328125,1.7851653099060059,0.32704925537109375,0.8126168251037598,-0.24586963653564453,1.5204076766967773,2.858611583709717,1.61342191696167,1.533331871032713,1.7864251136779785,-7.402074813842773,-8.500073432922363,-6.972025394439697,-8.235156059265137,-7.060617923736572,-6.930230140686035,-7.5833330154418945,-6.39619779586792,-6.988037109375,-9.328968048095703,-6.362432479858398,-8.068259239196777,-5.962528705596924,-7.394089698791504,-9.44559097290039,0.3258967995643616,,,0.3037320375442505,,0.4903461933135986,,0.4915548861026764,,0.5207775235176086,0.693406343460083,,,0.6207641363143921,0.5765655040740967,-0.0357731059193611,,,0.1136432290077209,,0.1503688991069793,,0.2268381714820861,,0.320188045501709,0.2558717727661133,,,0.1205416470766067,0.0550901368260383
P115,20,165,79.08305129016945,16.889899393194213,Other kharif crop,high,"clear green-up, no flooding",0.62,0.28,5.3,10,09-05,,Other kharif crop,high,-18.857046127319336,-19.27681541442871,-19.46956443786621,-18.337635040283203,-16.845239639282227,-18.14805030822754,-13.602364540100098,-13.98826026916504,-19.223567962646484,-16.98554229736328,-14.27378273010254,-16.908260345458984,-14.455257415771484,-15.257213592529297,-15.110563278198242,-1.4635677337646484,0.6227760314941406,-2.334077835083008,0.8384742736816406,-0.33824634552001953,-2.880094528198242,1.9746723175048828,1.8080964088439924,-4.398018836975098,-1.1295161247253418,0.23613119125366033,-2.2694687843322754,0.7215733528137207,-1.0643987655639648,1.2352495193481445,-11.395838737487791,-10.227810859680176,-11.213830947875977,-12.28427028656006,-10.173580169677734,-9.276216506958008,-10.281414985656738,-10.089770317077637,-8.65013313293457,-8.366402626037598,-7.182772159576416,-8.947644233703613,-7.505027294158936,-10.949501037597656,-9.220783233642578,0.3443186283111572,0.1546440422534942,0.2756548523902893,0.2423541992902755,,0.4238662421703338,,0.5413776636123657,,,0.6203482747077942,,0.5464390516281128,0.5852243900299072,0.5375840067863464,-0.1047984808683395,-0.1650801748037338,-0.0810155048966407,-0.1285400092601776,,0.0373828969895839,,0.1046132519841194,,,0.1036785691976547,,0.1368077844381332,0.0874585956335067,0.0483163893222808
P116,20,165,79.03103883521894,16.810398490549634,Other kharif crop,high,"clear green-up, no flooding",0.53,0.13,11.5,9,,,Other kharif crop,high,-22.50811195373535,-24.27899169921875,-24.06280517578125,-20.467769622802734,-15.193556785583496,-15.380739212036133,-17.02297019958496,-15.835603713989258,-14.98568630218506,-15.65949535369873,-11.345839500427246,-13.176661491394045,-12.547625541687012,-14.04438018798828,-14.13335418701172,-3.78564453125,-5.20450496673584,-7.173432350158691,-1.9755125045776367,1.9035587310791016,-1.3298015594482404,-2.3346304893493652,-0.12618017196655273,-0.6623172760009783,-0.9010701179504395,2.6363134384155273,0.6653308868408185,2.071967124938965,1.0233240127563494,1.1140112876892072,-9.525148391723633,-8.634781837463379,-3.611477851867676,-6.754382133483887,-4.051158905029297,-4.3150315284729,-6.329390525817871,-4.4354777336120605,-4.831220626831055,-6.914969444274902,-5.2259135246276855,-8.095123291015625,-6.121177673339844,-7.037416934967041,-6.8259077072143555,0.1432190090417862,0.1206110417842865,,0.1112306043505668,,0.321742832660675,,0.4930848181247711,,,0.4270825684070587,0.3755635321140289,,0.525126039981842,0.4957368373870849,-0.2001121342182159,-0.1872803568840026,,-0.0833431258797645,,-0.0021956390701234,,0.1282227635383606,,,0.0598174706101417,0.0812495648860931,,0.0938190817832946,0.0670045018196106
P117,20,165,79.00381988211011,16.799888201725437,Review,low,radar dip but optical shows dry soil soon after,0.79,0.16,6.0,10,06-25,,Other kharif crop,high,-18.618988037109375,-17.151508331298828,-21.73314094543457,-18.646879196166992,-18.08488655090332,-11.973769187927246,-13.811767578125,-13.73381519317627,-12.975652694702148,-14.29145622253418,-11.600305557250977,-13.822004318237305,-12.871010780334473,-13.493635177612305,-11.862869262695312,-0.098114013671875,2.290024757385254,-4.843768119812012,0.5605125427246094,-1.5912542343139648,2.548847198486328,1.2698631286621094,2.0625414848327637,1.8925018310546875,0.8033828735351562,2.615963935852051,-0.010833263397216797,2.237977504730223,1.1244401931762695,3.140537261962889,-8.495619773864746,-9.085880279541016,-7.567493915557861,-8.17928695678711,-2.790013551712036,-4.792026519775391,-4.91481351852417,-3.8195505142211914,-5.075648307800293,-5.231867790222168,-4.718531608581543,-6.89630651473999,-6.422218322753906,-4.611813545227051,-6.371576309204102,0.1731916517019271,0.1457353830337524,,0.102813072502613,0.2101039737462997,0.304898589849472,,0.6043504476547241,,,0.7860515117645264,,0.5338255167007446,0.7033831477165222,0.6747035384178162,-0.2389149069786071,-0.2317438274621963,,-0.1816498190164566,-0.0203368086367845,-0.0397942103445529,,0.2144535034894943,,,0.2819728553295135,,0.2316751033067703,0.2186830639839172,0.2030024379491806
P118,20,165,79.19327457553092,16.870765277642466,Other kharif crop,high,"clear green-up, no flooding",0.75,0.41,8.3,9,"06-13, 11-04",,Other kharif crop,high,-14.814119338989258,-20.20250701904297,-16.815519332885742,-19.750267028808594,-16.537532806396484,-19.03945541381836,-20.77983665466309,-18.124683380126953,-15.433958053588867,-14.660287857055664,-11.30142307281494,-12.841605186462402,-11.408663749694824,-17.232885360717773,-14.541570663452148,2.0862207412719727,-2.454845428466797,-1.0815410614013672,-2.0799074172973633,1.1828765869140625,-1.6833181381225586,-3.5357503890991246,-1.3317174911499023,-0.13388299942016602,1.1511282920837402,2.9782819747924822,2.1137914657592773,3.3565402030944824,-1.7407417297363281,3.4361610412597656,-7.202284812927246,-12.257752418518066,-6.791556358337402,-10.072199821472168,-6.910176753997803,-13.429407119750977,-7.538056373596191,-9.69798469543457,-9.960156440734863,-8.964194297790527,-6.83285665512085,-7.69770097732544,-8.867310523986816,-6.968923091888428,-8.52757740020752,0.4935621619224548,0.334364116191864,,0.1467750519514084,,0.3217135667800903,,0.5430898070335388,,0.7003192901611328,0.7511526346206665,,,0.5671089291572571,0.4389064013957977,0.0360407941043376,-0.073564700782299,,0.0177247561514377,,0.081791341304779,,0.2097885608673095,,0.3022090494632721,0.2993101775646209,,,0.1209026202559471,0.021444521844387
P119,20,165,79.11592962956823,16.859985494233033,Review,low,radar dip but optical shows dry soil soon after,0.46,0.38,8.0,8,09-05,,Review,low,-18.89742660522461,-23.312923431396484,-18.137603759765625,-20.38210105895996,-18.957042694091797,-18.75297737121582,-17.970439910888672,-18.194580078125,-22.076501846313477,-22.070770263671875,-22.120370864868164,-14.034235000610352,-19.08451271057129,-13.95957088470459,-20.38524627685547,-1.4040288925170898,-3.762195587158203,-0.8359527587890625,-1.7238569259643555,-2.2656564712524414,-3.4850215911865234,-1.2702512741088867,-2.254467010498047,-7.139258861541748,-6.5953288078308105,-8.13821792602539,1.596756935119629,-3.907681941986084,1.2526702880859375,-5.117931842803955,-6.189830780029297,-11.62067699432373,-9.484139442443848,-13.076498031616213,-10.762290000915527,-10.735299110412598,-14.080409049987791,-12.81502628326416,-11.229559898376465,-11.184680938720703,-13.55861759185791,-10.398270606994627,-11.316545486450195,-9.687284469604492,-10.837271690368652,0.4640792310237884,0.2939454615116119,,0.3081210553646087,,0.2709493339061737,,0.3769057989120483,,,0.3615821301937103,,,0.3360547423362732,0.323074460029602,0.0724906623363494,0.0300883594900369,,0.0294678434729576,,0.0767683014273643,,0.1585966646671295,,,0.1567775458097458,,,0.1266089528799057,0.0828204452991485
P120,20,165,79.08682421436276,16.865914375108222,Perennial,medium,green from June and stable radar all season,0.57,0.49,3.4,8,,,Review,low,-14.618973731994627,-15.453845977783203,-15.544601440429688,-14.985755920410156,-14.48936367034912,-13.22218894958496,-14.585844993591309,-15.757109642028809,-13.157116889953612,-13.47738552093506,-13.690523147583008,-15.85890293121338,-14.501323699951172,-15.817018508911133,-17.875280380249023,3.699001312255861,4.593601226806641,2.571042060852051,4.1903533935546875,2.365542411804201,2.0457668304443377,0.9911918640136719,0.18300342559814453,1.780126094818117,2.5887551307678205,0.2602205276489258,-1.910795211791994,0.16307830810546875,-1.017786979675293,-2.618062973022461,-11.564187049865724,-8.954705238342285,-8.576515197753906,-8.473872184753418,-8.209799766540527,-7.333088397979736,-7.036435127258301,-9.69846534729004,-7.601101398468018,-7.911910057067871,-9.476099967956545,-8.758064270019531,-7.052858352661133,-10.503671646118164,-13.562042236328123,0.511157751083374,0.4878401458263397,0.4035177528858185,,,0.4330986738204956,,0.5676279067993164,,,0.523881733417511,,,0.5282900333404541,0.4955473244190216,-0.0333697460591793,0.0057235704734921,0.1073019653558731,,,0.0068334033712744,,0.1429812759160995,,,0.0620950348675251,,,0.0176519006490707,0.0014685932546854
P121,21,92,79.79047457641357,16.841659862436995,Review,low,optical flood without radar growth afterwards,0.81,0.15,3.9,11,10-23,07-31,Review,low,-20.21168327331543,-19.159908294677734,-20.519367218017575,-16.448495864868164,-15.944433212280272,-19.572526931762695,-17.095088958740234,-16.90904998779297,-15.598432540893556,-17.349855422973633,,-15.240585327148438,-17.379398345947266,,-17.021596908569336,-1.9825172424316406,-3.0917000770568848,-2.552547454833981,1.678384780883789,-0.32175302505492986,0.6816673278808594,2.9193525314331055,3.288545608520508,2.725035667419432,-0.8452930450439453,,2.156008720397949,-2.9964942932128906,,-1.3872709274291992,-12.554573059082031,-12.077139854431152,-9.467578887939451,-7.219340324401856,-8.601653099060059,-10.134593963623049,-6.710942268371582,-7.794798374176025,-11.764314651489258,-12.201631546020508,,-11.326546669006348,-10.574291229248049,,-8.36744499206543,0.1695025861263275,0.1518092006444931,0.0838550478219986,0.2903126180171966,,0.1746272444725036,,0.672161877155304,,0.8083316683769226,0.7598878145217896,0.7436056733131409,,0.281468778848648,0.2275871187448501,-0.1536861360073089,-0.1855023205280304,-0.0705379322171211,-0.1792373061180114,,0.1818514168262481,,0.3289383053779602,,0.4250363707542419,0.3740481436252594,0.3911971747875213,,-0.1282319724559784,0.062909685075283
P122,21,92,79.90231482928645,16.86079397798874,Paddy,high,radar dip-and-rise + optical flood within 3 weeks,0.82,0.23,9.5,10,"07-19, 10-23",07-31,Paddy,high,-19.741275787353516,-17.679420471191406,-19.72520446777344,-17.425878524780273,-23.50048828125,-25.14163398742676,-24.285884857177734,-19.38064193725586,-17.31263542175293,-15.92155647277832,,-13.730420112609863,-15.97215461730957,,-17.27294921875,-3.0283689498901367,-2.042092800140381,-3.6927556991577184,0.2735710144042969,-8.095848083496094,-3.143445014953617,-3.6767072677612305,0.14364910125732422,1.0108327865600586,0.2605295181274414,,3.6661739349365234,-1.8564109802246094,,-1.6069307327270508,-9.758906364440918,-7.721301078796387,-9.369063377380373,-8.713008880615234,-17.1896915435791,-15.19240379333496,-9.763096809387209,-9.37649631500244,-12.855195045471191,-7.492156982421875,,-9.825139045715332,-9.516984939575195,,-9.787824630737305,0.2883808314800262,0.2257670611143112,0.0752972960472107,0.2007673382759094,,0.132136270403862,,0.6384999752044678,,,0.8219935297966003,,0.5638350248336792,0.4963152110576629,0.2169647365808487,-0.1406061053276062,-0.0940596163272857,-0.0322412028908729,-0.1618967950344085,,0.2095112353563308,,0.3333891630172729,,,0.3623555898666382,,0.3413909375667572,0.130490243434906,-0.1504029929637909
P123,21,92,79.85164984726212,16.902296144115063,Other kharif crop,high,"clear green-up, no flooding",0.86,0.36,6.8,9,07-19,,Other kharif crop,high,-12.41123390197754,-14.31583023071289,-12.64172077178955,-16.536407470703125,-17.763961791992188,-20.198198318481445,-18.957653045654297,-19.458816528320312,-17.706789016723633,-16.34329605102539,,-17.259490966796875,-14.266283988952637,,-14.036349296569824,5.37986373901367,2.8982410430908203,4.733528137207031,1.524724006652832,-2.0642213821411133,1.4906692504882812,1.3947887420654297,0.05460929870605469,0.2037038803100586,0.3574066162109375,,-0.2227191925048828,1.0780863761901855,,2.5554256439208984,-10.437347412109377,-8.41043758392334,-9.997879028320312,-11.494905471801758,-10.412727355957031,-13.519571304321287,-13.682488441467283,-8.201369285583496,-10.345463752746582,-12.222002983093262,,-10.371602058410645,-9.384199142456056,,-8.161961555480957,0.3853001296520233,0.3388479650020599,,0.1846865117549896,,,,0.5124108195304871,0.7100386023521423,0.8635787963867188,0.8125222325325012,,,0.6114931702613831,0.2219063639640808,0.0226543340831995,-0.0063317366875708,,-0.0687460154294967,,,,0.2457343339920044,0.4654697179794311,0.3486703038215637,0.3554874062538147,,,0.2612064182758331,-0.0648369789123535
P124,21,92,79.83251573171037,16.887204447341855,Paddy,high,radar dip-and-rise + optical flood within 3 weeks,0.88,0.22,14.2,10,"07-31, 08-12",07-31,Paddy,high,-17.867780685424805,-15.487775802612305,-20.116424560546875,-17.308837890625,-14.571319580078123,-29.101686477661133,-29.221040725708008,-20.78130340576172,-18.17244529724121,-16.92801856994629,,-15.100394248962402,-14.623592376708984,,-17.477916717529297,0.21524715423583984,1.1762933731079102,-2.7637758255004883,0.22723770141601562,1.0025901794433612,-8.487826347351074,-10.314878463745117,-1.2570123672485352,-0.08180522918701172,-0.7459325790405273,,2.279693603515625,0.6029467582702637,,-1.7759990692138672,-11.510961532592772,-7.372274875640869,-11.586198806762695,-11.00634765625,-5.457404136657715,-20.09902000427246,-12.085991859436035,-8.661029815673828,-12.714506149291992,-14.765482902526855,,-11.710758209228516,-7.32707405090332,,-14.43015956878662,0.2590512037277221,0.1737822890281677,,0.0884777382016182,,0.080415740609169,,0.6462869644165039,,0.8818680644035339,0.8076069355010986,,0.7417048811912537,0.3664255738258362,0.1758073419332504,-0.0491682514548301,-0.1377273947000503,,-0.3709374368190765,,0.1901743412017822,,0.3156815767288208,,0.3472059965133667,0.3691297173500061,,0.3886258602142334,-0.0478717163205146,-0.1422489285469055
P125,21,92,79.85865670647826,16.876694158517655,Review,low,optical flood without radar growth afterwards,0.82,0.13,5.1,10,06-25,07-31,Review,low,-17.139583587646484,-16.978601455688477,-20.598905563354492,-22.150882720947266,-17.991769790649414,-20.310190200805664,-18.854671478271484,-21.255102157592773,-18.47449111938477,-16.665828704833984,,-18.03990364074707,-13.965203285217283,,-17.007293701171875,0.6515140533447266,-0.910393238067627,-4.345424652099609,-4.61480712890625,-3.0834836959838867,0.27123165130615234,1.7545061111450195,-1.7308111190795898,-0.5348739624023473,-0.48374271392822266,,-1.493154525756836,1.400266647338869,,-0.8669366836547852,-8.955713272094727,-10.35583782196045,-10.05876922607422,-14.442649841308594,-13.385549545288086,-12.36701202392578,-9.302667617797852,-8.00192928314209,-10.64218044281006,-10.170252799987791,,-10.56973361968994,-8.78243637084961,,-8.9368314743042,0.154450386762619,0.0955651104450225,,0.0605323016643524,,0.1814755201339721,,0.5438602566719055,0.7561492323875427,,0.8202906250953674,,0.7341547608375549,0.6034176349639893,0.2125148922204971,-0.1593199521303177,-0.1582885086536407,,0.0079814121127128,,0.1794064044952392,,0.3069901466369629,0.4268998205661773,,0.3709901869297027,,0.3814725279808044,0.2577861547470093,-0.0415327884256839
P126,21,92,79.83251573171037,16.894750295728457,Paddy,high,radar dip-and-rise + optical flood within 3 weeks,0.88,0.14,5.1,11,08-12,07-31,Paddy,high,-19.026472091674805,-16.349536895751953,-20.117345809936523,-19.42421531677246,-15.203386306762695,-20.917530059814453,-22.36577033996582,-20.37779235839844,-18.49860954284668,-17.679597854614258,,-15.508201599121094,-16.18366241455078,,-16.17625617980957,-1.5227899551391602,0.8645343780517578,-2.7646970748901367,-1.8881397247314453,1.6508111953735352,0.4676675796508789,-3.4596080780029297,-0.9580631256103551,-0.9419593811035156,-1.1750354766845703,,1.8718862533569336,-0.9571232795715332,,0.8381891250610352,-6.718697547912598,-9.375166893005373,-10.20449161529541,-9.66579818725586,-5.18476676940918,-13.708148002624512,-11.306440353393556,-8.986459732055664,-12.036499977111816,-9.23690700531006,,-9.365102767944336,-10.498948097229004,,-10.626286506652832,0.1560482382774353,0.1140757128596305,,0.0667998790740966,,0.1285192370414734,0.51449054479599,0.6119653582572937,,0.884772002696991,0.7514346241950989,,0.6432139277458191,0.2792932093143463,0.1333154439926147,-0.1401887238025665,-0.2630827724933624,,-0.0875156074762344,,0.1389387995004654,0.2686262726783752,0.3240452706813812,,0.3773927390575409,0.3258892297744751,,0.3223739862442016,-0.0284601990133523,0.0281791128218173
P127,22,165,79.51370363737635,17.283630982223798,Paddy,high,radar dip-and-rise + optical flood within 3 weeks,0.88,0.24,6.9,10,08-12,07-31,Review,low,-17.611337661743164,-20.995866775512695,-14.934021949768066,-21.7884578704834,-20.58052444458008,-16.138248443603516,-19.23935890197754,-16.60020637512207,-14.55538558959961,-16.739879608154297,-14.072421073913574,-15.175600051879885,-12.974802017211914,-16.9021053314209,-18.05002212524414,0.2859020233154297,-1.7317266464233398,2.3692359924316406,-2.255910873413086,-0.38043022155762074,1.828598976135254,-4.001054286956787,-3.178882598876953,0.36191701889038086,-2.5498290061950684,-0.06627082824707031,-1.2282223701477069,0.5201635360717773,-1.056929588317871,-2.010263442993164,-9.350762367248535,-8.220480918884277,-8.076058387756348,-10.98553466796875,-7.588016986846924,-6.983875751495361,-6.605572700500488,-9.93160343170166,-9.64491081237793,-11.508852005004885,-9.666219711303713,-8.04859447479248,-8.544363975524902,-9.532651901245115,-9.15097713470459,0.241311028599739,,,0.187311366200447,,0.2992323040962219,,0.8751861453056335,,0.6401754021644592,0.8176484704017639,0.4644560515880584,0.3575206696987152,0.299923300743103,0.3027187287807464,-0.1486416161060333,,,0.1022293791174888,,0.2658429443836212,,0.3810383677482605,,0.3400041759014129,0.3882320821285248,0.2207489162683487,0.0733557343482971,-0.0539541132748127,-0.0686683654785156
P128,22,165,79.54658197677513,17.341841812634744,Other kharif crop,high,"clear green-up, no flooding",0.81,0.18,6.5,10,,,Other kharif crop,high,-17.845075607299805,-18.17974090576172,-12.361661911010742,-18.84958839416504,-16.456132888793945,-16.26084327697754,-12.879233360290527,-12.591049194335938,-12.579840660095217,-11.695621490478516,-10.548868179321287,-13.966583251953123,-12.790271759033203,-14.53985595703125,-15.58209991455078,0.0011682510375976562,-0.19716167449951172,3.443587303161621,1.5197019577026367,3.963637351989746,3.4528017044067383,3.8547163009643555,3.445704936981201,2.3374619483947736,3.170492172241211,4.016712665557863,-0.13095664978027166,0.6327557563781738,1.2964372634887695,1.8264741897583026,-9.448497772216797,-9.69322109222412,-3.369007110595703,-7.845396518707275,-6.3672075271606445,-4.71360969543457,-6.175699234008789,-5.968585014343262,-3.797584056854248,-4.845759868621826,-4.252359867095947,-5.259152889251709,-4.953148365020752,-5.874466419219971,-6.617312431335449,0.1795023530721664,,,0.2093411535024643,,0.298990935087204,,0.788658082485199,0.768399715423584,0.8095186352729797,0.6560661792755127,,0.5803131461143494,0.5975560545921326,0.5868908166885376,-0.230421707034111,,,-0.0329604893922805,,-0.0421404056251049,,0.2799324989318847,0.3199150860309601,0.2694032490253448,0.2916218340396881,,0.0342343188822269,0.0255158822983503,0.0115848081186413
P129,22,165,79.53391573126905,17.31866527830446,Other kharif crop,high,"clear green-up, no flooding",0.85,0.33,5.8,9,,,Other kharif crop,high,-18.051332473754883,-18.472129821777344,-18.34026336669922,-19.112579345703125,-20.141172409057617,-17.293642044067383,-16.3241024017334,-15.487502098083496,-14.67539405822754,-12.590595245361328,-13.320914268493652,-15.545769691467283,-13.559622764587402,-18.369932174682617,-18.08904457092285,-0.30571460723876953,0.6458158493041992,-2.5350141525268555,1.2567110061645508,0.2785978317260742,0.911463737487793,-1.0857977867126465,-0.5232210159301758,0.2419085502624494,1.9271187782287598,0.9699182510375977,-1.7101430892944318,-0.3643484115600586,-2.5336389541625977,-1.6168804168701172,-13.067557334899902,-10.126993179321287,-8.96757698059082,-8.067728996276855,-9.447759628295898,-9.943584442138672,-11.182809829711914,-7.332925796508789,-12.42344093322754,-9.374857902526855,-9.940912246704102,-9.800463676452637,-5.539676666259766,-7.419524669647217,-11.817968368530272,0.3344375491142273,,,0.2412824034690857,,0.3261811733245849,,0.8523405194282532,,0.7708229422569275,0.757549524307251,,0.2842219471931457,0.2816931307315826,0.2411219775676727,-0.089252084493637,,,0.0765784382820129,,0.2288374900817871,,0.3669579923152923,,0.3952707350254059,0.3384767174720764,,0.1800712347030639,-0.1254912316799163,-0.1054029092192649
P130,22,165,79.53068179624621,17.36232340111267,Other kharif crop,high,"clear green-up, no flooding",0.76,0.34,6.8,11,08-24,,Other kharif crop,high,-17.646160125732422,-20.422992706298828,-16.266252517700195,-21.851043701171875,-21.2656307220459,-19.789173126220703,-14.427735328674316,-18.330446243286133,-14.701560974121094,-15.159374237060549,-14.509243965148926,-13.14847469329834,-16.1531925201416,-16.973012924194336,-16.497417449951172,0.40266990661621094,-2.097057342529297,-0.05987834930419922,-1.6814966201782227,-1.0655364990234375,-1.569122314453125,2.4712705612182617,-3.7078614234924316,0.6621298789978027,-0.6416602134704608,0.7176318168640137,1.0589027404785156,-2.6655077934265137,-2.0098085403442383,0.4093141555786133,-12.204429626464844,-8.562864303588867,-10.851716995239258,-7.323389053344727,-11.405741691589355,-11.584881782531738,-7.180248260498047,-7.863630294799805,-7.632856845855713,-8.70744800567627,-11.508424758911133,-8.34645938873291,-8.529764175415039,-8.150081634521484,-4.872148036956787,0.2898994982242584,0.3923376202583313,,0.2359065115451812,,0.4028171896934509,,0.7005519270896912,0.6996140480041504,0.7588938474655151,0.6105532646179199,0.3557517826557159,,0.2695938646793365,0.248135894536972,0.0721986666321754,0.0987780094146728,,0.0620453841984272,,0.1654148250818252,,0.1390483230352401,0.4466215670108795,0.3751845955848694,0.2679975032806396,0.0286153126507997,,0.2533621788024902,0.2589758038520813
P131,22,165,79.53472421502475,17.33052304005484,Review,low,radar dip but optical shows dry soil soon after,0.86,0.45,5.7,9,07-31,,Review,low,-16.645244598388672,-17.286901473999023,-14.133811950683594,-16.24878692626953,-20.259016036987305,-20.371097564697266,-16.048873901367188,-16.16705894470215,-16.906723022460938,-14.572853088378906,-16.24856185913086,-13.92817211151123,-15.371688842773438,-15.145784378051758,-18.988679885864254,1.2519950866699219,1.977238655090332,3.1694459915161133,4.1205034255981445,0.10183238983154297,-3.338229179382324,-0.6729550361633301,-1.5425562858581543,-2.218245506286621,-0.38280248641967773,-2.4608230590820312,-0.07333993911743164,-2.1764144897460938,1.1514644622802734,-2.51651573181152,-11.61073875427246,-11.152099609375,-11.311897277832031,-8.709233283996582,-9.939335823059082,-13.043889999389648,-9.067747116088867,-7.722983837127685,-9.870660781860352,-11.932660102844238,-10.085307121276855,-9.383134841918944,-9.18501091003418,-11.683786392211914,-11.166089057922363,0.4471387565135956,,,0.2702090442180633,,0.2843015491962433,,0.5998905301094055,,0.7809731364250183,0.8559447526931763,,0.7111502885818481,0.5816614627838135,0.2993538677692413,-0.0340300425887107,,,0.1042684689164161,,0.14601531624794,,0.1630799323320388,,0.3045447170734405,0.3269864320755005,,0.1976760327816009,0.1592195183038711,-0.0203490052372217
P132,22,92,79.57137547861683,17.31489235411116,Other kharif crop,high,"clear green-up, no flooding",0.68,0.32,5.5,11,,,Other kharif crop,high,-18.470308303833008,-20.309371948242188,-21.081527709960938,-20.03159523010254,-19.824094772338867,-22.008243560791016,-17.313217163085938,-16.894020080566406,-16.91131019592285,-17.63191032409668,,-14.749116897583008,-15.451753616333008,,-14.83701515197754,-3.459825038909912,-3.058396339416504,-4.186189651489258,-2.073972702026367,-3.442209243774414,-5.116966247558594,-2.45133638381958,-2.940621852874756,-0.9729709625244141,-1.1896100044250488,,-0.3750271797180176,-2.057734489440918,,0.017778396606443536,-11.00741195678711,-10.599115371704102,-10.383573532104492,-12.319604873657228,-13.273972511291504,-11.603517532348633,-8.283244132995605,-8.661381721496582,-11.576884269714355,-10.065309524536133,,-8.45300579071045,-10.294265747070312,,-10.344100952148438,0.3168350458145141,,,0.2041774690151214,0.1991186589002609,0.3538015484809875,,0.4620400071144104,,0.6071140170097351,0.6148468255996704,0.6804336309432983,0.594372034072876,0.5136450529098511,0.329806387424469,-0.0430886559188365,,,0.0353170782327652,0.121365338563919,0.2001658678054809,,0.1536533683538437,,0.2461753934621811,0.2406159788370132,0.2258318066596985,0.2436811774969101,0.1347166150808334,-0.0283691100776195
P133,23,165,79.12293648878436,16.970208779594497,Paddy,high,radar dip-and-rise + optical flood within 3 weeks,0.76,0.2,6.8,13,"07-07, 11-16","07-07, 07-31",Paddy,high,-16.14478874206543,-14.845337867736816,-14.64439582824707,-22.91975975036621,-18.833499908447266,-16.57508659362793,-16.484695434570312,-14.54513931274414,-15.078737258911133,-15.425580024719238,-14.277812004089355,-10.93781852722168,-12.754257202148438,-12.079392433166504,-16.590682983398438,0.6726322174072266,3.734678268432617,1.9201173782348633,-5.942967414855957,-2.4612112045288086,-1.1850242614746094,-1.2656869888305664,1.2454180717468262,1.1237874031066895,0.24639225006103516,0.3081483840942383,3.8374271392822266,2.4038681983947754,2.64725923538208,-1.509078025817871,-7.258057117462158,-9.7069091796875,-9.893136024475098,-14.684654235839844,-13.11555004119873,-10.034619331359863,-8.63000774383545,-6.487663269042969,-6.173322677612305,-7.121473789215088,-9.77239227294922,-8.064225196838379,-6.677746295928955,-8.33560562133789,-7.992196559906006,0.2002874910831451,0.1759478747844696,0.2944997549057007,0.2378166615962982,,0.3677035272121429,0.6572183966636658,0.5232200026512146,0.7565494775772095,0.7138809561729431,0.623003363609314,,0.2697165310382843,0.3851660490036011,0.2426755726337433,-0.1298668682575225,-0.1424037516117096,0.1641052216291427,0.2619331777095794,,0.3469759523868561,0.3748306035995483,0.3264347910881042,0.4301739335060119,0.4028495550155639,0.2946734428405761,,0.1693523824214935,0.0301200039684772,-0.1858133971691131
P134,23,165,79.11754659707965,16.965357877060253,Perennial,medium,green from June and stable radar all season,0.65,0.5,3.1,10,06-25,,Review,low,-15.078290939331056,-16.01557731628418,-18.511043548583984,-17.345285415649414,-16.864572525024414,-13.974607467651367,-14.776666641235352,-16.04462242126465,-14.20071029663086,-15.291387557983398,-13.627704620361328,-15.985529899597168,-16.422468185424805,-12.61512565612793,-16.587108612060547,1.7391300201415998,2.564438819885254,-2.497147560119629,0.12768173217773438,-0.49228382110595703,2.659475326538086,0.9548110961914062,-0.8934979438781738,2.001814365386963,0.4476809501647949,0.9602704048156738,-1.894707202911377,-1.9441776275634766,2.1115260124206543,-1.5055036544799805,-7.526543140411377,-6.224444389343262,-6.926528453826904,-10.463052749633787,-7.779610633850098,-7.911654472351074,-11.285099029541016,-5.711266994476318,-7.881937503814697,-8.872825622558594,-6.109833717346191,-8.449251174926758,-7.547825336456299,-9.150748252868652,-6.762392520904541,0.4946082234382629,0.5008716583251953,,0.3541402816772461,,0.4624419808387756,0.6462489366531372,0.5774573087692261,,,0.6338380575180054,,0.5039663314819336,0.5916065573692322,0.5445950031280518,0.036794152110815,0.039262481033802,,0.1432880461215973,,0.2242478728294372,0.235354483127594,0.2953153848648071,,,0.2001062631607055,,0.074438489973545,0.0580708123743534,0.0221651773899793
P135,23,165,79.2849027345111,16.91604036796209,Paddy,medium,optical flood + radar growth afterwards (shallow dip),0.81,0.49,6.6,9,,07-31,Review,low,-14.337791442871094,-14.652776718139648,-15.923355102539062,-17.17563247680664,-17.130847930908203,-20.768695831298828,-21.579561233520508,-20.787363052368164,-14.34035301208496,-15.502324104309082,-15.96673583984375,-14.160691261291504,-13.069064140319824,-15.934858322143556,-18.364652633666992,1.2556424140930176,2.43466854095459,-1.252183437347412,1.0247001647949219,1.2643804550170898,-2.369112968444824,-3.3374223709106445,-3.536693572998047,0.9729175567626971,0.9892358779907227,-1.9130969047546387,-0.06239461898803711,1.2517728805541992,-0.16459751129150568,-2.8460073471069336,-9.118973731994627,-10.999382019042969,-10.553519248962402,-9.498756408691406,-8.62299919128418,-10.891772270202637,-11.473490715026855,-8.54229736328125,-9.128552436828612,-10.05214786529541,-8.355768203735352,-9.952113151550291,-9.508845329284668,-10.97968864440918,-9.905061721801758,0.4902650713920593,,,0.2000763714313507,,0.1612062603235244,,0.5847590565681458,0.6804431676864624,0.7339603900909424,0.8146265745162964,,,0.4798758625984192,0.238552525639534,0.0662525445222854,,,0.0827376767992973,,0.2212935090065002,,0.3071441352367401,0.3856724798679352,0.3281396925449371,0.3623146712779999,,,0.1855189353227615,-0.0571347884833812
P136,23,165,79.19704749972422,16.91927430298492,Paddy,high,radar dip-and-rise + optical flood within 3 weeks,0.8,0.48,7.1,9,07-19,07-31,Paddy,high,-17.493694305419922,-15.00385856628418,-13.449222564697266,-18.978853225708008,-25.517147064208984,-21.75254249572754,-17.33442497253418,-15.824005126953123,-17.03925323486328,-16.5356388092041,-14.898138046264648,-15.403080940246582,-16.17068862915039,-15.167268753051758,-14.218057632446287,-1.6306076049804688,2.0835866928100586,3.1764421463012695,-0.8931112289428711,-7.834184646606445,-3.3020286560058594,0.22766876220703125,1.426664352416994,-1.9506311416625977,-0.368955135345459,-0.9473943710327148,-1.3056178092956543,-2.034782886505127,-0.2150425910949707,2.036198616027834,-6.816316604614258,-6.8217339515686035,-6.980856895446777,-13.503388404846191,-12.866192817687988,-13.289525985717772,-8.496707916259766,-9.045439720153809,-12.319679260253906,-10.3880033493042,-8.463944435119629,-10.951451301574709,-10.208606719970703,-10.881770133972168,-7.928678035736084,0.4204346537590027,0.5349979400634766,,0.1709323823451995,,0.3071260154247284,,0.7750861644744873,,,0.8045811653137207,,0.5511875152587891,0.4840213656425476,0.3466388583183288,-0.0099394610151648,0.0495601221919059,,0.0764393806457519,,0.3508214354515075,,0.3534544706344604,,,0.400937557220459,,0.1894213855266571,0.080969899892807,-0.0246716625988483
P137,23,165,79.31751157932464,16.92574217303058,Paddy,high,radar dip-and-rise + optical flood within 3 weeks,0.79,0.53,6.8,8,"08-12, 08-24",08-24,Paddy,high,-13.954541206359863,-13.437686920166016,-12.830856323242188,-15.551154136657717,-14.799675941467283,-13.516545295715332,-21.222232818603516,-20.192455291748047,-18.933513641357425,-20.543943405151367,-15.408413887023926,-14.520795822143556,-13.773192405700684,-18.14189338684082,-15.635273933410645,1.1693916320800781,4.379545211791992,2.1387600898742676,1.3822708129882795,2.9680261611938494,4.231202125549316,-3.5883188247680664,-3.8773069381713867,-3.9895629882812536,-4.402933597564697,-0.22605371475219727,-0.5960097312927264,0.2512221336364746,-2.7909135818481445,0.16268062591552734,-10.23193073272705,-11.45341682434082,-7.124952793121338,-9.738123893737791,-7.242019653320312,-9.443641662597656,-12.715455055236816,-11.672189712524414,-10.463994979858398,-9.63443374633789,-6.835195064544678,-10.377857208251951,-7.050583362579346,-9.909234046936035,-10.568151473999023,0.6317304372787476,0.4241552352905273,,0.4069139063358307,,0.3738516271114349,,0.3979625105857849,,,0.7933716773986816,,,0.6731683015823364,0.4051951169967651,0.1669994294643402,0.0003737891092896,,0.0429081693291664,,0.1409181207418441,,0.3673434555530548,,,0.3571127951145172,,,0.2348348796367645,-0.0060172751545906
P138,23,165,79.28813666953394,16.923855710933932,Paddy,medium,optical flood + radar growth afterwards (shallow dip),0.77,0.23,7.7,8,10-11,"07-07, 07-31",Review,low,-15.581384658813477,-17.579387664794922,-16.932893753051758,-18.566816329956055,-20.28031349182129,-20.53752899169922,-17.15374755859375,-17.987953186035156,-15.098506927490234,-16.831043243408203,-11.693106651306152,-16.60080337524414,-16.682477951049805,-12.7796630859375,-12.38426399230957,-0.4454026222229004,-1.9704980850219727,-3.0288596153259277,-1.381739616394043,-2.5126113891601562,-2.7897815704345703,1.0883913040161133,-1.672804832458496,-0.0816645622253418,-0.6900334358215332,3.4601693153381348,-2.6760172843933105,-2.8876047134399414,2.8436174392700195,3.270625591278076,-10.865711212158203,-9.932954788208008,-5.984899997711182,-13.964879989624023,-11.104689598083496,-12.968512535095217,-12.989078521728516,-10.412138938903809,-9.455021858215332,-7.284915447235107,-6.546311378479004,-8.251496315002441,-10.074869155883787,-9.723963737487791,-8.377938270568848,0.3206025958061218,0.1481870859861374,,0.1386766284704208,,0.1553013771772384,,0.6093800663948059,,,0.7741496562957764,,,0.3739393949508667,0.2733814418315887,-0.0725196599960327,-0.177526980638504,,0.1333082765340805,,0.2552216649055481,,0.3118325471878052,,,0.465395450592041,,,0.1045471131801605,0.0513250418007373
P139,24,165,79.3261354060522,17.259106974967338,Other kharif crop,high,"clear green-up, no flooding",0.64,0.24,4.3,13,09-17,,Other kharif crop,high,-19.38580894470215,-19.05707550048828,-16.95591163635254,-19.65565299987793,-16.919998168945312,-17.55670166015625,-16.076677322387695,-15.799686431884766,-16.624671936035156,-19.770597457885746,-12.377874374389648,-16.135345458984375,-14.93126106262207,-14.954018592834473,-17.927841186523438,-0.49412059783935547,0.883152961730957,0.43747520446777344,-0.9171133041381836,1.4393882751464844,0.7622032165527344,1.7447566986083984,0.9774303436279297,-0.17011070251464844,-5.184495449066166,1.8236932754516602,-0.8786063194274902,-0.20596933364868164,1.7264595031738281,-2.324733257293701,-10.331774711608888,-11.21369743347168,-12.276570320129396,-12.861166000366213,-5.718414783477783,-6.997322082519531,-8.476665496826172,-9.991995811462402,-8.524873733520508,-6.728638172149658,-6.868764877319336,-9.755244255065918,-6.112425327301025,-7.475233554840088,-9.86585807800293,0.2446365505456924,0.2313212901353836,0.264611005783081,0.2247983366250991,0.2893685698509216,0.29790860414505,,0.4840229153633117,,0.5726236701011658,0.6094720959663391,0.6394233107566833,0.5804516077041626,0.6225548386573792,0.5640811920166016,-0.159490704536438,-0.1390562802553177,-0.0525989048182964,-0.0672646388411521,0.0332483686506748,0.0716018453240394,,0.1019067019224166,,0.068122960627079,0.0920393541455268,0.1709856986999511,0.1812096536159515,0.1045895889401435,0.064335361123085
P140,24,165,79.3299083302455,17.209250476698703,Paddy,high,radar dip-and-rise + optical flood within 3 weeks,0.76,0.22,10.3,13,"07-19, 07-31",07-31,Paddy,high,-25.38912582397461,-21.919944763183594,-13.287029266357422,-17.768808364868164,-18.420799255371097,-26.43501091003418,-23.94256591796875,-17.290447235107422,-16.80561637878418,-14.417393684387209,-13.578319549560549,-14.89659309387207,-13.680771827697754,-15.893102645874023,-15.445587158203123,-5.923314094543457,-2.057718276977539,3.8377180099487305,1.9341163635253906,-1.6633777618408239,-9.507930755615234,-8.40326976776123,-0.8367919921875,-0.31958961486816406,0.4572405815124494,0.12970590591430486,0.4563431739807129,1.198657512664795,-0.6258621215820312,1.1445784568786639,-10.13156795501709,-13.845234870910645,-10.613840103149414,-10.477276802062988,-11.465828895568848,-21.035587310791016,-10.684069633483888,-9.41602897644043,-11.505708694458008,-5.767000675201416,-12.112652778625488,-10.351125717163086,-10.98250675201416,-10.370623588562012,-6.437724590301514,0.217832401394844,0.1959819495677948,0.3032155632972717,0.225484237074852,0.3118976652622223,0.2231955081224441,,0.6698493361473083,0.6240944266319275,0.7124044895172119,0.7567545175552368,,0.5126893520355225,0.4386927485466003,0.3187942206859588,-0.1696747690439224,-0.1500749140977859,-0.0242197774350643,-0.0490104332566261,0.1848057508468628,0.2677940726280212,,0.2609958946704864,0.3235159814357757,0.3252123296260834,0.3465831875801086,,0.1841849982738495,-0.0071754194796085,-0.0523838922381401
P141,24,165,79.26819407022649,17.16774831057238,Other kharif crop,high,"clear green-up, no flooding",0.73,0.27,10.2,11,,,Other kharif crop,high,-22.86047744750977,-23.32712173461914,-20.9550724029541,-21.099624633789062,-18.48072624206543,-14.43990707397461,-12.908845901489258,-12.512099266052246,-14.282662391662598,-14.647772789001465,-12.169981002807615,-15.206133842468262,-14.07404613494873,-13.521939277648926,-15.783513069152832,-2.4697494506835973,-2.500394821166992,-3.314535140991211,0.5449056625366211,-0.027490615844726562,5.1086225509643555,5.245634078979492,4.502894401550293,1.239534854888916,0.16454076766967773,1.0979185104370153,-0.7043337821960449,1.096977710723877,2.8601417541503906,0.9949178695678711,-5.2243266105651855,-14.367149353027344,-9.96926498413086,-7.904101848602295,-8.317889213562012,-4.973500728607178,-7.928415298461914,-5.268661022186279,-7.966557502746582,-5.997569561004639,-4.585935592651367,-6.832456588745117,-5.763957977294922,-6.894601821899414,-8.823734283447266,0.2051334679126739,0.2757132947444916,0.266461431980133,0.2494353950023651,0.2599536180496216,0.3838461935520172,,0.7254041433334351,,,0.6897015571594238,,0.7016032338142395,0.7336373925209045,0.5910516977310181,-0.0953571125864982,-0.0494996607303619,0.056307315826416,-0.1122764497995376,0.0968488901853561,0.1837033629417419,,0.2926556169986725,,,0.2575110495090484,,0.240935742855072,0.195008635520935,0.2808744609355926
P142,24,165,79.34068811365493,17.20763350918729,Paddy,high,radar dip-and-rise + optical flood within 3 weeks,0.78,0.36,7.1,11,"07-19, 08-12",07-31,Paddy,high,-20.715282440185547,-20.036752700805664,-14.942587852478027,-18.174402236938477,-22.517776489257812,-19.619365692138672,-23.569713592529297,-16.949752807617188,-16.339380264282227,-13.98554229736328,-15.440811157226562,-16.77793312072754,-15.926212310791016,-18.718870162963867,-20.210668563842773,-1.2494707107543945,0.17913150787353516,1.0798487663269043,1.304762840270996,-4.908790588378906,-2.961414337158203,-8.827394008636475,-0.8984947204589844,0.14664649963378906,0.6240453720092791,-2.0304293632507324,-1.521632194519043,-1.274165153503418,-3.451629638671875,-4.544179916381836,-10.518807411193848,-9.28176975250244,-10.776344299316406,-12.186387062072754,-13.668307304382324,-12.98944091796875,-8.841293334960938,-7.228862285614014,-7.761540412902832,-9.915281295776367,-8.23636531829834,-10.919451713562012,-11.040595054626465,-13.646676063537598,-14.576128005981444,0.2521787583827972,0.3601339757442474,0.3657671511173248,0.2164771258831024,0.2970981001853943,0.1972194463014602,,0.6402689218521118,,,0.7819709777832031,,0.4824170470237732,0.3161251842975616,0.2974749803543091,-0.1729476451873779,-0.1034466996788978,0.0450624339282512,0.0820636004209518,0.1969774961471557,0.2678867280483246,,0.3703778982162475,,,0.376226395368576,,0.225460484623909,0.1232126355171203,0.1646650433540344
P143,24,165,79.33637620029116,17.181762029004645,Paddy,high,radar dip-and-rise + optical flood within 3 weeks,0.85,0.15,8.8,10,"07-31, 08-12","06-25, 07-19, 07-31, 08-24",Paddy,high,-23.115253448486328,-23.260173797607425,-23.315216064453125,-22.42502212524414,-19.477949142456055,-23.22698974609375,-27.602998733520508,-19.9626522064209,-18.13512802124023,-18.370649337768555,-14.156570434570312,-15.382512092590332,-14.827597618103027,-14.97877311706543,-13.866254806518556,-3.527864456176758,-3.301423072814945,-7.292779445648193,-3.5099945068359375,-1.8075504302978516,-7.338783264160156,-12.063702583312988,-3.5089969635009766,-1.79174709320068,-3.761061668395996,-0.7461886405944824,-0.12621116638183594,-0.43694114685058594,0.4771003723144531,2.798428058624266,-11.5897216796875,-10.718445777893066,-12.132429122924805,-9.470236778259276,-13.81850242614746,-18.412145614624023,-15.913820266723633,-10.38481330871582,-10.38936710357666,-9.023948669433594,-6.275968551635742,-10.00417423248291,-9.363730430603027,-10.113364219665527,-10.237035751342772,0.1481456756591797,0.2131768018007278,0.1500177085399627,0.0904406011104583,0.1373748034238815,0.1051597371697425,,0.4578792452812195,,,0.8509010076522827,,,0.4888376593589782,0.3085474967956543,-0.1790118813514709,-0.0751971676945686,0.1738747507333755,-0.0348674543201923,0.1966117471456527,0.2570498585700989,,0.4802738428115845,,,0.3544155657291412,,,0.1690718680620193,-0.0379866026341915
P144,24,165,79.37626139890607,17.227306613909505,Other kharif crop,high,"clear green-up, no flooding",0.64,0.24,6.4,11,06-25,,Other kharif crop,high,-18.158510208129883,-19.843704223632812,-19.314239501953125,-19.75019645690918,-13.827285766601562,-15.070923805236816,-15.001914978027344,-16.604480743408203,-14.626426696777344,-16.079748153686523,-13.364795684814451,-12.12313461303711,-14.707266807556152,-14.417961120605469,-15.571125030517578,1.3073015213012695,0.11504650115966797,-4.2981390953063965,-1.0116567611694336,4.532100677490234,3.141195297241211,1.3589344024658203,-0.55322265625,1.970780372619629,-1.5853500366210938,0.4044055938720721,3.191779613494873,0.0049457550048828125,1.320852279663086,1.1369438171386719,-9.72093391418457,-11.853293418884276,-5.627930164337158,-12.195882797241213,-6.699740886688232,-6.618287563323975,-8.00995922088623,-6.664735317230225,-7.1405792236328125,-7.403153896331787,-8.203685760498047,-8.795185089111328,-6.518068790435791,-8.546494483947754,-8.280577659606934,0.2709596157073974,0.2104123085737228,0.239632710814476,0.2488055229187011,0.3005535006523132,0.2845190465450287,,0.6442430019378662,,,0.6401463747024536,0.6057775020599365,,0.6411169767379761,0.404881477355957,-0.1177309677004814,-0.1108250692486763,-0.0574156865477561,-0.0442219302058219,0.0272147040814161,0.1787030547857284,,0.2230551838874817,,,0.1919148415327072,0.2003407180309295,,0.196719229221344,0.0820044800639152
P145,25,165,79.487023673438,17.18391798568653,Other kharif crop,high,"clear green-up, no flooding",0.79,0.21,4.3,10,"08-12, 08-24",,Other kharif crop,high,-16.36935806274414,-19.82943344116211,-12.249468803405762,-16.165931701660156,-14.820463180541992,-13.052748680114746,-18.835872650146484,-19.04731559753418,-19.2020320892334,-17.839048385620117,-17.41724395751953,-13.148101806640623,-15.84254550933838,-14.78836154937744,-18.376903533935547,3.4527673721313477,-0.5292530059814453,2.89082670211792,3.1233530044555664,2.4408254623413086,2.4543237686157227,-2.0968751907348633,-3.8545074462890625,-3.1523075103759766,-3.539205551147461,-3.7059249877929688,2.121995449066164,-2.0778121948242205,1.687028884887697,-1.6988720893859863,-9.227335929870604,-8.843753814697266,-4.9233012199401855,-9.307458877563477,-3.695305347442627,-7.361052989959717,-11.586225509643556,-12.841557502746582,-13.03197193145752,-10.235509872436523,-10.71772289276123,-9.07022762298584,-3.873495817184448,-9.711543083190918,-7.065486431121826,0.2094702720642089,0.1822908520698547,0.2173623293638229,0.1450882256031036,,,,0.4007435441017151,,0.6804130673408508,0.7800240516662598,,0.7865330576896667,0.6537744402885437,0.4433233439922333,-0.165089413523674,-0.1876223087310791,0.0074112028814852,-0.0580416098237037,,,,0.2225893437862396,,0.296703577041626,0.314704418182373,,0.2433058619499206,0.2036613821983337,0.131178006529808
P146,25,165,79.48001681422187,17.1340614874179,Other kharif crop,high,"clear green-up, no flooding",0.78,0.15,8.8,9,"10-11, 11-04",,Review,low,-21.858945846557617,-19.981943130493164,-17.813377380371094,-23.217750549316406,-17.590938568115234,-14.569066047668455,-11.259117126464844,-12.425935745239258,-14.82651138305664,-12.569621086120604,-10.606709480285645,-15.233726501464844,-12.114904403686523,-18.73025131225586,-15.88408374786377,-3.30611515045166,-1.742588996887207,-2.7950639724731445,-6.260769844055176,-0.8276968002319336,1.6440935134887713,6.397355079650879,3.5887718200683594,1.4847517013549805,2.608511924743654,4.285434722900391,-0.7343406677246094,3.002863883972168,-2.875782012939453,0.356564998626709,-8.260618209838867,-10.825572967529297,1.2655903100967407,-7.908729076385498,4.2896809577941895,-0.2603477239608764,-3.0324063301086426,-5.689854621887207,-3.898226022720337,-4.599318504333496,-6.036470413208008,-4.400625705718994,-4.729257106781006,-5.854511260986328,-7.644219398498535,0.1530602872371673,0.1379061341285705,,0.1889452636241912,,0.4102212190628052,,0.6264593005180359,,,0.6934483051300049,,0.746127188205719,0.7819243669509888,0.711980402469635,-0.2397409081459045,-0.1985183358192443,,-0.0293498747050762,,0.0801057144999504,,0.3026971518993377,,,0.173735499382019,,0.2178606986999511,0.2401316165924072,0.1891777515411377
P147,25,92,79.52933432332003,17.11573585562186,Paddy,high,radar dip-and-rise + optical flood within 3 weeks,0.78,0.35,6.1,11,08-12,07-31,Review,low,-17.693313598632812,-11.745346069335938,-19.23604965209961,-18.1937198638916,-16.18303108215332,-20.876596450805664,-20.79518699645996,-18.899723052978516,-14.723556518554688,-17.588315963745117,,-16.42729949951172,-14.002581596374512,,-17.204660415649414,-1.27294921875,3.778153896331787,-2.723752975463867,-1.5093708038330078,0.3043079376220703,-3.8788089752197266,-5.984348773956299,-2.8581700325012207,2.061565399169922,-2.725289821624756,,-2.188509941101074,0.7638535499572754,,-2.2358670234680176,-7.883779525756836,-8.105981826782227,-8.649499893188477,-7.494481563568115,-7.0822649002075195,-13.562585830688477,-10.89748191833496,-7.333559513092041,-10.877093315124512,-12.38844108581543,,-9.467317581176758,-8.629709243774414,,-11.753280639648438,0.355762243270874,0.3483553528785705,,0.1656106114387512,0.1971352398395538,0.1845231354236602,,0.5696371793746948,,0.7213587760925293,0.7842669486999512,,0.7141697406768799,0.5725619792938232,0.3043786883354187,-0.0432162061333656,-0.0656664222478866,,-0.0405818372964859,-0.0164176113903522,0.2650585472583771,,0.2189532816410064,,0.3020521402359009,0.2993248105049133,,0.243581622838974,0.1742746382951736,-0.0400818921625614
P148,25,92,79.57676537032154,17.089325386268747,Perennial,medium,green from June and stable radar all season,0.78,0.55,5.4,9,,,Review,low,-16.401601791381836,-14.486093521118164,-15.228789329528809,-16.225404739379883,-18.020790100097656,-16.83456802368164,-19.067502975463867,-20.831811904907227,-16.78556251525879,-13.25920581817627,,-14.077985763549805,-13.227477073669434,,-14.228760719299316,0.4800567626953125,2.1153993606567383,3.0878419876098633,1.7087841033935547,-1.4311466217041016,1.3400993347167969,-2.6872777938842773,-4.067949295043945,0.3848915100097656,4.284276962280273,,0.35944032669067383,1.7728562355041504,,2.0577898025512695,-10.122136116027832,-8.266257286071777,-6.158736705780029,-8.468562126159668,-7.272708892822266,-8.017414093017578,-10.828094482421877,-9.111615180969238,-8.213871002197266,-8.927019119262695,,-8.740735054016113,-12.871057510375977,,-9.485743522644045,0.5513391494750977,0.5536258816719055,,0.1761869490146637,,,,,,0.7725351452827454,0.7842674255371094,0.7160030603408813,0.6435571312904358,0.5551595687866211,0.3163724541664123,0.0657623186707496,0.0640708804130554,,0.0187774095684289,,,,,,0.3830929696559906,0.3624751269817352,0.4249117374420166,0.2896943092346191,0.2000331580638885,-0.0528676770627498
P149,25,165,79.49564750016555,17.172599213106626,Other kharif crop,high,"clear green-up, no flooding",0.77,0.22,5.6,9,07-07,,Other kharif crop,high,-25.373308181762695,-16.264480590820312,-14.85641860961914,-19.949535369873047,-18.221904754638672,-16.51316261291504,-16.352262496948242,-14.65903091430664,-16.26520538330078,-15.254770278930664,-17.721805572509766,-13.72186279296875,-15.7593994140625,-18.064245223999023,-17.47197914123535,-6.867422103881836,3.5906105041503906,0.283876895904541,-2.095147132873535,-1.458662986755371,-1.870286464691162,0.7825021743774414,1.3556766510009766,-0.2105112075805664,-0.9549274444580078,-4.010486602783203,1.548234462738037,-1.9946660995483398,-1.8489723205566406,-0.7027945518493652,-11.099695205688477,-7.403992176055908,-7.528149127960205,-8.505020141601562,-12.003738403320312,-11.83421516418457,-10.29079532623291,-8.813200950622559,-11.105813026428224,-6.975044250488281,-9.152886390686035,-7.071409702301025,-8.289525985717773,-9.398721694946287,-7.9273681640625,0.1547780334949493,0.2580322027206421,0.2248809933662414,0.196792796254158,,,,0.5393821597099304,,,0.7671992778778076,,0.2973751425743103,0.3021952509880066,0.254572182893753,-0.0937904864549636,-0.1025510132312774,0.0929462984204292,0.0173575114458799,,,,0.2787570059299469,,,0.3491677045822143,,-0.0133924772962927,-0.0880173444747924,-0.1184654533863067
P150,25,165,79.48190327631852,17.138373400781674,Review,low,radar dip but optical shows dry soil soon after,0.67,0.13,5.8,9,06-13,,Other kharif crop,high,-17.465957641601562,-19.951662063598633,-15.19162940979004,-21.445188522338867,-16.931638717651367,-14.284457206726074,-17.125732421875,-16.52730941772461,-14.178178787231444,-13.6556396484375,-14.406779289245604,-16.41327667236328,-15.409990310668944,-16.644649505615234,-15.009318351745604,2.356167793273926,-1.7123079299926758,-0.17331600189209162,-4.488207817077637,0.1612529754638672,1.9287023544311523,0.3836526870727539,-1.3345012664794922,2.1330842971801776,1.5224933624267578,0.26201677322387873,-1.9138908386230469,-0.3475723266601545,-0.7901802062988281,1.6687130928039569,-7.386319160461426,-10.927355766296388,-8.055444717407227,-7.047337055206299,-1.1250262260437012,-5.750593185424805,-7.180177688598633,-1.1209977865219116,-7.009590148925781,-4.112478256225586,-5.5327677726745605,-8.470311164855957,-5.58504581451416,-7.089267253875732,-11.088022232055664,0.2157942652702331,0.0457485392689704,,0.2726770341396332,,0.5486726760864258,,0.674808919429779,,,0.6276617050170898,,0.3218147456645965,0.3436952233314514,0.3004869520664215,-0.0757831707596778,-0.0320195481181144,,0.1640027463436126,,0.2257179617881775,,0.3481115698814392,,,0.2919483780860901,,0.2880208492279053,0.1765046715736389,0.3724617958068847
P151,26,92,79.94139154414566,16.97317322003209,Paddy,high,radar dip-and-rise + optical flood within 3 weeks,0.76,0.59,12.1,10,"07-19, 08-24, 09-05, 10-23",07-31,Paddy,high,-14.87149143218994,-14.876202583312988,-9.82346534729004,-11.039410591125488,-13.13101577758789,-12.688940048217772,-15.97781753540039,-24.249996185302734,-23.14324378967285,-18.879545211791992,,-13.27657413482666,-15.274093627929688,,-14.69528579711914,3.743500709533693,1.1131677627563477,5.611763477325438,6.232954025268555,0.6143426895141602,6.860434532165529,4.556981086730957,-6.470330238342285,-5.016304969787598,-1.9565773010253906,,4.307806015014648,-0.7175273895263672,,0.45168590545654297,-8.333887100219727,-8.715579986572266,-4.980691909790039,-7.597880840301514,-7.705278396606445,-11.113999366760254,-12.15220546722412,-13.645573616027832,-10.046929359436035,-8.744234085083008,,-10.40186595916748,-9.301279067993164,,-12.381028175354004,0.6570821404457092,0.5227166414260864,,0.436505913734436,,0.3048349916934967,,0.2792775630950928,,0.6190773248672485,0.7428385019302368,,0.7612756490707397,0.7275539040565491,0.6519349217414856,0.1540152579545974,0.1079540625214576,,0.1642467379570007,,0.2648375630378723,,0.2262031137943267,,0.3719223439693451,0.3302054405212402,,0.3862420916557312,0.3675588071346283,0.3005260229110718
P152,26,92,80.02304840347212,17.03192303961351,Paddy,high,radar dip-and-rise + optical flood within 3 weeks,0.83,0.58,7.1,9,07-19,"07-07, 07-31",Paddy,high,-16.429380416870117,-16.01146697998047,-13.71465301513672,-18.630542755126953,-23.363428115844727,-17.55535125732422,-21.702505111694336,-15.683667182922363,-13.14991569519043,-16.007644653320312,,-17.051584243774414,-14.432777404785156,,-15.682208061218262,2.0993547439575195,-0.18090295791625977,3.2118120193481428,-2.0346908569335938,-8.880032062530518,1.8149595260620117,-2.470334053039551,2.5352563858032227,5.112465858459473,1.7919321060180664,,-0.3605985641479492,0.12378883361816406,,-0.7155642509460449,-7.969328880310059,-10.749635696411133,-8.838655471801758,-10.219888687133787,-12.55575180053711,-11.235824584960938,-12.06569766998291,-5.988776683807373,-8.501286506652832,-8.235245704650879,,-9.295315742492676,-8.627313613891602,,-5.8865275382995605,0.5395562648773193,0.6293540596961975,,0.1030890718102455,,0.2900126278400421,,0.4567100405693054,,,0.8253933191299438,,0.5980603694915771,0.308906614780426,0.2349205166101455,0.1660863161087036,0.1085075065493583,,0.1383283734321594,,0.3980023860931396,,0.2552662491798401,,,0.3800012469291687,,0.2716983556747436,-0.0106870206072926,0.0036536008119583
P153,26,92,79.90824371016164,16.91334542210973,Other kharif crop,high,"clear green-up, no flooding",0.85,0.35,3.5,11,,,Other kharif crop,high,-16.286230087280273,-14.752974510192873,-15.834016799926758,-17.646272659301758,-12.699260711669922,-17.097122192382812,-17.195838928222656,-17.13992691040039,-16.3962345123291,-14.83802604675293,,-16.520639419555664,-15.18230438232422,,-18.993574142456055,1.5388822555541992,2.5760364532470685,-1.2025494575500488,-0.05702018737792969,5.178605079650879,3.1806297302246094,3.1566028594970703,2.268937110900879,1.6822309494018555,1.6665363311767578,,0.3955354690551758,-0.2714271545410174,,-2.788424491882324,-11.296926498413086,-8.235344886779785,-10.248330116271973,-9.6705961227417,-10.012420654296877,-10.132762908935549,-10.62790870666504,-9.55436897277832,-10.00538444519043,-8.583373069763184,,-8.695038795471191,-8.885385513305664,,-10.50620460510254,0.3868661224842071,0.3177326321601867,,0.2461779564619064,,0.1772248148918151,,0.543644905090332,0.6123055219650269,0.8503852486610413,0.7838062047958374,,0.5716701149940491,0.658759593963623,0.483613908290863,-0.0301121622323989,-0.0864643082022667,,-0.0942727625370025,,0.0656993836164474,,0.2201451361179351,0.3183484673500061,0.2786542177200317,0.3207245469093323,,0.3197297751903534,0.2423284202814102,0.1213206797838211
P154,26,92,79.96052565969741,16.942989826485675,Perennial,medium,green from June and stable radar all season,0.9,0.45,4.3,9,,07-31,Paddy,high,-17.935810089111328,-16.021013259887695,-14.935441970825195,-16.616374969482422,-14.852445602416992,-19.225873947143555,-21.700899124145508,-17.70151710510254,-18.45014190673828,-15.22904109954834,,-16.465124130249023,-13.506186485290527,,-16.30584144592285,0.44110107421875,-0.7603387832641602,0.4997868537902832,0.2883462905883789,-1.484506607055664,0.3681678771972656,-2.6510848999023438,0.9459333419799805,-0.29659461975097656,2.41037654876709,,0.6040067672729492,1.367701530456543,,-1.3197393417358398,-12.504120826721191,-9.609230041503906,-9.083303451538086,-8.548108100891113,-5.421168804168701,-12.993104934692385,-9.144219398498535,-8.841070175170898,-9.724206924438477,-11.613494873046877,,-11.929116249084473,-10.186487197875977,,-10.493762016296388,0.4750537872314453,0.4328744113445282,,0.3411225080490112,,0.1525322347879409,,0.5556080341339111,,,0.9018286466598512,,0.7409936189651489,0.6148669123649597,0.3753836154937744,-0.0213013105094432,0.0182149466127157,,-0.0692769363522529,,0.1555377840995788,,0.265545129776001,,,0.40464848279953,,0.3839737176895141,0.2610714733600616,0.0814507156610488
P155,26,92,79.92845580405434,16.979371595492516,Review,low,optical flood without radar growth afterwards,0.89,0.44,4.7,11,06-25,07-31,Review,low,-15.42909336090088,-15.05099105834961,-19.040700912475582,-16.91913604736328,-13.376370429992676,-19.514747619628903,-17.46221351623535,-16.473674774169922,-18.288990020751953,-19.108335494995117,,-17.56540298461914,-14.492637634277344,,-14.030200958251951,3.185898780822752,0.9383792877197266,-4.054759502410885,0.20184803009033203,0.36055660247802734,-0.1098098754882777,3.072585105895996,1.6833276748657227,-0.16205120086669922,-2.1853675842285156,,-0.5034046173095703,0.38125038146972656,,1.1167707443237322,-10.238645553588867,-10.945357322692873,-7.902392387390137,-7.702619075775147,-4.594974994659424,-12.762150764465332,-9.37295913696289,-10.324917793273926,-10.605267524719238,-10.272451400756836,,-9.92990493774414,-6.971274375915527,,-11.037397384643556,0.4462108910083771,0.4364286959171295,,0.2056599557399749,,0.1393273025751114,,0.6310216784477234,,0.8871832489967346,0.8453546762466431,0.7079099416732788,0.6704411506652832,0.634367048740387,0.3038787543773651,0.0099348984658718,0.0448450930416584,,0.054850585758686,,0.2152973413467407,,0.3028513193130493,,0.3858506977558136,0.3479696214199066,0.4196605086326599,0.3993628025054931,0.261058896780014,-0.0938770696520805
P156,26,92,79.98963107490287,16.96886130666832,Perennial,medium,green from June and stable radar all season,0.84,0.46,4.8,12,09-17,07-31,Review,low,-22.665985107421875,-15.47035789489746,-17.354839324951172,-15.41940975189209,-12.932687759399414,-20.42734718322754,-17.945568084716797,-17.85781478881836,-17.0958309173584,-20.13254737854004,,-19.313188552856445,-14.565471649169922,,-15.20218563079834,-5.483389854431152,0.5142393112182635,-2.3688979148864746,1.8529548645019531,0.8126707077026367,-1.3800926208496094,2.630753517150879,0.221038818359375,1.166550636291504,-3.551481246948242,,-2.5270767211914062,-0.045322418212890625,,-0.2712974548339844,-11.27085781097412,-9.825037002563477,-12.662470817565918,-7.575749397277832,-4.631712913513184,-13.205928802490234,-8.003453254699707,-8.178126335144043,-7.856898307800293,-11.852557182312012,,-10.39450740814209,-7.912898063659668,,-10.982561111450195,0.4958008825778961,0.4273629486560821,,0.3710064888000488,,0.1770177036523819,0.524828314781189,0.606921911239624,0.6889812350273132,0.8248825669288635,0.8411195874214172,,0.7077494859695435,0.6030014157295227,0.3467586040496826,-0.0263341441750526,0.0053906878456473,,-0.061962816864252,,0.3774483203887939,0.2532911598682403,0.2960559129714966,0.4003196954727173,0.3682795464992523,0.3634259402751922,,0.3444313704967499,0.2364363521337509,-0.0143788754940032
P157,27,165,78.74780002613605,17.650952101900273,Review,low,green in June but strongly seasonal radar,0.62,0.47,6.0,9,09-29,,Review,low,-14.188182830810549,-15.975627899169922,-14.051459312438965,-16.518844604492188,-13.794490814208984,-16.071243286132812,-12.080322265625,-14.413840293884276,-11.366548538208008,-16.758262634277344,-17.882841110229492,-16.5457706451416,-16.73444938659668,-20.625473022460938,-15.540895462036133,1.9591665267944318,1.2729969024658203,0.6050786972045898,0.5829010009765625,2.3577442169189453,-0.8418598175048828,4.297573089599609,0.828834533691408,3.5889806747436523,-1.0461883544921875,-3.7753214836120605,-2.213355541229248,-2.2946605682373047,-4.9545063972473145,-0.6181120872497559,-9.358738899230955,-9.46243667602539,-6.033138275146484,-9.872008323669434,-9.053784370422363,-8.23729419708252,-9.86855697631836,-8.76566219329834,-7.966563701629639,-6.882278919219971,-7.974912643432617,-11.304938316345217,-9.36121654510498,-8.091519355773926,-10.010883331298828,0.4330219030380249,0.5009387731552124,,0.3931502103805542,,0.3171578049659729,,0.6188578605651855,,,0.3750900328159332,0.4223284125328064,,0.323888897895813,0.2961831092834472,0.0427413210272789,0.088866651058197,,0.0503131076693534,,0.177483320236206,,0.0961491167545318,,,0.001833604183048,-0.0320304669439792,,-0.1024696379899978,-0.0829280689358711
P158,27,165,78.87634894329355,17.669547228281544,Perennial,medium,green from June and stable radar all season,0.7,0.51,5.6,11,,,Review,low,-16.991477966308594,-19.128276824951172,-16.33957862854004,-18.23859977722168,-12.759382247924805,-14.096360206604004,-12.670724868774414,-12.635565757751465,-14.648926734924316,-15.936230659484863,-14.167736053466797,-16.791202545166016,-15.296564102172852,-15.80638313293457,-13.94459629058838,-0.8172683715820312,-2.8549232482910156,-2.332723617553711,-1.9328880310058594,5.169954299926758,3.6552553176879883,3.936953544616699,3.2174577713012695,1.4264922142028809,-0.22415637969970703,0.21091222763061523,-2.7409849166870117,-0.789792060852049,-0.6971879005432129,1.0472774505615217,-12.686691284179688,-13.22689437866211,-10.113633155822754,-10.599469184875488,-12.136969566345217,-7.820164680480957,-8.155547142028809,-10.13939094543457,-6.612377166748047,-8.136459350585938,-11.7318754196167,-8.826677322387695,-8.945063591003418,-12.026135444641112,-11.180782318115234,0.5308396816253662,0.3864456713199615,0.5128394961357117,0.3316197693347931,,0.5038977861404419,,0.6759086847305298,,0.6665729880332947,0.6993778944015503,0.480933666229248,,0.6058225631713867,0.5070208311080933,0.0387946814298629,-0.0562026128172874,0.0783376991748809,0.0096306456252932,,0.1355132758617401,,0.2092470228672027,,0.2087433040142059,0.2220430672168731,0.2102468758821487,,0.0746980905532836,0.0249249618500471
P159,27,165,78.86799461115125,17.6399028239056,Paddy,high,radar dip-and-rise + optical flood within 3 weeks,0.86,0.36,7.1,11,"06-25, 07-07",06-25,Paddy,high,-16.1502742767334,-17.36942481994629,-18.012056350708008,-23.550668716430664,-20.629253387451172,-20.030935287475582,-16.460023880004883,-15.111410140991213,-14.855218887329102,-15.800225257873535,-13.81753635406494,-14.031885147094728,-15.408331871032717,-12.781228065490724,-14.29936408996582,0.4445371627807617,-0.23593425750732422,-4.00520133972168,-7.07274055480957,-5.829561233520508,-3.4499282836914027,0.03394794464111328,0.7416133880615217,0.33452463150024414,-1.9683923721313477,0.6213283538818377,0.13810825347900213,-0.893186569213869,2.8445701599121076,0.6234192848205566,-8.376299858093262,-10.79104232788086,-14.675801277160645,-17.66478729248047,-10.997918128967283,-9.4993257522583,-9.91153621673584,-7.412126064300537,-9.077049255371094,-9.760154724121094,-10.697671890258787,-9.549761772155762,-10.582602500915527,-8.76552677154541,-6.870424747467041,0.3850803971290588,0.3629107773303985,0.1561521738767624,0.1963695138692855,,,,0.7629516124725342,,0.7081982493400574,0.8594928979873657,0.6054102778434753,0.3329704701900482,0.2879140377044678,0.2612900733947754,-0.0495395883917808,0.0190385300666093,0.1403499096632003,0.102187693119049,,,,0.3007045388221741,,0.3431059420108795,0.3282663226127624,0.2752259969711303,0.0803391560912132,-0.1209093555808067,-0.145452469587326
P160,27,165,78.78175634387577,17.647448672292207,Perennial,medium,green from June and stable radar all season,0.68,0.49,2.6,11,06-25,,Review,low,-13.070714950561523,-13.125652313232422,-15.539596557617188,-15.921881675720217,-13.743940353393556,-13.766596794128418,-13.468256950378418,-15.233975410461426,-14.304485321044922,-15.740914344787598,-14.930949211120604,-15.94626235961914,-14.70748805999756,-14.808527946472168,-16.38473892211914,3.076634407043457,4.12863826751709,-1.0616216659545898,1.0931797027587873,1.6296000480651838,1.4627866744995117,2.9096384048461914,-0.47135019302368164,0.5751066207885742,-0.625884532928465,0.18356227874756037,-1.613847255706787,0.026838779449461114,1.330418586730957,-1.680222511291504,-10.399785041809082,-10.23259162902832,-6.631990909576416,-9.62862777709961,-8.546294212341309,-7.113732814788818,-9.66127872467041,-7.505201816558838,-9.207987785339355,-7.409351348876953,-8.655261039733887,-10.590296745300291,-7.317139148712158,-6.875195503234863,-10.707915306091309,0.5299842357635498,0.4401901960372925,,0.4640967547893524,0.3739204406738281,0.3104901015758514,,0.4491596221923828,,0.4756525158882141,0.6841529607772827,0.6526672840118408,,0.6579092144966125,0.4196217954158783,0.0949529930949211,0.0286162123084068,,0.0825111046433448,0.0966637507081031,0.1908268928527832,,0.1498935520648956,,0.1961443573236465,0.2143718898296356,0.1875653564929962,,0.1244873404502868,0.0773889422416687
P161,27,165,78.8248754775135,17.63666888888277,Review,low,radar dip but optical shows dry soil soon after,0.81,0.37,6.7,9,"07-19, 11-16",,Review,low,-19.60687828063965,-17.127824783325195,-14.355552673339844,-16.219911575317383,-22.983625411987305,-20.897550582885746,-20.967775344848633,-18.123849868774418,-18.356014251708984,-15.683234214782717,-16.51141357421875,-14.27143669128418,-13.858474731445312,-15.821592330932615,-21.050153732299805,-3.459528923034668,-0.2122030258178711,-0.03989839553833008,0.4182138442993164,-9.214409828186035,-5.15675258636475,-6.496831893920898,-2.881175041198734,-3.6039414405822754,-0.6111402511596697,-1.9620709419250488,0.09762001037597656,1.1435513496398926,-0.3940544128417951,-5.939429759979248,-10.175728797912598,-11.380861282348633,-9.45345687866211,-9.876357078552246,-14.88280200958252,-14.563669204711914,-10.220202445983888,-9.394927978515623,-7.64421272277832,-8.870448112487793,-8.621935844421387,-11.390210151672363,-9.287079811096191,-8.737632751464844,-9.382164001464844,0.3188529014587402,,0.4129801392555237,0.3308582901954651,,0.2816811800003052,,0.4985479414463043,,,0.808574914932251,0.6668593883514404,,0.4417359828948974,0.2676405310630798,-0.0850058645009994,,0.0573164299130439,0.083646148443222,,0.2286145240068435,,0.3193856477737427,,,0.2694565653800964,0.3332624137401581,,-0.0188979543745517,-0.1158795058727264
P162,27,165,78.8706895570036,17.719942715720652,Other kharif crop,high,"clear green-up, no flooding",0.79,0.22,5.2,11,,,Other kharif crop,high,-16.198144912719727,-15.369277954101562,-13.107918739318848,-18.407752990722656,-19.652496337890625,-18.5251522064209,-16.23261070251465,-16.13734245300293,-16.827190399169922,-17.396697998046875,-14.047303199768066,-12.254921913146973,-13.356745719909668,-14.661450386047363,-14.803933143615724,0.6687593460083008,1.8793468475341797,1.3597822189331055,-1.844024658203125,-4.013387680053711,-2.3784608840942383,0.37506771087646484,-0.6458024978637695,-1.9261794090270996,-1.6846237182617188,0.39156150817871094,2.0531563758850098,1.5959458351135254,0.4654202461242676,-0.3180742263793963,-12.517656326293944,-6.38649845123291,-7.366390228271484,-10.469074249267578,-11.389670372009276,-12.294075012207031,-6.441781997680664,-4.943216800689697,-6.057854175567627,-7.311511993408203,-9.631686210632324,-8.279319763183594,-8.792734146118164,-11.075942039489746,-10.605368614196776,0.2165114432573318,0.1895588040351867,0.2883322536945343,0.2445555180311203,,0.3613972067832947,,0.620924174785614,0.5955384373664856,,0.7866235971450806,0.6110329031944275,,0.548484742641449,0.4479641616344452,-0.1528447866439819,-0.1651881337165832,0.0091574760153889,0.084205761551857,,0.2459478080272674,,0.277073323726654,0.3425983190536499,,0.3383931517601013,0.2771452963352203,,0.1134222969412803,0.003818025579676
P163,28,165,78.91057475561851,16.967244339156903,Perennial,medium,green from June and stable radar all season,0.67,0.55,3.0,9,,,Review,low,-13.97731876373291,-14.71777629852295,-11.616637229919434,-15.85744285583496,-14.14391040802002,-13.064278602600098,-14.742301940917969,-15.011581420898438,-15.55179214477539,-16.093456268310547,-12.274809837341309,-15.72004222869873,-12.73764705657959,-15.73171043395996,-14.543448448181152,2.376140594482422,3.741358757019043,4.444421291351318,3.4725551605224627,0.7654743194580078,1.6413278579711914,-0.22679424285888672,-0.8619165420532227,-0.8284969329833984,-1.0342521667480469,1.4719223976135254,-1.095869541168213,1.9702625274658203,-0.9477953910827619,0.7453980445861816,-9.163872718811035,-8.382288932800293,-8.000802040100098,-7.523667335510254,-7.676780700683594,-5.666919708251953,-10.683246612548828,-9.413676261901855,-5.486838340759277,-7.486783981323242,-7.646399974822998,-8.783882141113281,-7.519900321960449,-7.893484115600586,-8.572723388671875,0.5498026609420776,0.5584102272987366,,0.3079839944839477,,0.4044832289218902,,0.5070244669914246,,,0.626231849193573,,0.532951295375824,0.6725836396217346,0.5961015224456787,0.0336850732564926,0.1183036938309669,,0.1207882091403007,,0.0893953144550323,,0.1660038232803344,,,0.2266608625650406,,0.2449842393398285,0.2190462797880172,0.1816325634717941
P164,28,165,78.78472078431336,16.968591812083083,Other kharif crop,medium,"moderate green-up, no flooding",0.48,0.35,5.7,13,10-23,,Other kharif crop,medium,-17.967859268188477,-19.247257232666016,-16.949485778808594,-17.492023468017578,-14.422621726989746,-13.378582000732422,-14.344651222229004,-18.721200942993164,-15.02462387084961,-15.060197830200195,-12.811437606811523,-18.049501419067383,-21.125526428222656,-20.094554901123047,-17.41008186340332,-4.042640686035156,-2.4163856506347656,-1.2529888153076172,0.3226919174194336,2.0860748291015625,1.9991984367370605,0.49034643173217773,-2.753795623779297,-1.5707836151123047,-0.6982321739196777,-0.17737913131713867,-3.8505282402038574,-7.509808540344238,-5.5303568840026855,-2.3135814666748047,-7.301464080810547,-7.388872146606445,-7.000799179077148,-9.283077239990234,-7.116701602935791,-3.7931876182556152,-6.332914352416992,-6.049465179443359,-5.175786018371582,-5.896420001983643,-7.899106979370117,-7.934046745300293,-10.53566074371338,-10.718584060668944,-11.357358932495115,0.2648293972015381,0.3770731985569,0.3493989109992981,0.231926217675209,0.3784541487693786,0.3491026163101196,0.3639446198940277,0.4224953949451446,,0.4374389052391052,0.475214421749115,0.2891750633716583,,0.2603916823863983,0.2746163010597229,-0.0184024572372436,0.0938554555177688,0.094936229288578,0.0767144337296485,0.097298540174961,0.1997753679752349,0.2975265383720398,0.1334093362092971,,0.2429763376712799,0.1352860182523727,0.0024393959902226,,-0.0265060607343912,-0.0234931986778974
P165,28,165,78.94695652462535,16.9882649168053,Review,low,radar dip but optical shows dry soil soon after,0.72,0.22,5.9,10,07-31,,Other kharif crop,high,-16.867111206054688,-16.334318161010742,-15.80044651031494,-18.63076400756836,-17.349164962768555,-20.035907745361328,-17.24497413635254,-18.846435546875,-14.960078239440918,-15.176634788513184,-12.168496131896973,-12.937262535095217,-15.86569118499756,-14.5668306350708,-16.40814971923828,-0.5136518478393555,3.655681610107422,0.09020614624023615,1.2552261352539062,-2.6393275260925293,-5.9938645362854,-2.794424057006836,-4.624181747436523,-0.10622453689575195,0.32053041458129883,1.020249843597412,2.0933990478515607,-1.1577816009521502,0.7995243072509766,-1.1193032264709473,-9.330060958862305,-10.072592735290527,-5.65713357925415,-6.646908760070801,-7.286436080932617,-5.573605060577393,-6.513881206512451,-7.342957496643066,-9.175482749938965,-5.760227680206299,-7.064600467681885,-8.509307861328125,-9.764559745788574,-8.461219787597656,-9.772947311401367,0.2831746935844421,0.2183634042739868,0.2133124321699142,0.1564698219299316,,0.1757713258266449,,0.4073921740055084,,,0.6453484296798706,0.721360981464386,,0.5694627165794373,0.4044140577316284,-0.0367770045995712,-0.0594182349741458,-0.0062145963311195,0.0743699744343757,,0.0902850478887558,,0.2100026309490203,,,0.3061244189739227,0.3844510912895202,,0.1971864253282547,0.0853256434202194
P166,28,165,78.87257601910025,16.927089645956762,Other kharif crop,high,"clear green-up, no flooding",0.69,0.12,8.9,9,,,Other kharif crop,high,-20.804128646850582,-22.247434616088867,-15.459634780883787,-19.614107131958008,-13.275815963745115,-16.364957809448242,-11.420689582824709,-13.972427368164062,-12.604148864746094,-12.701523780822754,-12.99330711364746,-12.376084327697754,-16.296005249023438,-17.302692413330078,-16.476503372192383,-5.985534191131588,-4.562748908996582,1.0511417388916033,-1.799391746520996,3.232880592346193,-1.559384822845459,3.939058303833006,4.037567138671875,0.9414420127868652,1.970564842224121,-0.40994644165038885,2.5109877586364746,-2.2261104583740234,-2.6214866638183594,-1.380533218383789,-10.216050148010254,-10.412446975708008,-4.936482906341553,-8.71504020690918,-6.043237209320068,-7.1775970458984375,-4.741275787353516,-5.007561206817627,-3.245177984237671,-4.415684223175049,-6.350471496582031,-6.620113372802734,-5.4153313636779785,-7.375909328460693,-9.150238037109377,0.1164578273892402,0.0534997805953025,0.1696746945381164,0.2387556582689285,,0.5006328225135803,,0.6883957386016846,,,0.5171905755996704,,,0.5424796342849731,0.555587649345398,-0.2504378259181976,-0.1822186857461929,-0.0609133765101432,-0.0739483386278152,,0.1778830289840698,,0.2935987412929535,,,-0.003061820520088,,,0.0305995196104049,0.0416423119604587
P167,28,165,78.89278811299295,17.02464668581214,Paddy,high,radar dip-and-rise + optical flood within 3 weeks,0.68,0.25,6.5,11,"06-25, 07-19",08-12,Review,low,-13.87311840057373,-19.035053253173828,-19.64374542236328,-20.98294258117676,-22.40620803833008,-20.129716873168945,-19.49914932250977,-18.478179931640625,-15.94470500946045,-16.599857330322266,-16.251436233520508,-13.6327486038208,-14.490710258483888,-16.235071182250977,-16.771953582763672,2.165104866027832,-1.5073461532592773,-4.654182434082031,-1.4017944335937536,-7.291795253753666,-6.616724014282227,-5.282060623168949,-3.8089380264282227,-1.3129000663757324,-2.564297676086426,-3.422671318054199,-0.4386124610900861,0.272580146789549,-1.6222381591796875,-1.140115261077879,-4.049672603607178,-10.49706745147705,-12.244296073913574,-15.213433265686035,-12.045990943908691,-12.834403038024902,-11.09137725830078,-8.95600700378418,-9.92628002166748,-7.493665218353272,-7.587837219238281,-10.320778846740724,-7.035677909851074,-8.880792617797852,-7.410028457641602,0.1913784444332122,0.2928494215011596,0.2465775161981582,0.2470492422580719,,,0.3565095067024231,0.6078640818595886,0.4268811643123626,,0.6847010850906372,,0.462155818939209,0.3708661198616028,0.2972049117088318,-0.1553203463554382,0.0062028635293245,0.0741900503635406,0.0939266607165336,,,0.3539997935295105,0.2667308449745178,0.3133858144283294,,0.2417321503162384,,0.2038015127182006,-0.0554016232490539,-0.095631830394268
P168,28,165,78.89359659674865,17.006051559430865,Review,low,radar dip but optical shows dry soil soon after,0.72,0.15,8.0,9,06-13,,Review,low,-15.659870147705078,-23.36151885986328,-16.321670532226562,-18.124858856201172,-15.668228149414062,-14.190670013427734,-14.872217178344728,-14.326902389526367,-11.526384353637695,-11.008515357971191,-12.165621757507324,-14.817975044250488,-14.925108909606934,-14.215777397155762,-15.285862922668455,0.3783531188964844,-5.8338117599487305,-1.3321075439453125,1.7611312866210938,-0.8085980415344238,-0.48602104187011896,0.2790980339050275,1.9392375946044922,3.4400477409362793,4.050688743591309,0.6631431579589844,-1.2760958671569824,-0.8552141189575195,0.8076715469360352,0.8049530982971209,-1.1192326545715332,-10.012864112854004,-5.551671028137207,-8.21121597290039,-6.40317964553833,-6.346375942230225,-5.319333553314209,-5.983998775482178,-6.217590808868408,-6.740132808685303,-8.143019676208496,-8.012940406799316,-6.34063720703125,-5.853977203369141,-8.434502601623535,0.1599234789609909,,0.143645167350769,0.1900113224983215,,,,0.6810643672943115,,,0.7169011235237122,0.643821656703949,0.5536962151527405,0.6561229228973389,0.6030967235565186,-0.2078537791967392,,-0.0843101814389228,-0.0031032396946102,,,,0.2771736085414886,,,0.2331286072731018,0.1670936495065689,0.2035723030567169,0.1275652647018432,0.0925413966178894
P169,29,92,79.91336410728113,16.729550114978878,Review,low,radar dip but optical shows dry soil soon after,0.78,0.1,9.9,9,06-25,,Review,low,-21.85297584533691,-21.489578247070312,-27.34286880493164,-22.646469116210938,-20.514923095703125,-20.97269058227539,-20.021812438964844,-17.710641860961914,-18.80628204345703,-18.558822631835938,,-16.40035057067871,-15.175655364990234,,-12.704056739807127,-2.3771944046020472,-3.2752723693847656,-10.45193862915039,-4.168173789978027,-4.515932559967041,-1.8127212524414062,-0.9353199005126953,1.6982221603393555,-1.687662124633789,-2.2718963623046875,,0.41121673583984375,-1.3721303939819336,,2.6521382331848162,-11.28671169281006,-11.413984298706056,-12.220125198364258,-13.705450057983398,-9.465161323547363,-10.460739135742188,-14.4850435256958,-4.914540767669678,-11.28691291809082,-9.77095890045166,,-9.11025333404541,-5.051494598388672,,-8.181265830993652,0.1047074496746063,,0.0961812436580658,0.1484519988298416,,0.087520882487297,,0.3377138972282409,,,0.3350321650505066,0.4681144058704376,,0.6568252444267273,0.7762981653213501,-0.1810743510723114,,-0.1437743753194809,-0.2085852473974228,,-0.1239969134330749,,0.0786264389753341,,,-0.012362228706479,0.0031905274372547,,0.1830426454544067,0.2797348797321319
P170,29,92,79.75840472077051,16.811745963475815,Other kharif crop,high,"clear green-up, no flooding",0.91,0.17,4.3,11,07-19,,Other kharif crop,high,-18.824691772460938,-18.073078155517575,-16.242034912109375,-17.884124755859375,-20.604820251464844,-16.94753646850586,-18.964588165283203,-20.274173736572266,-17.2900390625,-16.881601333618164,,-16.520729064941406,-15.001058578491213,,-14.628046035766602,1.095200538635254,-0.7024469375610316,1.7247848510742188,-0.6884679794311523,-5.098452091217041,2.60060977935791,2.5185413360595703,-0.3566474914550781,1.1556720733642578,-0.18195056915283203,,-1.1493158340454102,-0.46015310287475764,,1.735764503479004,-12.998781204223633,-11.237628936767578,-10.529848098754885,-11.10561180114746,-10.83732795715332,-8.638547897338867,-9.559612274169922,-7.217334270477295,-7.225344657897949,-8.573335647583008,,-10.625555038452148,-10.932661056518556,,-6.30047607421875,0.193797767162323,0.1656065285205841,0.0838897228240966,0.121950440108776,,0.1325640380382537,,0.5514252185821533,0.7761518359184265,0.9085755348205566,0.8518868088722229,,,0.7154438495635986,0.317796915769577,-0.1059483885765075,-0.0398896001279354,-0.0548197478055954,-0.2131784111261367,,0.0008850162266753,,0.2912096679210663,0.3718973398208618,0.3818556368350982,0.3999179303646087,,,0.3945286870002746,0.0766977667808532
P171,29,92,79.87698233827429,16.755691089746758,Other kharif crop,high,"clear green-up, no flooding",0.82,0.12,8.2,10,,,Other kharif crop,high,-20.33330535888672,-19.322532653808594,-20.43214225769043,-19.668210983276367,-20.712085723876953,-20.916345596313477,-16.035558700561523,-14.201589584350586,-15.314193725585938,-15.934996604919434,,-13.08716106414795,-11.869455337524414,,-14.257081985473633,-0.7669525146484375,-0.9028682708740234,-2.97265625,-1.7704534530639648,-4.838925838470459,-2.0927696228027344,2.9848098754882812,4.564133644104004,1.8044261932373047,1.0019760131835938,,3.6381521224975586,2.3608508110046387,,1.0991129875183105,-13.633007049560549,-13.870179176330566,-10.71142578125,-10.579960823059082,-12.019970893859863,-9.271207809448242,-9.690141677856444,-4.438573837280273,-5.850747585296631,-5.11551570892334,,-6.516506195068359,-3.1028623580932617,,-7.238829612731934,0.1939083635807037,0.1147019043564796,0.1230737194418907,0.1680777370929718,,0.2301373183727264,,0.5259630680084229,,,0.8188538551330566,0.8141248226165771,,0.7421032190322876,0.7224946618080139,-0.1516375690698623,-0.236531525850296,-0.0976965129375457,-0.2232088446617126,,-0.0242022238671779,,0.2036536931991577,,,0.3143368363380432,0.3417468667030334,,0.1788310110569,0.1654233187437057
P172,29,92,79.81553757284051,16.743833327996377,Other kharif crop,high,"clear green-up, no flooding",0.76,0.18,2.4,11,10-11,,Other kharif crop,high,-19.50460433959961,-14.270912170410156,-17.68970489501953,-17.082475662231445,-15.801886558532717,-17.70644760131836,-13.484895706176758,-15.664918899536133,-16.924604415893555,-16.049762725830078,,-18.962844848632812,-14.499524116516112,,-16.082664489746094,0.8341894149780273,4.970308303833008,1.122178077697754,2.0368356704711914,0.41249370574950994,3.238070487976074,6.9059553146362305,4.532676696777344,1.7411260604858398,1.0659656524658203,,-3.1096935272216797,-0.25140476226806285,,-0.7264695167541504,-11.542559623718262,-10.837121963500977,-12.587030410766602,-10.637999534606934,-7.656336307525635,-8.85464859008789,-10.325372695922852,-12.208452224731444,-12.24904441833496,-8.899994850158691,,-9.239577293395996,-7.727473735809326,,-11.506063461303713,0.2275030761957168,0.1821217536926269,0.1431175321340561,0.1306940019130706,,0.2972985506057739,,0.3062617778778076,,0.7434912323951721,0.6941304206848145,,0.7612724304199219,0.7353649735450745,0.3858887553215027,-0.1240617930889129,-0.0174082815647125,-0.0867840647697448,-0.0901628956198692,,0.1352218687534332,,0.1883438378572464,,0.2209308892488479,0.2986109256744385,,0.366012692451477,0.3153720200061798,-0.0588139779865741
P173,29,92,79.85326681477353,16.74652827384874,Review,low,radar dip but optical shows dry soil soon after,0.79,0.24,8.6,12,"08-12, 08-24",,Review,low,-20.344282150268555,-19.532655715942383,-15.719995498657228,-18.58695411682129,-11.383312225341797,-18.07462501525879,-24.094511032104492,-24.975162506103516,-13.640119552612305,-19.267332077026367,,-16.20406150817871,-15.814059257507324,,-15.484810829162598,-0.7779293060302734,-0.9161624908447266,1.7394905090332013,-0.46007347106933594,4.83106803894043,2.169811248779297,-5.602754592895508,-6.039364814758301,4.3111419677734375,-2.801650047302246,,0.5814409255981445,-2.0105342864990234,,-0.5761280059814453,-12.87614631652832,-9.354488372802734,-10.561348915100098,-12.020306587219238,-6.391366004943848,-10.04709815979004,-12.658854484558104,-9.822440147399902,-8.055251121520996,-9.102596282958984,,-12.62674331665039,-9.771385192871094,,-12.843006134033203,0.3329248428344726,0.2180396020412445,0.2376695871353149,0.1935571134090423,,0.2171955108642578,,0.4538520276546478,,0.7621400952339172,0.791183352470398,0.7726148962974548,0.7217215895652771,0.6409077644348145,0.4267536103725433,-0.0558438673615455,-0.0401572659611702,-0.036206230521202,-0.1673696041107177,,0.0286635924130678,,0.2120310515165329,,0.2733207941055298,0.3007214665412903,0.3148057460784912,0.3518626391887665,0.2409997135400772,0.0584210157394409
P174,29,92,79.80556627318678,16.738173941706425,Review,low,radar dip but optical shows dry soil soon after,0.72,0.35,3.9,11,08-24,,Review,low,-19.628101348876953,-15.05837059020996,-17.229267120361328,-15.899313926696776,-14.50800609588623,-17.649599075317383,-17.339818954467773,-26.809289932250977,-18.718976974487305,-18.327695846557617,,-17.644718170166016,-12.937019348144531,,-16.644956588745117,0.7106924057006836,4.182849884033205,1.8128347396850586,3.219997406005861,1.706374168395996,3.294919013977051,3.051032066345215,-7.893460273742676,-0.7677154541015625,-1.7673377990722656,,-1.7915668487548828,1.8132719993591309,,-1.2887616157531738,-11.91487979888916,-10.334417343139648,-9.304332733154297,-9.786962509155272,-8.441622734069824,-10.372758865356444,-9.507574081420898,-15.176331520080566,-12.542451858520508,-10.18585968017578,,-11.40493392944336,-7.222055435180664,,-11.394449234008787,0.3543393313884735,0.1606599986553192,0.3747414946556091,0.3018438816070556,,0.1692424267530441,,0.3081372082233429,,0.7062177658081055,0.7185020446777344,0.604957640171051,,0.6767593026161194,0.381612479686737,-0.0761987715959549,0.0236780568957328,0.0633463338017463,-0.0814549401402473,,-0.0380429588258266,,0.233477234840393,,0.3407532870769501,0.3540592789649963,0.3164930939674377,,0.2674166262149811,0.0284188091754913
P175,30,92,79.96861049725447,16.79773224504355,Other kharif crop,high,"clear green-up, no flooding",0.81,0.13,8.6,9,,,Other kharif crop,high,-19.446958541870117,-21.57299041748047,-19.724637985229492,-19.942453384399418,-16.211048126220703,-17.197052001953125,-15.70197582244873,-14.265385627746582,-15.35838508605957,-16.524089813232422,,-11.82433032989502,-11.947711944580078,,-12.158529281616213,-1.070047378540039,-3.358684539794922,-3.4711570739746094,-1.4641580581665075,0.19166278839111328,3.7474660873413086,4.907201766967773,4.500337600708008,2.1222028732299805,-0.5958132743835449,,4.722418785095215,2.620659828186035,,3.1976656913757306,-9.950836181640623,-7.617864608764648,-8.673834800720215,-8.799434661865234,-5.980433464050293,-8.568657875061035,-9.21295928955078,-5.691185474395752,-7.190654754638672,-8.158522605895996,,-5.030547142028809,-5.092830181121826,,-4.737590312957764,0.1667025983333587,0.0975333675742149,,0.1734676957130432,,0.1735017746686935,,0.482731431722641,,,0.7417080998420715,0.811322808265686,,0.7254131436347961,0.6535357236862183,-0.1768168658018112,-0.2271176278591156,,-0.1651020348072052,,-0.0691265538334846,,0.2166548520326614,,,0.2852170467376709,0.3428084552288055,,0.1949054598808288,0.181060791015625
P176,30,92,79.86970598447292,16.822525746885248,Paddy,high,radar dip-and-rise + optical flood within 3 weeks,0.85,0.46,8.7,11,"07-19, 07-31","07-31, 09-05",Paddy,high,-14.00097942352295,-12.4004545211792,-13.031272888183594,-12.254119873046877,-14.61318588256836,-25.503538131713867,-21.064294815063477,-20.699697494506836,-18.612483978271484,-14.703542709350586,,-17.5336971282959,-12.748034477233888,,-15.227579116821287,4.4461469650268555,5.813851356506348,6.8895416259765625,6.621799468994139,1.457077980041504,-4.890270233154297,-0.4298868179321289,-1.1207590103149414,-1.1318960189819336,2.1282548904418945,,-1.677565574645996,2.3380794525146467,,0.9127779006958026,-7.425487995147705,-7.912808418273926,-9.537425994873049,-9.95256233215332,-7.79330587387085,-10.1314697265625,-9.83325481414795,-9.689092636108398,-10.158167839050291,-7.871660232543945,,-10.35265064239502,-7.560432434082031,,-8.992704391479492,0.4620323181152344,0.5768821835517883,0.327117383480072,0.5286924839019775,,0.0744391307234764,,0.5328147411346436,0.4281879067420959,,0.8473328948020935,,0.6855693459510803,0.5908440947532654,0.3989447355270386,0.2065364718437194,0.1155298128724098,0.1804863363504409,0.1606840193271637,,0.1958691626787185,,0.3168655633926391,0.3922145962715149,,0.3896868824958801,,0.341821938753128,0.2222948372364044,0.0046048904769122
P177,30,92,79.87132295198434,16.8492057108236,Other kharif crop,high,"clear green-up, no flooding",0.79,0.39,5.6,11,,,Other kharif crop,high,-15.398584365844728,-15.786879539489746,-16.230880737304688,-18.36963653564453,-13.492526054382324,-16.16282081604004,-18.01892471313477,-19.72079086303711,-20.11363220214844,-14.092317581176758,,-17.824905395507812,-13.961088180541992,,-14.269815444946287,2.3925132751464826,0.8771896362304688,1.7697620391845703,-0.8335609436035156,2.08138370513916,4.4510393142700195,2.5902528762817347,-0.19649982452392578,-2.174015045166019,2.4122447967529297,,-1.2781562805175781,1.4043817520141602,,2.3219594955444354,-9.03320026397705,-9.752080917358398,-8.406292915344238,-7.110472202301025,-7.939441680908203,-10.731230735778809,-10.01296329498291,-8.48371696472168,-8.324976921081543,-5.346970081329346,,-7.459356307983398,-8.90273666381836,,-10.14421844482422,0.4157509803771972,0.3692968189716339,,0.2908704876899719,,0.1265452802181244,,0.4106016159057617,0.4839532077312469,0.6638975739479065,0.7177318930625916,,0.7609090805053711,0.7853368520736694,0.5328404307365417,-0.0286521688103675,-0.0185687821358442,,-0.0886026173830032,,0.0157132018357515,,0.2090667486190796,0.3758538663387298,0.3037027716636657,0.2884308397769928,,0.3881064653396606,0.3769123554229736,0.2622747719287872
P178,30,92,79.95540526257793,16.86456690218204,Paddy,high,radar dip-and-rise + optical flood within 3 weeks,0.81,0.24,10.0,11,"07-19, 10-11",07-31,Paddy,high,-19.03940773010254,-13.643796920776367,-13.125255584716797,-16.89030647277832,-21.727060317993164,-23.686187744140625,-23.980037689208984,-15.983402252197266,-20.795654296875,-14.245189666748049,,-19.194814682006836,-13.466682434082031,,-16.42473793029785,-1.2142953872680664,4.051156997680664,3.128225326538086,1.1708250045776367,-6.202790260314941,-3.7715301513671875,-3.3708600997924805,2.782320976257324,-3.315066337585449,1.726026535034178,,-2.6480655670166016,0.7876920700073242,,-1.4259390830993652,-13.227334022521973,-7.783933639526367,-8.829996109008789,-6.992448329925537,-14.401693344116213,-16.58604621887207,-15.348145484924316,-10.305200576782228,-10.60805606842041,-11.596095085144045,,-8.997651100158691,-7.318882942199707,,-9.919902801513672,0.2798993587493896,0.2425761222839355,0.1409180760383606,0.1397774219512939,,0.0336077883839607,0.2703040838241577,0.4787022173404693,,0.8103722333908081,0.8063782453536987,,,0.7145904898643494,0.2914915084838867,-0.0779904574155807,0.1035440117120742,-0.0068057416938245,-0.1778906881809234,,0.1690453439950943,0.1916405409574508,0.2319803088903427,,0.3343141078948974,0.3214896619319916,,,0.3486866354942322,-0.0692188069224357
P179,30,92,79.91902349357109,16.869687299301525,Other kharif crop,high,"clear green-up, no flooding",0.74,0.24,4.3,10,,,Other kharif crop,high,-17.714414596557617,-18.749191284179688,-16.276081085205078,-19.164884567260746,-16.196094512939453,-20.24531364440918,-20.15406036376953,-19.43708610534668,-17.648540496826172,-16.735576629638672,,-16.572858810424805,-15.548635482788086,,-16.10445785522461,-1.0015077590942383,-2.366450786590576,-0.24363231658935547,-1.4654350280761754,0.9905500411987305,1.7528753280639648,-0.14308643341064453,-0.01735687255859375,0.44209957122802734,-0.7643604278564453,,0.823735237121582,-1.432891845703125,,-1.105659008026123,-13.137177467346191,-12.104137420654297,-13.588777542114258,-13.545082092285156,-6.738983631134033,-15.58908748626709,-11.59935188293457,-8.337833404541016,-8.966754913330078,-9.074911117553713,,-8.878439903259277,-8.184600830078125,,-11.106043815612791,0.3247281908988952,0.2426523566246032,0.1842492073774337,0.342848926782608,,0.1426889896392822,0.3227687776088714,0.4066956043243408,,,0.735834002494812,,,0.6756768226623535,0.5162116885185242,-0.0635547861456871,-0.0243953466415405,0.0747752785682678,-0.0454285629093647,,0.046964444220066,0.2040948271751403,0.2248989641666412,,,0.285308837890625,,,0.2981153428554535,0.1476851850748062
P180,30,92,79.94570345750944,16.815518887669118,Review,low,radar dip-and-rise; optical inconclusive,0.88,0.13,11.0,9,"06-13, 07-07",,Review,low,-16.18503189086914,-20.012619018554688,-16.552593231201172,-25.05866241455078,-16.60932731628418,-25.256372451782227,-21.114755630493164,-18.15080451965332,-16.45850372314453,-18.42201042175293,,-17.050275802612305,-13.64596176147461,,-14.485406875610352,2.1918792724609375,-2.683608055114746,1.4477663040161133,-6.2914018630981445,0.4920816421508789,-4.643104553222656,-1.676513671875,0.3948373794555664,1.6030120849609375,-2.4937338829040527,,-0.5035266876220703,0.3171839714050293,,1.1806116104125977,-9.413647651672363,-10.385893821716309,-10.973278045654297,-15.20401668548584,-5.837641716003418,-12.476497650146484,-9.05877685546875,-8.201600074768066,-9.801262855529783,-9.913066864013672,,-10.091826438903809,-9.450515747070312,,-8.982325553894043,0.1441892087459564,0.0880021080374717,0.1301759779453277,0.1345375031232834,,,,0.64332115650177,,0.8806942701339722,0.8481364846229553,,,0.5369480848312378,0.3982954323291778,-0.1519574671983719,-0.1515891999006271,-0.0424171201884746,-0.0898019671440124,,,,0.3307571411132812,,0.3576469123363495,0.3705985844135284,,,0.1647275686264038,0.070119708776474
P181,31,92,79.65006789750569,16.81605787683959,Review,low,radar dip but optical shows dry soil soon after,0.81,0.29,9.3,10,"08-12, 08-24",,Review,low,-22.735679626464844,-17.425716400146484,-16.92451286315918,-16.823566436767578,-12.550074577331545,-16.239612579345703,-23.117450714111328,-25.433597564697266,-19.346355438232425,-16.471282958984375,,-16.76923942565918,-12.932514190673828,,-14.781840324401855,-4.047693252563477,0.19087791442871094,0.8169012069702148,-0.057061195373535156,2.6871442794799787,2.8544092178344727,-2.60158634185791,-6.807988166809082,-1.8846740722656286,0.3784923553466797,,-0.16048812866210938,1.9269051551818848,,0.5432429313659668,-9.300408363342283,-9.3236665725708,-10.02550983428955,-10.699820518493652,-7.4513044357299805,-9.128532409667969,-13.003918647766112,-11.26067352294922,-9.059165000915527,-11.944954872131348,,-11.328387260437012,-8.952905654907227,,-11.015296936035156,0.210117369890213,0.4929679334163666,0.2918200492858886,0.20126473903656,,0.1610144674777984,,0.4111494421958923,,0.8075428009033203,0.8025968074798584,,,0.6996174454689026,0.3668335378170013,-0.1099871769547462,0.1249812543392181,-0.039478201419115,-0.1133674532175064,,0.0850786864757537,,0.2126549631357193,,0.3311100304126739,0.3311821222305298,,,0.3204374015331268,0.0091612786054611
P182,31,92,79.55412782516173,16.84192935702223,Review,low,optical flood without radar growth afterwards,0.86,0.35,3.7,10,,07-31,Review,low,-16.821535110473633,-16.137592315673828,-18.034183502197266,-18.4493465423584,-15.030963897705078,-19.12841033935547,-19.62343978881836,-18.03672981262207,-15.034120559692385,-18.361879348754883,,-16.64712142944336,-15.226548194885254,,-15.564990043640137,2.43710994720459,0.5371408462524414,-0.7870607376098633,-1.736440658569336,-0.22290277481079102,-0.9758281707763672,-0.24663829803466797,0.9159822463989258,2.824326515197752,-1.933272361755371,,-0.1243295669555664,-0.8401641845703125,,-0.23346376419067383,-11.725202560424805,-12.83377456665039,-12.873456001281738,-12.545963287353516,-5.910009860992432,-7.507933139801025,-12.27724838256836,-11.09014129638672,-8.077600479125977,-12.56152057647705,,-9.15581512451172,-8.956204414367676,,-8.226222038269043,0.3463280797004699,0.3600870668888092,0.1374207139015197,0.1154382973909378,,0.1190060228109359,,0.592231035232544,,,0.8561216592788696,,0.7656099796295166,0.5655067563056946,0.3432619571685791,-0.0176083650439977,0.0445410311222076,-0.1035823374986648,-0.1175421923398971,,0.1058583036065101,,0.2351743131875991,,,0.3283943831920624,,0.3292553722858429,0.195150539278984,0.0009120473987422
P183,31,92,79.50292385396692,16.870226288471997,Other kharif crop,high,"clear green-up, no flooding",0.83,0.41,3.0,11,,,Other kharif crop,high,-14.629179000854492,-15.436158180236816,-16.206985473632812,-14.704035758972168,-13.409894943237305,-18.35472869873047,-16.398921966552734,-12.436553001403809,-16.353391647338867,-14.428315162658691,,-13.087096214294434,-13.7108793258667,,-14.322875022888184,4.055080413818359,0.9241466522216797,1.8922157287597656,3.2987403869628906,1.3472881317138672,0.1846942901611328,2.0083675384521484,6.5161590576171875,1.0021705627441406,1.6610774993896484,,2.7965903282165527,1.0659465789794922,,1.1849045753479004,-7.102714538574219,-6.906047821044922,-7.305944442749023,-8.287161827087402,-7.78962516784668,-5.909145355224609,-6.418955326080322,-5.602067947387695,-7.685744762420654,-8.896947860717773,,-10.347648620605469,-5.729007244110107,,-9.942842483520508,0.3922784626483917,0.4194844961166382,,0.3047132790088653,,0.3546199798583984,0.4780276119709015,0.537034809589386,,0.6785987019538879,0.7502427697181702,0.8294788599014282,,0.7752009034156799,0.592574417591095,-0.0915882736444473,-0.07607302069664,,-0.0616971924901008,,0.0466536879539489,0.1313227266073227,0.2071627080440521,,0.3229183554649353,0.3307894170284271,0.3566314280033111,,0.3190387785434723,0.1574701070785522
P184,31,92,79.60667926928272,16.819561306447653,Review,low,radar dip but optical shows dry soil soon after,0.75,0.21,4.7,10,"08-12, 11-16",,Review,low,-20.358850479125977,-19.899330139160156,-18.16421890258789,-16.45979881286621,-13.975507736206056,-17.950435638427734,-22.982025146484375,-19.762723922729492,-17.58381462097168,-18.403654098510746,,-16.57038116455078,-14.96600341796875,,-20.433490753173828,-1.6708641052246094,-3.125441551208496,-0.8485164642333984,0.41736698150634766,1.251417160034178,1.1435861587524414,-2.8523635864257812,-1.1371145248413086,0.15249919891357422,-1.5371217727661168,,0.13779926300048828,-0.29844236373901367,,-5.387400150299072,-14.360371589660645,-11.586722373962402,-13.101207733154297,-9.744256973266602,-3.044032573699951,-8.421426773071289,-11.342877388000488,-14.534345626831056,-7.12987756729126,-7.846209526062012,,-9.7368803024292,-7.020049571990967,,-12.084218978881836,0.2343495786190033,0.2096393257379531,0.1988553702831268,0.1568071544170379,,0.1392034292221069,,0.4522275626659393,,0.7458372116088867,0.7476775646209717,,,0.5926510691642761,0.2089874148368835,-0.1050506085157394,-0.0409067794680595,-0.0607561580836772,-0.1254452317953109,,-0.0141972564160823,,0.2534693479537964,,0.2762521505355835,0.308149516582489,,,0.2185123711824417,-0.1172216236591339
P185,31,92,79.60910472054985,16.95376960989511,Paddy,high,radar dip-and-rise + optical flood within 3 weeks,0.85,0.19,8.4,9,08-12,07-31,Paddy,high,-18.996252059936523,-18.306520462036133,-18.47419548034668,-19.92062759399414,-15.70203685760498,-17.20472526550293,-27.898237228393555,-23.125558853149418,-20.762849807739254,-16.442224502563477,,-18.020917892456055,-13.32786750793457,,-16.218605041503906,-1.3295412063598633,-1.685441017150879,-1.288102149963379,-1.9608936309814453,0.5247721672058105,1.4466543197631836,-7.100380897521973,-3.1800203323364293,-2.716049194335934,0.6677818298339844,,-2.4848294258117676,1.2962636947631836,,-0.5185470581054688,-10.647140502929688,-10.398357391357422,-9.47895050048828,-10.138421058654783,-9.49203872680664,-10.78372859954834,-17.713146209716797,-12.810999870300291,-8.86549186706543,-10.281367301940918,,-7.499135494232178,-7.707366943359375,,-7.938594341278076,0.2015092968940735,0.1871076673269271,,0.16468445956707,,0.1227428838610649,,0.4724896550178528,,,0.8525434732437134,,0.5670289993286133,0.7332596778869629,0.384984403848648,-0.1474488377571106,-0.1701702773571014,,-0.1923101842403412,,0.2429673969745636,,0.3187405467033386,,,0.3656931519508362,,0.313951313495636,0.3540383279323578,-0.0016606077551841
P186,31,92,79.6109911826465,16.929245602638648,Paddy,high,radar dip-and-rise + optical flood within 3 weeks,0.85,0.3,10.0,11,08-12,07-31,Paddy,high,-17.63665008544922,-16.179075241088867,-16.85316276550293,-16.597126007080078,-14.059906959533691,-17.70005989074707,-24.62445640563965,-23.7362117767334,-17.822853088378906,-16.038700103759766,,-15.988122940063477,-15.33108901977539,,-13.760489463806152,-0.37749671936035156,0.6161766052246094,1.401026725769043,2.345884323120117,1.6737489700317383,1.4156999588012695,-3.8266000747680664,-3.8549747467041016,0.09376049041748047,1.2065048217773438,,-0.45203447341918945,-0.7069578170776367,,2.057054042816162,-11.519835472106934,-6.6849493980407715,-8.275586128234863,-11.525028228759766,-9.28503131866455,-13.846866607666016,-13.483470916748049,-10.569425582885742,-9.463354110717772,-7.208797454833984,,-8.79649543762207,-9.260640144348145,,-10.57009506225586,0.3000697791576385,0.3406763076782226,0.1927376091480255,0.1796304583549499,,0.1281726956367492,,,,0.84926438331604,0.8423086404800415,0.8119889497756958,0.8375928997993469,0.8075696229934692,0.6883902549743652,-0.0464557185769081,-0.021706573665142,-0.0559820085763931,-0.0595448762178421,,0.1198976412415504,,,,0.3014028966426849,0.3207967579364776,0.3985059261322021,0.4255760014057159,0.412736713886261,0.3177436292171478
P187,32,92,79.73388071351405,17.193619790755022,Paddy,medium,optical flood + radar growth afterwards (shallow dip),0.66,0.57,6.9,11,06-25,08-12,Paddy,high,-14.952019691467283,-13.068222045898438,-20.697736740112305,-17.791004180908203,-15.497635841369627,-20.681467056274418,-21.198057174682617,-16.09659194946289,-20.96002197265625,-20.925050735473633,,-14.991374015808104,-15.487607955932615,,-15.3640775680542,1.7895565032959002,1.6004695892333984,-3.2461042404174805,-1.7220816612243652,-0.016586303710935724,-2.0267314910888707,-3.8357086181640625,0.2117633819580078,-3.746731758117676,-4.189255714416504,,1.0986671447753924,-1.0558285713195783,,-0.8540949821472168,-10.089242935180664,-13.471004486083984,-11.357813835144045,-12.5487699508667,-9.63442325592041,-11.078896522521973,-9.726449966430664,-5.608829498291016,-9.927626609802246,-8.055746078491211,,-10.17635726928711,-9.376928329467772,,-8.618060111999512,0.5365257859230042,0.5986828804016113,,0.2451680302619934,,0.118818275630474,0.0982884168624877,0.2199321538209915,,,0.3035865426063537,0.6031640768051147,0.6632339358329773,0.6590709090232849,0.6513172388076782,0.0462295152246952,0.0787151232361793,,-0.0734236389398574,,-0.0511399991810321,0.0803561583161354,-0.0437698736786842,,,-0.0060745892114937,0.2034502178430557,0.2494445443153381,0.1863437741994857,0.1979249864816665
P188,32,92,79.86242963067156,17.22110823844908,Other kharif crop,high,"clear green-up, no flooding",0.77,0.22,10.8,9,,,Other kharif crop,high,-23.69500732421875,-15.544227600097656,-22.215442657470703,-18.14417839050293,-20.20242500305176,-17.208707809448242,-14.554584503173828,-14.245288848876951,-14.795705795288086,-13.885968208312988,,-13.831998825073242,-13.890440940856934,,-11.367618560791016,-6.165949821472168,-0.19927024841308594,-4.696429252624512,-1.8332462310791016,-4.622047901153568,3.1940631866455114,3.5085878372192383,2.781891822814943,3.4823312759399414,3.2716054916381836,,2.500607490539551,0.7831273078918457,,4.671454906463623,-10.176606178283691,-6.348072528839111,-12.551345825195312,-11.71650218963623,-10.483026504516602,-11.997909545898438,-7.385672569274902,-7.535838603973389,-7.423544406890869,-6.605717182159424,,-5.627926826477051,-7.561823844909668,,-6.712028503417969,0.2220885455608368,,,0.2168184071779251,,0.1312710046768188,0.2734991312026977,0.475527673959732,,,0.6410816311836243,0.5925586223602295,,0.76702880859375,0.6949881315231323,-0.2074834108352661,,,-0.0333170033991336,,-0.036767654120922,0.2224335521459579,0.090891882777214,,,0.2009031623601913,0.2281495779752731,,0.2995209097862243,0.2724211812019348
P189,32,92,79.83682764507415,17.208980982113466,Other kharif crop,high,"clear green-up, no flooding",0.6,0.3,4.1,9,,,Other kharif crop,high,-15.649413108825684,-15.076152801513672,-17.269367218017578,-15.933422088623049,-14.095598220825195,-18.10068130493164,-17.173904418945312,-16.740304946899414,-17.998579025268555,-12.45582103729248,,-13.678983688354492,-14.962257385253906,,-16.381187438964844,2.7529001235961914,0.5028419494628906,0.502140998840332,1.1700000762939435,1.5419979095458984,2.302089691162113,1.449941635131836,0.2344532012939453,0.27945804595947266,4.701752662658691,,2.84792423248291,-0.28868913650512695,,-0.7545433044433594,-5.195735454559326,-0.3330820500850677,-8.460567474365234,-8.892719268798828,-4.2851481437683105,-9.253617286682127,-10.94426441192627,-7.412687301635742,-5.883772373199463,-7.609659194946289,,-9.120410919189451,-7.790928840637207,,-8.548596382141113,0.3020534515380859,,,0.1645579636096954,,0.1189491599798202,,0.3550913035869598,,,0.4145352244377136,0.494427889585495,0.5370094776153564,0.5877338647842407,0.602410078048706,-0.1369472444057464,,,-0.1580756157636642,,0.0078408829867839,,0.0461132638156414,,,0.1304285079240799,0.0551437921822071,0.1362664550542831,0.1282325536012649,0.124092698097229
P190,32,92,79.75867421535575,17.196045242022144,Other kharif crop,high,"clear green-up, no flooding",0.55,0.2,3.7,11,,,Other kharif crop,high,-19.38430976867676,-14.403603553771973,-17.327739715576172,-15.49738311767578,-15.57448673248291,-19.954137802124023,-17.110443115234375,-16.313621520996094,-18.18661117553711,-16.598215103149414,,-16.502103805541992,-14.401263236999512,,-13.659414291381836,-2.097990989685062,0.9648418426513672,1.4190654754638672,0.8135490417480487,0.018793582916259766,-2.226130485534668,0.3525838851928711,-0.11378097534179688,-0.010379791259765625,0.1288003921508789,,-1.7499113082885742,0.4304037094116211,,1.9672298431396484,-11.617244720458984,-9.67220687866211,-10.59761905670166,-8.940818786621094,-8.362204551696777,-8.809853553771973,-9.527523040771484,-6.72919225692749,-7.938016891479492,-8.730887413024902,,-6.321194648742676,-6.4391984939575195,,-8.359946250915527,0.2099847644567489,0.1890644133090973,,0.2383909523487091,,0.2242015898227691,0.2909906208515167,0.2861919105052948,,,0.5165526270866394,0.503907322883606,0.5460473895072937,0.4695676565170288,0.4570457637310028,-0.1863138973712921,-0.2413770705461502,,-0.0642620772123336,,-0.0552450716495513,0.1611513942480087,0.175858661532402,,,0.1698635220527649,0.1408986002206802,0.1611953228712082,0.0624159723520278,-0.0016079463530331
P191,32,92,79.87455688700716,17.21679632508531,Paddy,high,radar dip-and-rise + optical flood within 3 weeks,0.67,0.22,7.8,10,07-19,"07-07, 08-12",Paddy,high,-18.790536880493164,-16.22705841064453,-17.71028709411621,-19.77219009399414,-25.84549903869629,-23.068286895751953,-19.685047149658203,-16.635459899902344,-15.741337776184082,-17.78412437438965,,-18.467958450317383,-14.380966186523438,,-16.188936233520508,-0.8462314605712891,-0.9168682098388672,0.8931636810302734,-2.6687679290771484,-10.207902908325195,-3.0291805267333984,-2.222020149230957,0.3917207717895508,2.5366992950439453,-0.9770069122314453,,-2.13535213470459,0.4507007598876953,,-1.086132526397705,-10.502685546875,-7.999763488769531,-8.793445587158203,-10.887946128845217,-11.45132541656494,-12.18502712249756,-9.767979621887209,-10.626770973205566,-9.972604751586914,-10.73227310180664,,-13.491148948669434,-9.8372802734375,,-9.789856910705566,0.2044739425182342,0.2315212786197662,,0.1640677750110626,,0.340987354516983,0.3511442542076111,0.6668093800544739,,0.6428821086883545,0.6461871862411499,,,0.2942701876163482,0.1985781788825988,-0.1564637571573257,-0.0829252749681472,,0.1947899609804153,,0.1334151774644851,0.3129804134368896,0.2991690039634704,,0.3196492195129394,0.322624534368515,,,-0.0460299775004386,-0.173837810754776
P192,32,92,79.74115706731541,17.18149253441941,Other kharif crop,high,"clear green-up, no flooding",0.65,0.22,8.5,11,,,Review,low,-19.818702697753903,-14.600126266479492,-21.676403045654297,-21.343341827392575,-21.40418243408203,-21.92782211303711,-15.956694602966309,-14.281488418579102,-16.158658981323242,-16.145326614379883,,-12.569726943969728,-13.25246238708496,,-15.88921070098877,-3.077126502990719,0.28624486923217773,-3.972275733947754,-5.273618698120114,-5.9615583419799805,-4.699628829956055,1.4373846054077148,2.482213020324707,1.9339361190795898,0.5904684066772461,,3.0686507225036603,1.3292236328125018,,-1.2155160903930664,-12.27409839630127,-8.849120140075684,-13.556730270385742,-13.950270652770996,-9.71879768371582,-9.844077110290527,-10.312122344970703,-8.524284362792969,-8.799036026000977,-9.61630153656006,,-8.759027481079102,-8.007265090942383,,-10.30053997039795,0.2122022211551666,0.2305900007486343,,0.1938343197107315,,0.2074228972196579,0.4795375764369964,0.5775142312049866,,,0.6493474841117859,0.5963509678840637,0.3981782495975494,0.3929540514945984,0.3554307818412781,-0.1904549896717071,-0.1740707606077194,,-0.0109039237722754,,0.0071932696737349,0.2504604756832123,0.1897590160369873,,,0.2432051450014114,0.188938096165657,0.0760350748896598,0.1889090090990066,0.2053436934947967
P193,33,165,79.37060201261612,17.445866722535786,Other kharif crop,high,"clear green-up, no flooding",0.75,0.13,7.8,12,,,Other kharif crop,high,-25.934206008911133,-18.717023849487305,-17.79842758178711,-19.11719512939453,-20.898412704467773,-16.278026580810547,-17.643659591674805,-16.194189071655273,-15.175071716308594,-14.0010404586792,-16.915088653564453,-14.874930381774902,-14.40399932861328,-14.986024856567385,-14.514097213745115,-8.718414306640625,2.1407032012939453,-1.0973405838012695,-1.6485671997070312,-3.6879444122314453,-0.7191872596740723,-2.1243557929992676,-2.475705146789551,0.17956972122192383,0.40734100341796875,-1.3566412925720215,-0.2525935173034668,-0.5912284851074201,1.4870157241821271,2.2996912002563494,-8.168205261230469,-9.161190032958984,-2.9952685832977295,-8.994518280029297,-5.156718730926514,-7.393517971038818,-9.76711368560791,-3.280711889266968,-3.4607136249542236,-4.30055570602417,-4.148200035095215,-5.839813232421875,-2.535561800003052,-3.9007723331451416,-5.925130844116211,0.1417532116174698,0.1255637407302856,0.1340409815311432,0.1481162160634994,,,0.4568380415439605,0.440385490655899,0.4530967473983764,0.5331960320472717,0.5475092530250549,,0.6218084692955017,0.7463352680206299,0.708428144454956,-0.2030566334724426,-0.1784003674983978,-0.1436097919940948,-0.1152586936950683,,,0.0108894137665629,-0.0070827109739184,0.0959508419036865,0.0349179282784462,0.1069004237651825,,0.2411069869995117,0.208768293261528,0.1784912943840026
P194,33,165,79.28544172368159,17.43427845537064,Other kharif crop,high,"clear green-up, no flooding",0.63,0.18,7.8,12,"08-12, 11-16",,Other kharif crop,high,-20.805912017822266,-21.2602596282959,-17.652246475219727,-15.090596199035645,-14.820775985717772,-10.67529582977295,-17.027252197265625,-14.95616626739502,-15.114945411682127,-11.759428977966309,-13.269527435302734,-13.536025047302246,-13.801121711730955,-13.92682647705078,-20.780651092529297,-0.9987497329711914,-0.13455772399902344,-0.9743995666503906,3.5394210815429688,2.3896923065185565,5.536846160888672,-1.231180191040039,-0.6246123313903809,-0.33972549438476385,2.4738011360168457,1.2384161949157715,1.961622714996338,0.6646456718444842,1.8916344642639178,-5.554044246673584,-14.971199035644531,-15.190234184265137,-9.26555633544922,-14.188530921936035,-7.324030876159668,-5.786112308502197,-9.313069343566896,-6.794628143310547,-8.349481582641602,-7.122941970825195,-10.107290267944336,-8.463932037353516,-9.103864669799805,-11.75917911529541,-12.439181327819824,0.1729902923107147,0.1769801527261734,0.2901709675788879,0.2989727854728699,,0.4447225928306579,0.6311094760894775,0.527453601360321,,,0.5092202425003052,0.3904345333576202,0.4741778075695038,0.4457248151302337,0.3886500298976898,-0.0763556510210037,-0.0943258330225944,-0.0020336911547929,0.0198498331010341,,0.2118981033563614,0.1905091702938079,0.134524405002594,,,0.0230506770312786,-0.0184736717492342,-0.0114757865667343,-0.0473151206970214,-0.1027218997478485
P195,33,165,79.3622476804738,17.473624664815077,Review,low,radar dip but optical shows dry soil soon after,0.79,0.43,4.6,13,06-13,,Review,low,-15.08478546142578,-20.4551944732666,-16.33367156982422,-18.833232879638672,-16.69505500793457,-14.62347412109375,-11.909125328063965,-14.208169937133787,-15.859275817871094,-18.135589599609375,-15.471019744873049,-16.639623641967773,-15.918150901794434,-16.996572494506836,-18.498367309570312,3.8693771362304705,-0.466552734375,0.5343017578125,-1.3646049499511719,1.1722984313964844,0.9353652000427246,4.582145690917969,-0.24548244476318182,-0.7142672538757324,-3.9023594856262207,-0.12598371505737482,-2.1133008003234863,-2.145833969116211,-1.7843303680419922,-2.61214542388916,-11.40979290008545,-8.936613082885742,-9.145342826843262,-7.967128276824951,-5.035676002502441,-6.987880229949951,-9.581060409545898,-8.330677032470703,-7.9432477951049805,-10.168670654296877,-10.876337051391602,-9.512025833129885,-7.690892219543457,-8.866290092468262,-12.264471054077148,0.4673091769218445,,0.3978325724601745,0.5324298739433289,,0.3208431005477905,0.7900057435035706,0.6669589877128601,0.4949557781219482,0.5687559247016907,0.607842743396759,0.4116694033145904,0.5092782974243164,0.3968463540077209,0.341111421585083,0.0506519712507724,,0.0991323441267013,0.0387876741588115,,0.1964816600084304,0.3073886632919311,0.2300083935260772,0.1960550993680954,0.0946627706289291,0.1362417042255401,0.0822517052292823,0.1137182340025901,0.1486653238534927,0.131211370229721
P196,33,165,79.37033251803088,17.44020733624583,Review,low,optical flood without radar growth afterwards,0.79,0.32,3.1,13,07-19,07-31,Review,low,-16.082075119018555,-15.904909133911133,-10.757600784301758,-16.495033264160156,-18.008825302124023,-16.31376838684082,-13.1796875,-13.622674942016602,-16.570951461791992,-14.283730506896973,-12.979928970336914,-16.209760665893555,-13.36606788635254,-15.330737113952637,-15.041525840759276,2.347233772277832,4.952817916870117,6.602773666381836,2.0178756713867188,-0.7983570098876953,-0.7549290657043457,3.3115835189819336,0.3602437973022461,-1.4259428977966309,-0.016694068908691406,2.758925437927246,-1.5874238014221191,0.7481417655944806,1.142303466796875,1.7722625732421893,-7.511272430419922,-8.382255554199219,-5.361573696136475,-9.054632186889648,-9.183024406433104,-11.074481964111328,-8.138773918151855,-8.807065963745117,-9.814671516418455,-8.764540672302246,-9.05390453338623,-9.529708862304688,-5.221242427825928,-9.404890060424805,-9.492735862731934,0.3887892663478851,0.2838141322135925,0.3246563971042633,0.312798798084259,,0.2039350718259811,0.7246643900871277,0.6398494839668274,0.4612248837947845,,0.7937636375427246,0.6062120795249939,0.6654089689254761,0.6282311677932739,0.4323166012763977,0.0646705701947212,-0.0865426808595657,-0.0143443029373884,-0.003714743303135,,0.1648371368646621,0.2241091281175613,0.2458165436983108,0.3128160238265991,,0.2710372805595398,0.2588198482990265,0.2186530828475952,0.1396228820085525,-0.0349623784422874
P197,33,165,79.35308486457578,17.376337119544935,Paddy,high,radar dip-and-rise + optical flood within 3 weeks,0.79,0.18,7.8,14,06-25,07-07,Review,low,-19.842931747436523,-21.79620933532715,-23.808534622192383,-18.770238876342773,-17.725881576538086,-16.13420295715332,-16.936601638793945,-17.025686264038086,-13.969170570373535,-15.697373390197754,-13.97169017791748,-15.25140380859375,-14.527535438537598,-18.26674461364746,-17.620798110961914,-1.0557966232299805,-2.0114965438842773,-6.083197593688965,0.20412349700927734,-0.3411216735839844,-1.154160976409912,-2.04178524017334,-3.2397098541259766,1.5480031967163086,-1.554987907409668,0.5163359642028809,-0.09259366989135742,-1.3903803825378418,-2.9092659950256348,-2.2232370376586914,-11.440000534057615,-11.31214427947998,-12.337072372436523,-14.513842582702637,-6.322647571563721,-9.901623725891112,-7.358695030212402,-7.228528499603272,-11.617057800292969,-9.300119400024414,-10.658937454223633,-6.718689918518066,-6.904951095581055,-10.246909141540527,-9.637125968933104,0.2096227705478668,0.1830605864524841,0.1617996841669082,0.227191612124443,0.2314509749412536,0.3528932332992553,0.6266720294952393,0.6879746913909912,,0.7873771786689758,0.7559473514556885,0.3569092750549316,0.2879384458065033,0.3068231344223022,0.2243406176567077,-0.1052543669939041,0.0950245186686515,0.0528309121727943,0.1940714418888092,0.1776909232139587,0.2241996824741363,0.2988127768039703,0.2717097997665405,,0.3874649107456207,0.3344189822673797,0.0841701850295066,0.0491482056677341,-0.1535034626722335,-0.1275898367166519
P198,33,165,79.44390453980027,17.35262159604418,Paddy,high,radar dip-and-rise + optical flood within 3 weeks,0.89,0.05,12.2,12,"07-07, 11-16","06-13, 07-07, 07-19, 07-31",Paddy,high,-19.65011978149414,-20.056150436401367,-21.744354248046875,-28.69950485229492,-25.68882751464844,-16.7720947265625,-17.990997314453125,-13.081144332885742,-16.837820053100586,-14.46257495880127,-17.497879028320312,-13.741580963134766,-12.261614799499512,-13.48216438293457,-18.12749481201172,-1.6497516632080078,1.0245141983032227,-3.5541982650756836,-8.880724906921383,-5.867655754089359,1.4479560852050781,-2.470226764678955,1.3614401817321777,-1.9205174446105957,-0.23727035522460938,-2.932298183441162,0.9310970306396484,1.914362907409668,3.3978166580200195,-1.3556175231933594,-4.123776435852051,-10.155515670776367,-11.358770370483398,-11.236690521240234,-15.736817359924316,-8.160222053527832,-8.027443885803223,-8.071969032287598,-9.815106391906738,-9.625602722167969,-8.378029823303223,-9.511669158935549,-7.753135681152344,-10.525272369384766,-10.727543830871582,0.1149281039834022,-0.019630242139101,,0.0462313666939735,0.1514001041650772,0.2920751869678497,,0.7853597402572632,,0.8855283260345459,0.8878241777420044,0.519791305065155,0.5723034143447876,0.4517169296741485,0.1920026242733001,-0.128530278801918,-0.0656086280941963,,0.0852628573775291,0.1582477837800979,0.3622141182422638,,0.3250279426574707,,0.4042922854423523,0.4056214094161987,0.3140749335289001,0.2794613242149353,0.1471823751926422,-0.1753885000944137
P199,34,92,79.7958644681183,17.073155711154595,Other kharif crop,high,"clear green-up, no flooding",0.73,0.27,5.4,11,,,Review,low,-19.696365356445312,-17.521068572998047,-14.536066055297852,-14.030412673950195,-12.400362968444824,-20.498910903930664,-17.37022590637207,-15.18796730041504,-16.914064407348633,-15.288484573364258,,-15.79184913635254,-12.432823181152344,,-13.94112491607666,-2.5584869384765625,-0.41365528106689453,0.748781681060791,2.276980400085449,1.4414548873901367,-0.596343994140625,3.3793163299560547,5.144808769226072,1.7045488357543945,1.5438003540039062,,1.6676015853881818,2.4034786224365234,,2.2588109970092773,-10.849454879760742,-10.368719100952148,-10.580119132995604,-11.197643280029297,-6.836021900177002,-8.475250244140625,-8.557426452636719,-8.5252103805542,-8.23098373413086,-8.282793998718262,,-8.567405700683594,-9.4725980758667,,-7.369255065917969,0.2840595841407776,0.2608343362808227,,0.4142601191997528,,0.4408696591854095,,0.6187710762023926,,0.7330700159072876,0.7345120906829834,0.6312285661697388,0.654224157333374,0.5997090935707092,0.3076928257942199,-0.1071036234498024,-0.0843208134174346,,0.0509944930672645,,0.1639653146266937,,0.2939274311065674,,0.2337648123502731,0.2506583333015442,0.258137434720993,0.2925998568534851,0.161455824971199,0.0056806495413184
P200,34,92,79.85569226604066,17.01224993489129,Paddy,medium,optical flood + radar growth afterwards (shallow dip),0.87,0.29,6.5,8,07-19,07-31,Review,low,-15.984655380249023,-19.439741134643555,-16.42346954345703,-20.064308166503903,-20.623046875,-22.430095672607425,-15.653115272521973,-17.899791717529297,-17.33555793762207,-14.989227294921877,,-18.67190170288086,-14.670757293701172,,-14.08497428894043,1.0428094863891602,-2.8889341354370117,-1.6671977043151855,-3.93438625335693,-6.986361026763916,-2.3785991668701207,5.107381820678711,2.1777448654174805,0.8179893493652344,2.2213544845581037,,-1.1388578414916992,0.20932388305664062,,0.4013247489929199,-9.848618507385254,-10.492366790771484,-10.681541442871094,-11.417402267456056,-9.928166389465332,-13.182494163513184,-8.721993446350098,-8.46349048614502,-9.026518821716309,-9.722783088684082,,-10.66378116607666,-7.797515392303467,,-10.408310890197754,0.3985448777675628,0.1861748546361923,,0.1481651663780212,,0.1119796484708786,,0.6450462341308594,,,0.8684964776039124,,,0.5647934079170227,0.32044318318367,0.0075443144887685,-0.2337404936552047,,-0.0245329104363918,,0.23591148853302,,0.3111806809902191,,,0.3829284608364105,,,0.188976302742958,-0.0294871926307678
P201,34,92,79.72444840303079,17.04431979053436,Other kharif crop,high,"clear green-up, no flooding",0.87,0.33,4.0,12,,,Other kharif crop,high,-21.019189834594727,-15.00901985168457,-14.48908519744873,-16.477725982666016,-13.208173751831056,-19.670818328857425,-16.33287239074707,-17.47068214416504,-16.169492721557617,-15.97684097290039,,-14.60166072845459,-15.12563419342041,,-18.4407901763916,-2.6618165969848633,2.0944652557373047,0.3009200096130371,-0.9739313125610352,0.6122622489929181,-1.0194387435913121,4.405102729797363,1.9227323532104492,1.2956209182739258,1.646474838256836,,1.4501218795776367,-1.5597858428955078,,-3.0833024978637695,-13.131710052490234,-9.348567008972168,-9.844195365905762,-7.339809417724609,-10.539952278137209,-9.174777030944824,-8.19981861114502,-9.548640251159668,-10.010583877563477,-8.751514434814453,,-9.973132133483888,-10.15101432800293,,-11.2778959274292,0.2752540707588196,0.3923106789588928,,0.4061768054962158,,0.3147004544734955,,0.6598466038703918,0.786862313747406,0.8710547685623169,0.8199170827865601,0.7335525155067444,0.293915182352066,0.3049657940864563,0.2612383067607879,-0.1695823967456817,-0.0856854021549224,,0.0734583288431167,,0.0905128195881843,,0.2901549339294433,0.3790091574192047,0.3615459501743316,0.3545646667480469,0.3432969748973846,0.0744822323322296,-0.1189924478530883,-0.0030639693140983
P202,34,92,79.80017638148207,17.033001017954454,Review,low,radar dip but optical shows dry soil soon after,0.87,0.46,9.1,11,"07-31, 10-11",,Review,low,-19.32816505432129,-17.14388656616211,-14.01460075378418,-13.13062858581543,-12.077805519104004,-21.7769718170166,-21.811534881591797,-23.469402313232425,-19.554521560668945,-15.149324417114258,,-20.0445499420166,-12.432687759399414,,-12.976648330688477,-2.190286636352539,0.11635398864746094,1.270246982574463,3.207707405090332,1.8105206489562988,-1.8744049072265625,-3.3367223739624023,-5.151878356933597,-2.4297103881835938,1.6829605102539062,,-3.992767333984375,2.1164627075195312,,2.187028408050537,-9.069918632507324,-7.6951069831848145,-7.610803127288818,-4.170394420623779,-6.117157459259033,-12.22906494140625,-19.431785583496097,-14.083001136779783,-7.331855773925781,-9.76075267791748,,-13.22936725616455,-9.232797622680664,,-12.055679321289062,0.2740087211132049,0.4602870643138885,0.5228447318077087,0.3595120310783386,,0.2294132113456726,,0.3916749358177185,,0.8422942757606506,0.8693287372589111,,0.7286949753761292,0.7520231008529663,0.3070510923862457,-0.0972235277295112,0.0318943820893764,0.2064180970191955,0.0879680886864662,,0.1328186988830566,,0.2208837419748306,,0.3361583054065704,0.3804202079772949,,0.3982970118522644,0.3722157478332519,-0.0715965256094932
P203,34,92,79.86620255486486,17.023838202056435,Paddy,medium,optical flood + radar growth afterwards (shallow dip),0.88,0.36,6.3,9,,07-31,Paddy,high,-13.326127052307127,-15.802396774291992,-14.97647762298584,-16.060897827148438,-17.42815589904785,-23.2017879486084,-20.88712501525879,-20.54258728027344,-19.280628204345703,-17.047134399414062,,-17.60130500793457,-15.59939956665039,,-17.076194763183594,3.9453077316284197,1.4943170547485352,1.0318660736083984,0.6496734619140625,-1.1300764083862305,-2.511260986328125,-0.2947788238525426,-1.7455158233642614,-1.1270809173583984,-0.5989952087402344,,-0.06826114654541016,-0.4313364028930664,,-2.1842312812805176,-9.015460968017578,-6.7688140869140625,-9.600061416625977,-6.961873531341553,-11.358525276184082,-16.080461502075195,-12.064784049987791,-9.329828262329102,-12.303154945373535,-11.66895866394043,,-10.271604537963867,-8.737958908081055,,-10.066904067993164,0.4086131453514099,0.3080316185951233,,0.386390745639801,,0.07376129925251,,0.6494698524475098,,,0.8765484094619751,,0.714583158493042,0.575587272644043,0.2840583622455597,0.0604071915149688,-0.0495754368603229,,0.0594867244362831,,0.1864311844110489,,0.3177717328071594,,,0.3846981227397918,,0.3488669693470001,0.2237839996814727,-0.0510249808430671
P204,34,92,79.80098486523778,17.08663044041639,Other kharif crop,high,"clear green-up, no flooding",0.82,0.33,5.0,10,,,Other kharif crop,high,-16.889175415039062,-17.070940017700195,-16.41017723083496,-13.254232406616213,-13.803984642028809,-14.717632293701172,-17.377222061157227,-18.81598663330078,-18.86776351928711,-16.617435455322266,,-15.548768043518066,-13.128806114196776,,-17.014915466308594,1.4681978225708008,0.2615375518798828,-1.6539053916931152,3.053160667419432,-0.046831607818603516,5.598980903625488,3.3723201751708984,1.516789436340332,-1.0152530670166016,-0.10544776916503906,,1.9106826782226562,1.7074956893920916,,-2.1305508613586444,-10.721832275390623,-8.366427421569824,-9.866795539855955,-9.43643283843994,-8.41547966003418,-11.583855628967283,-10.66406536102295,-13.092575073242188,-12.403130531311035,-8.477052688598633,,-7.81648063659668,-7.370374202728272,,-10.649543762207031,0.3741247653961181,0.2933841049671173,,0.2023341804742813,,0.3019890487194061,,0.3995907604694366,,0.6915905475616455,0.816567599773407,0.7165100574493408,,0.7433306574821472,0.4029346406459808,-0.0412377901375293,-0.0709375813603401,,-0.0229646917432546,,0.0192550793290138,,0.280488520860672,,0.2988811731338501,0.3412863612174988,0.3815068304538727,,0.3954794108867645,0.1581596583127975
P205,35,165,79.12832638048909,17.02788062083497,Review,low,radar dip but optical shows dry soil soon after,0.72,0.46,7.5,11,"07-31, 08-24",,Review,low,-12.588438987731934,-12.13115119934082,-13.156413078308104,-11.279778480529783,-14.3493070602417,-13.21834945678711,-16.486753463745117,-27.127376556396484,-18.003847122192383,-19.67551612854004,-16.477954864501953,-13.416298866271973,-13.263428688049316,-15.398202896118164,-14.957831382751465,3.974358558654785,7.8384246826171875,3.5953006744384783,7.473918914794924,2.1854019165039062,0.8124771118164062,-1.267745018005371,-11.810935497283936,-2.7815804481506348,-4.694128036499023,-2.5945777893066406,0.1913599967956543,2.4012598991394043,0.165069580078125,0.23577547073364258,-8.154170036315918,-9.82094955444336,-6.72646427154541,-9.316381454467772,-9.562847137451172,-9.979456901550291,-8.536404609680176,-11.726906776428224,-11.488973617553713,-7.571587085723877,-8.210888862609863,-9.789054870605469,-10.711365699768066,-11.510557174682615,-7.775786876678467,0.4166151881217956,0.51470547914505,0.4566342830657959,0.3811201453208923,,0.4330371618270874,,0.4147233664989471,,0.5795692801475525,0.6651830673217773,,0.3726424872875213,0.7168804407119751,0.4552083015441894,0.0013201871188357,0.025102749466896,0.0900575518608093,0.1474822163581848,,0.262997567653656,,0.3135272860527038,,0.3537000119686126,0.369140625,,0.2662071883678436,0.2861220836639404,0.0459295734763145
P206,35,165,79.04666952116261,17.131905530736013,Other kharif crop,high,"clear green-up, no flooding",0.89,0.11,5.8,12,,,Other kharif crop,high,-17.79563331604004,-19.31785774230957,-12.73302936553955,-18.09704208374023,-14.433408737182615,-15.255647659301758,-15.19656467437744,-14.206269264221191,-12.068266868591309,-12.712236404418944,-13.296701431274414,-12.722789764404297,-10.99718952178955,-14.668451309204102,-14.066133499145508,0.6664361953735352,0.29735279083251953,2.9659647941589355,-0.27625751495360973,1.4810543060302752,-1.7184185981750488,-0.03798055648803533,1.7410502433776855,2.5402965545654297,1.3372850418090838,0.9689445495605469,0.7398524284362793,3.1795291900634766,-0.04265165328979492,0.6824402809143066,-9.305249214172363,-9.04651165008545,-2.8755600452423096,-10.820209503173828,-3.382138729095459,-5.303627014160156,-3.627930641174317,-7.155561447143555,-3.6269454956054688,-3.0846946239471436,-5.853279113769531,-2.9456210136413574,-4.780622482299805,-6.595578670501709,-4.668774127960205,0.1068421602249145,0.1569269001483917,0.0874743312597274,0.0869783908128738,0.2209332883358001,0.4070181250572204,,0.8382152318954468,,0.8856626749038696,0.7404342293739319,,0.6065634489059448,0.6383106708526611,0.6406495571136475,-0.2160976529121399,-0.2433532476425171,-0.1592316180467605,-0.1806414276361465,-0.063932865858078,0.0365858115255832,,0.3459559679031372,,0.377518743276596,0.2877119183540344,,0.1409802287817001,0.0957598090171814,0.0968693867325782
P207,35,165,78.99573504455304,17.12678513361653,Other kharif crop,high,"clear green-up, no flooding",0.56,0.22,5.7,10,,,Other kharif crop,high,-15.862339973449709,-18.90212059020996,-17.254873275756836,-18.090267181396484,-17.02252769470215,-9.805166244506836,-15.675938606262209,-14.31103515625,-12.348219871520996,-12.311466217041016,-14.450090408325195,-12.992548942565918,-14.021660804748535,-14.682653427124023,-12.936324119567873,1.9880456924438459,-0.14211654663085938,-2.1746087074279785,1.3243818283081055,-1.5957555770874023,3.7349514961242676,-0.9990339279174822,1.9551048278808594,1.755721092224121,1.4911103248596191,-0.062172889709472656,0.3285207748413086,0.04985809326171875,-0.019010066986083984,1.890063285827635,-3.87579083442688,-12.048378944396973,-6.336855888366699,-9.10753345489502,-9.529717445373535,-4.564863204956055,-6.213290691375732,-4.355515480041504,-4.432831287384033,-5.8775954246521,-7.670648574829102,-5.304647922515869,-6.981900691986084,-9.451645851135254,-7.308408737182617,0.198447585105896,,0.2324073016643524,0.2671515941619873,0.3141713738441467,0.4250468313694,,0.5514242053031921,,,0.5560500621795654,,0.4793673157691955,0.5453845262527466,0.5224251747131348,-0.136469304561615,,-0.0454635024070739,-0.010368337854743,0.0329450741410255,0.0849583819508552,,0.1865488290786743,,,0.1755338013172149,,0.1657754778861999,0.1076475530862808,0.0778193101286888
P208,35,165,78.977409412757,17.06776581944988,Review,low,radar dip but optical shows dry soil soon after,0.59,0.19,13.0,8,06-13,,Review,low,-20.615478515625,-30.26210594177246,-18.132715225219727,-21.623043060302734,-15.89932346343994,-13.510104179382324,-12.620024681091309,-14.117605209350586,-14.272994995117188,-12.401721000671388,-13.29693603515625,-11.435632705688477,-15.084880828857422,-14.658835411071776,-15.490194320678713,-4.304245948791504,-11.709970474243164,-2.6716980934143066,-1.7700119018554688,0.16790056228637873,-0.19020700454711914,2.998108863830568,2.1485347747802734,0.6934370994567871,1.8325152397155744,1.0159273147583008,1.8770160675048828,-0.8286952972412109,-0.03409337997436346,-0.5221629142761248,-5.696067810058594,-11.112093925476074,-4.833263397216797,-11.286325454711914,-5.457187175750732,-3.759599924087525,-3.7467281818389897,-4.8878560066223145,-5.683685779571533,-6.013806343078613,-5.828505516052246,-6.060069561004639,-7.5672078132629395,-6.43998384475708,-6.972843170166016,0.1431798338890075,,0.2388822585344314,0.1876953840255737,,,,0.5532577633857727,,,0.5500845909118652,0.5165022015571594,,0.5893880724906921,0.5172808766365051,-0.2008860409259796,,-0.066683679819107,-0.0422893874347209,,,,0.1783195734024047,,,0.056115586310625,0.1845659166574478,,0.0870967581868171,0.0864828526973724
P209,35,165,79.03184731897464,17.080162570370728,Other kharif crop,high,"clear green-up, no flooding",0.71,0.18,6.9,9,,,Other kharif crop,high,-19.01900100708008,-20.32830047607422,-18.247699737548828,-19.281108856201172,-16.204845428466797,-12.521265983581545,-12.736150741577148,-14.808876991271973,-13.934886932373049,-13.90182113647461,-15.986701965332031,-13.756136894226074,-12.937519073486328,-15.95927619934082,-14.162580490112305,-2.559304237365726,-1.2183113098144531,-3.254688262939453,-1.1874542236328125,-0.5889720916748047,1.1146302223205549,2.6928067207336426,-0.550224781036377,1.3586087226867658,-0.20293521881103516,-2.250415802001953,-0.47902536392211914,0.7050256729125977,-1.2956328392028809,0.17696046829223633,-3.6071457862854,-9.833642959594728,-4.784763813018799,-11.552372932434082,-2.1634042263031006,-2.840873956680298,-1.723539113998413,-7.290581703186035,-3.381563663482666,-2.141176700592041,-2.797377586364746,-8.259431838989258,-5.165496826171875,-4.977494716644287,-7.657306671142578,0.1914459764957428,0.1810475438833236,0.0870700702071189,0.1894182860851287,,0.495295375585556,,0.7066487073898315,,,0.5809268951416016,,,0.6844301819801331,0.6620846390724182,-0.2524860203266144,-0.250693678855896,-0.1284308135509491,-0.1818827986717224,,0.0685687586665153,,0.2709811925888061,,,0.0814139395952224,,,0.1198417916893959,0.1241715252399444
P210,35,165,79.1337162721938,17.056986036040445,Review,low,radar dip but optical shows dry soil soon after,0.83,0.15,7.6,12,06-13,,Review,low,-16.340986251831055,-24.114582061767575,-12.334050178527832,-16.130386352539062,-15.537517547607422,-13.761688232421877,-15.801605224609377,-12.309348106384276,-15.365796089172363,-13.89953899383545,-11.062010765075684,-13.160767555236816,-12.600810050964355,-14.28603458404541,-13.57430362701416,0.12371253967285156,-4.559585571289059,4.41766357421875,2.2719364166259766,0.4120197296142578,0.26913833618163885,-0.8149895668029803,3.117401599884035,-0.7260723114013672,1.0818490982055664,2.821366310119629,0.32650089263916016,1.7881293296813965,1.392704963684082,1.6193032264709473,-4.794034004211426,-9.41181468963623,-3.4492173194885254,-8.798111915588379,-5.725551605224609,-5.228851795196533,-8.288862228393555,-5.831905364990234,-4.104677200317383,-6.470846176147461,-7.382630348205566,-8.574966430664062,-5.693994045257568,-5.759966850280762,-5.7757673263549805,0.1459571719169616,0.1228010952472686,0.1461697667837143,0.2016407400369644,,0.3271240592002868,,0.660590410232544,,0.8323040008544922,0.7574512958526611,0.6236510276794434,0.4887823164463043,0.5725367069244385,0.5848208665847778,-0.1365271806716919,-0.149974375963211,-0.0268080476671457,0.0112921334803104,,0.0977274626493454,,0.3038763701915741,,0.3006218373775482,0.25345179438591,0.1343425214290619,0.0925008207559585,0.0472253896296024,0.0834550410509109
P211,36,92,79.91093865601401,17.141607335804505,Paddy,high,radar dip-and-rise + optical flood within 3 weeks,0.79,0.4,6.7,8,"08-12, 09-17",07-31,Paddy,high,-18.014089584350586,-16.422855377197266,-15.720054626464844,-15.314645767211914,-15.586267471313477,-20.12407493591309,-23.87849235534668,-17.314056396484375,-14.826577186584473,-18.58490753173828,,-16.163108825683594,-14.6460599899292,,-13.398420333862305,0.3184394836425781,-0.4081277847290039,2.2435646057128906,1.706070899963379,0.13419246673583984,-1.2159309387207067,-4.848871231079102,1.3220319747924805,3.476040840148926,-1.7526226043701172,,0.9529790878295898,0.33599185943603516,,3.130875587463379,-10.821531295776367,-8.900047302246094,-9.297426223754885,-9.349261283874512,-11.737370491027832,-10.715409278869627,-9.612842559814451,-8.525557518005371,-7.638525009155273,-7.542294979095459,,-9.686646461486816,-9.677642822265623,,-8.44400405883789,0.3960456848144531,,,,,0.0615517236292362,,0.5157083868980408,,0.7671622037887573,0.7754426002502441,,0.7882310152053833,0.727211058139801,0.5816194415092468,-0.0388533510267734,,,,,0.2357359677553177,,0.2679690718650818,,0.3342104256153106,0.3608414530754089,,0.3940926790237427,0.3338533639907837,0.2024663984775543
P212,36,92,79.91255562352542,17.0807015595412,Paddy,high,radar dip-and-rise + optical flood within 3 weeks,0.86,0.28,4.5,9,"07-07, 09-05",07-31,Paddy,high,-17.874521255493164,-15.70340061187744,-19.37417221069336,-24.273744583129883,-17.520904541015625,-18.94765281677246,-14.91670036315918,-17.981657028198242,-18.793739318847656,-14.850351333618164,,-16.914579391479492,-15.55766487121582,,-14.841529846191406,-0.8751487731933594,0.48689079284668146,-2.7183542251586914,-7.778160095214844,-1.8833084106445312,0.9164257049560547,5.70621395111084,1.886068344116211,-0.5313577651977539,2.327159881591797,,0.6687746047973633,-0.7213630676269531,,1.0430512428283691,-9.392953872680664,-9.58798885345459,-11.500137329101562,-11.772652626037598,-8.474593162536621,-11.290142059326172,-5.764708518981934,-8.828852653503418,-9.679999351501465,-12.680553436279297,,-13.00900650024414,-9.264034271240234,,-8.147123336791992,0.3226392567157745,0.228621169924736,,,,0.2230859696865081,,0.591679573059082,,0.8603002429008484,0.7469159364700317,,0.7018199563026428,0.6439486145973206,0.3273338377475738,-0.078454241156578,-0.1501640379428863,,,,0.2089008539915084,,0.3198539614677429,,0.3747284114360809,0.3631779551506042,,0.375592976808548,0.2780497670173645,-0.0746527016162872
P213,36,92,79.8379056234151,17.15993296760054,Review,low,optical flood without radar growth afterwards,0.75,0.24,5.2,11,"08-12, 08-24","07-31, 08-12",Review,low,-23.32187271118164,-17.603971481323242,-21.402008056640625,-16.41584014892578,-15.688924789428713,-16.302331924438477,-20.61195945739746,-20.12296485900879,-18.369462966918945,-18.89832305908203,,-17.317596435546875,-15.13715934753418,,-18.276142120361328,-4.919559478759766,-2.293781280517578,-4.10345458984375,0.44637298583984375,-0.15286350250244318,4.009160995483398,-3.2382354736328125,-3.6484241485595703,-0.9131412506103516,-2.2904977798461914,,-1.6472878456115723,-0.7460446357727051,,-2.6494979858398438,-11.582700729370115,-12.062928199768066,-11.118700981140137,-6.92607307434082,-9.223011016845703,-12.606706619262695,-11.838353157043455,-9.130489349365234,-10.502893447875977,-10.117847442626951,,-8.811628341674805,-9.525280952453612,,-11.60258960723877,0.2335929572582245,0.2402931451797485,,0.2670175433158874,,0.2079392075538635,0.2444046437740326,0.4767818450927734,,,0.6546447277069092,0.7519638538360596,0.7405424118041992,0.7274479866027832,0.5937791466712952,-0.1649099886417389,-0.1450138688087463,,0.0088563365861773,,0.1799290776252746,0.2987793684005737,0.2965161204338074,,,0.3100941181182861,0.4006965160369873,0.3548390865325928,0.2956038415431976,0.1896611601114273
P214,36,92,79.92764732029863,17.07423368949554,Review,low,radar dip but optical shows dry soil soon after,0.86,0.11,8.3,9,07-31,,Review,low,-19.121660232543945,-20.76931381225586,-18.216951370239254,-15.721256256103516,-15.751995086669922,-25.74453353881836,-21.54729652404785,-24.101308822631836,-18.000715255737305,-15.603825569152832,,-16.467391967773438,-15.068601608276367,,-16.677404403686523,-2.914642333984375,-4.889251708984375,-2.8387036323547328,1.0259761810302734,0.46322059631347656,-6.513333320617676,-0.9709749221801758,-5.88238525390625,0.26166629791259766,1.4476890563964844,,0.8411016464233398,-0.41019296646118164,,-1.90899658203125,-10.96698760986328,-10.918142318725586,-11.926908493041992,-8.032787322998047,-7.516878128051758,-21.372453689575195,-12.864653587341309,-15.31382942199707,-9.616888046264648,-10.01041316986084,,-8.519237518310547,-8.553701400756836,,-10.224969863891602,0.134578451514244,0.0847753137350082,,,,,,0.6180488467216492,0.6098863482475281,0.8568841218948364,0.7636852264404297,,0.6624581217765808,0.5764505863189697,0.4529711306095123,-0.2052534520626068,-0.1740665137767791,,,,,,0.2933579385280609,0.3452169597148895,0.387846291065216,0.3643625378608703,,0.3784656226634979,0.2437901794910431,0.1107032224535942
P215,36,92,79.9492068871175,17.049709682239076,Other kharif crop,high,"clear green-up, no flooding",0.91,0.42,5.0,8,,,Review,low,-20.849424362182617,-16.431921005249023,-19.443313598632812,-17.625593185424805,-14.114346504211426,-18.868635177612305,-20.518774032592773,-18.45619010925293,-18.23577308654785,-17.05589485168457,,-19.224342346191406,-13.839136123657228,,-15.091757774353027,-4.642406463623047,-0.6790223121643066,-3.7133584022521973,-1.3074798583984375,2.1837329864501953,0.6907796859741211,-1.229055404663086,0.34088134765625,-0.08222579956054688,-0.47920894622802734,,-1.915848731994629,1.0305433273315412,,-0.0699000358581543,-11.345013618469238,-11.68907356262207,-10.94892120361328,-10.691646575927734,-9.024609565734863,-14.865859031677246,-12.886934280395508,-10.845108032226562,-12.293931007385254,-12.225841522216797,,-14.060721397399902,-10.893817901611328,,-10.70765209197998,0.4629188179969787,0.3772532939910888,,,,,,0.5176382064819336,,0.908852219581604,0.8684077262878418,,0.586969256401062,0.6762025952339172,0.5521613955497742,-0.0087684802711009,-0.0742159932851791,,,,,,0.2484146803617477,,0.3720187842845917,0.3867229521274566,,0.4284519553184509,0.3021100461483001,0.1680166274309158
P216,36,92,79.86216013608632,17.155351559651532,Paddy,medium,optical flood + radar growth afterwards (shallow dip),0.79,0.45,7.6,10,,"07-31, 08-12",Paddy,high,-15.913651466369627,-14.446389198303224,-16.888166427612305,-17.833518981933594,-13.634654998779297,-22.759641647338867,-18.374195098876953,-22.75613784790039,-19.11566734313965,-17.29912757873535,,-18.196056365966797,-15.001846313476562,,-17.42844581604004,3.0424470901489276,1.878567695617674,0.6308469772338867,-2.0061798095703125,2.002941131591797,-3.308746337890625,-1.0004711151123047,-5.728957176208496,-1.1160202026367188,-1.1981072425842285,,-1.8808059692382812,-0.47818470001220703,,-1.913212776184082,-8.121742248535156,-9.042378425598145,-8.511765480041504,-8.98543643951416,-8.446130752563477,-11.984015464782717,-15.381406784057615,-12.317445755004885,-9.468864440917969,-9.913474082946776,,-9.89856243133545,-7.903303146362305,,-11.87523078918457,0.4518278241157532,,,0.1927974224090576,,0.1256391853094101,0.2363007366657257,0.3539184927940368,,0.7928509712219238,0.6826698780059814,,0.6747735142707825,0.7020491361618042,0.4652431011199951,0.0453199334442615,,,-0.0565894842147827,,0.1803437173366546,0.2688396573066711,0.2710813879966736,,0.356822669506073,0.313182383775711,,0.4419600069522857,0.2977735996246338,0.1204406544566154
P217,37,165,79.40536681411155,17.20224361748257,Review,low,radar dip but optical shows dry soil soon after,0.66,0.44,3.8,12,07-07,,Review,low,-19.545814514160156,-18.71961212158203,-17.562820434570312,-22.378007888793945,-16.594844818115234,-16.29745864868164,-14.12067413330078,-16.30282974243164,-17.509838104248047,-14.02828311920166,-15.377509117126465,-16.157758712768555,-17.581317901611328,-15.32722282409668,-17.654285430908203,-0.4173412322998047,1.5742740631103516,-2.6199069023132324,-4.953732490539551,1.7645416259765625,1.531789779663086,4.390868186950685,0.4742870330810547,-1.166457176208496,0.8081660270690918,-1.857071876525879,-1.1439790725708008,-2.9292707443237305,0.411590576171875,-2.1459293365478516,-11.684202194213867,-14.886432647705078,-9.764202117919922,-13.265259742736816,-9.581460952758787,-10.593048095703123,-7.858214378356934,-9.273577690124512,-12.738323211669922,-11.567178726196287,-8.88780689239502,-9.615985870361328,-7.279362678527832,-9.345879554748535,-10.323546409606934,0.4436281025409698,0.4441323280334472,0.5040925741195679,0.3294484317302704,0.3122293651103973,0.4364983141422272,,0.5942875742912292,,,0.6606168746948242,0.5720449090003967,0.5987005233764648,0.6221083998680115,0.6018598675727844,-0.0082893949002027,-0.0538829714059829,0.1105526611208915,0.0405400767922401,0.0223256032913923,0.1680652797222137,,0.1237864941358566,,,0.0997596085071563,0.1576575636863708,0.0906660333275795,0.0663500875234603,0.0407835580408573
P218,37,165,79.46438612827819,17.119508779815163,Review,low,radar dip but optical shows dry soil soon after,0.6,0.25,7.2,11,"06-25, 08-12, 10-11, 11-16",,Review,low,-20.27838706970215,-16.9229679107666,-20.92101287841797,-18.6290340423584,-14.737072944641112,-12.78745937347412,-18.937509536743164,-14.013806343078612,-12.838117599487305,-15.011043548583984,-13.063332557678224,-18.54016494750977,-13.33538818359375,-16.124414443969727,-19.030790328979492,-1.4492454528808594,2.9321231842041016,-5.9026994705200195,-1.672053337097168,3.1693487167358416,3.2999114990234393,-1.9065885543823242,2.11314105987549,3.4320573806762695,0.2310185432434082,1.8843684196472132,-4.040779113769535,1.727029800415039,1.1563959121704102,-3.5840892791748047,-10.397799491882324,-12.778234481811523,-7.429891586303711,-12.6229248046875,-10.077457427978516,-7.502499103546143,-10.705223083496094,-4.838555335998535,-6.974013328552246,-7.405131816864014,-5.234687805175781,-7.45836067199707,-7.207240104675293,-9.35132122039795,-10.5296049118042,0.2315869033336639,0.2707706093788147,,0.2579582333564758,,0.5493409633636475,,0.436582863330841,,0.6043860912322998,0.5835891962051392,0.3476687669754028,0.3048826456069946,0.344413697719574,0.2966893911361694,-0.1097160279750824,-0.1001983731985092,,0.0448196679353714,,0.1925791800022125,,0.1932005137205124,,0.0986461341381073,0.1866650283336639,-0.0320549197494983,-0.0198434758931398,-0.0698359906673431,-0.0402650311589241
P219,37,165,79.39485652528734,17.15400408672535,Paddy,high,radar dip-and-rise + optical flood within 3 weeks,0.79,0.13,6.5,10,07-19,07-31,Paddy,high,-20.09843635559082,-19.880748748779297,-14.876988410949709,-16.226037979125977,-21.022167205810547,-18.867536544799805,-19.38142967224121,-15.726585388183594,-19.718828201293945,-15.101495742797852,-13.455967903137209,-13.903891563415527,-13.380182266235352,-17.91697120666504,-18.77061462402344,-0.51104736328125,0.059479713439941406,4.639906883239744,4.4440107345581055,-4.42055606842041,-3.592597484588623,-2.7621965408325195,1.0505313873291016,-4.584741115570068,0.018702983856201172,0.6023588180541974,1.4490447044372559,1.3872499465942383,-2.288076877593994,-1.1705455780029332,-6.646020889282227,-7.398571014404297,-5.60494327545166,-9.77495574951172,-12.146862983703612,-10.221566200256348,-7.359498023986816,-8.395626068115234,-9.080050468444824,-10.555030822753906,-9.000757217407227,-10.637429237365724,-8.691729545593262,-11.948758125305176,-12.108999252319336,0.1347271203994751,0.1299489140510559,0.2445147186517715,0.231731429696083,,0.2066133618354797,,0.615958034992218,,,0.793977677822113,0.6997944116592407,,0.3329550325870514,0.2271960824728012,-0.181753396987915,-0.16907699406147,0.0764976292848587,-0.0100885462015867,,0.1576289534568786,,0.3243181109428406,,,0.3751061856746673,0.370204746723175,,-0.033616654574871,0.0203134641051292
P220,37,165,79.47300995500574,17.2017046283121,Review,low,radar dip-and-rise; optical inconclusive,0.7,0.13,8.1,9,07-19,,Review,low,-23.15768051147461,-21.199670791625977,-15.196455955505373,-17.079742431640625,-22.815940856933594,-18.640052795410156,-18.187211990356445,-13.010416984558104,-16.275144577026367,-16.34243392944336,-13.462554931640623,-14.444286346435549,-14.09915828704834,-19.008941650390625,-14.89882469177246,-4.65179443359375,-1.9251480102539062,-0.21348094940185725,2.2095422744750977,-6.052699089050293,-3.9971766471862793,-1.4482145309448242,3.0042905807495135,-0.2254199981689453,-2.042591094970703,0.7208762168884295,0.8258109092712385,0.1976003646850586,-2.793668746948242,2.664307594299318,-8.407759666442871,-6.767759323120117,-2.6307919025421143,-5.849026679992676,-9.532670974731444,-11.401755332946776,-10.309885025024414,-8.82848072052002,-8.794166564941406,-8.371504783630371,-7.0899200439453125,-9.31005573272705,-8.771617889404297,-8.670742988586426,-9.549362182617188,0.1927220225334167,0.1249517947435379,0.1290641874074936,0.1492621153593063,,,,0.452956885099411,,,0.5939884185791016,,0.7049098014831543,0.6594874858856201,0.6252972483634949,-0.2196281105279922,-0.2494237720966339,-0.0323495343327522,-0.1002488136291503,,,,0.1657684743404388,,,0.2039691060781479,,0.1600348949432373,0.1706080436706543,0.15683314204216
P221,37,165,79.39674298738399,17.20439957416446,Review,low,radar dip but optical shows dry soil soon after,0.71,0.15,8.0,12,06-13,,Review,low,-16.668941497802734,-22.433385848999023,-15.088961601257324,-16.482988357543945,-15.523425102233888,-14.716686248779297,-14.448902130126951,-13.453272819519045,-12.270432472229004,-14.571402549743652,-11.53419589996338,-15.30646800994873,-10.997114181518556,-15.207258224487305,-13.91338062286377,3.153183937072754,-2.474635124206543,-0.019114017486572266,2.255551338195801,3.4259490966796857,4.037108421325684,2.9672145843505877,3.000382423400877,4.188129425048828,0.014699459075927734,2.2350053787231428,-0.2923927307128906,3.654932975769041,1.5381650924682617,1.753108024597168,-11.95090389251709,-8.113476753234863,-6.591823101043701,-7.291932106018066,-7.680293083190918,-8.207350730895996,-5.578945636749268,-5.686030387878418,-5.892223834991455,-8.212926864624023,-5.822190761566162,-9.339235305786133,-6.00526762008667,-4.262999534606934,-9.053447723388672,0.148121565580368,0.0999241843819618,0.2242616415023803,0.263472706079483,0.3170110285282135,0.3283089399337768,,0.7096516489982605,,,0.6694424152374268,0.6962344646453857,0.6198722720146179,0.5532377362251282,0.3791418075561523,-0.1489375382661819,-0.1808793991804123,-0.0377491898834705,-0.0435657575726509,0.0325520038604736,0.0468881540000438,,0.2555347681045532,,,0.157040849328041,0.2380844205617904,0.1153398007154464,0.0641477555036544,-0.0868680253624916
P222,37,165,79.41075670581625,17.192811306999317,Perennial,medium,green from June and stable radar all season,0.72,0.6,4.2,13,"06-25, 07-07, 08-24",,Review,low,-13.6618070602417,-11.995686531066896,-12.119245529174805,-16.580568313598633,-13.719704627990724,-13.233216285705566,-14.4827241897583,-17.17237663269043,-16.347381591796875,-13.004724502563477,-13.9600830078125,-15.323360443115234,-15.163208961486816,-15.584524154663086,-13.562166213989258,6.160318374633789,8.298199653625487,2.896854877471924,1.3910369873046875,4.639681816101072,4.59603214263916,4.028818130493164,-0.7187213897705078,0.22511672973632812,1.8317246437072754,-0.43964576721191406,-0.30958080291748047,-0.5111618041992188,0.025638580322265625,2.1043224334716797,-8.575660705566406,-8.426249504089355,-8.325507164001465,-12.197314262390137,-11.277390480041504,-7.333727359771728,-8.771519660949707,-7.2577972412109375,-9.360003471374512,-6.956315040588379,-7.858801364898682,-8.1466703414917,-9.131464004516602,-9.57887840270996,-7.367163181304932,0.5994372367858887,0.5974869728088379,0.4612936675548553,0.4326323270797729,0.4114115536212921,0.4604267179965973,,0.5744346380233765,,0.7018612027168274,0.722447395324707,0.6688249707221985,0.6945241689682007,0.613547682762146,0.581119179725647,0.0929024145007133,0.0633194968104362,0.1305426210165023,0.0858789607882499,0.1153218448162078,0.0937634482979774,,0.1464623808860778,,0.2434838712215423,0.2099685072898864,0.2290526926517486,0.1539812535047531,0.072830744087696,0.058571171015501
P223,38,165,79.23666320375389,17.069652281546528,Other kharif crop,high,"clear green-up, no flooding",0.81,0.35,4.0,9,10-23,,Other kharif crop,high,-15.899356842041016,-19.49914169311523,-17.07754898071289,-16.424789428710938,-14.837278366088867,-13.884807586669922,-17.20545768737793,-18.98442840576172,-16.11083221435547,-16.46648406982422,-12.937702178955078,-13.657079696655272,-17.46084213256836,-16.59762191772461,-17.723064422607422,0.9207019805908203,1.266755104064945,0.45300960540771484,3.407125473022461,1.8696002960205078,0.563992977142334,-1.953324794769287,-4.381958484649658,-1.1206512451171875,-1.4006600379943848,1.3451032638549805,0.03937244415283381,-3.6159801483154297,-0.7118940353393555,-1.8909916877746582,-13.143658638000488,-10.544677734375,-9.623541831970217,-10.307355880737305,-9.620938301086426,-7.98113489151001,-11.126593589782717,-8.573626518249512,-10.053666114807127,-9.465527534484863,-11.769723892211914,-9.74878215789795,-10.114916801452637,-9.827192306518556,-10.954237937927246,0.2901344895362854,0.3873304724693298,0.3463833034038543,0.3378590941429138,,,,0.531582236289978,,0.7942631244659424,0.8110293745994568,,,0.7156258225440979,0.4856641888618469,-0.0861436873674392,-0.0188978612422943,0.1131247654557228,0.1294640749692917,,,,0.2919297814369201,,0.3404713571071625,0.2749188542366028,,,0.2540481984615326,0.0717586651444435
P224,38,165,79.18680670548527,17.108998490990963,Other kharif crop,high,"clear green-up, no flooding",0.84,0.17,7.7,10,,,Review,low,-16.784608840942383,-21.311145782470703,-16.85759162902832,-18.79979133605957,-17.876239776611328,-13.700465202331545,-14.75955295562744,-13.501391410827637,-12.942829132080078,-11.360546112060549,-11.365694999694824,-12.70958423614502,-15.514450073242188,-18.048099517822266,-15.880632400512695,1.332259178161621,-1.4512510299682617,-1.158597469329834,-0.6703386306762695,-2.35943603515625,0.7483353614807111,0.9066510200500506,2.4459280967712402,1.9960179328918457,3.41992139816284,2.881657600402832,1.0362887382507324,-1.6695880889892578,-2.527878761291504,-0.44771575927734375,-6.385495185852051,-9.375308990478516,-4.6727118492126465,-11.439702033996582,-4.5823869705200195,-3.0604493618011475,-4.6528167724609375,-3.7405622005462646,-4.876473903656006,-5.416432857513428,-5.15820837020874,-7.041509628295898,-5.524195194244385,-9.075922966003418,-9.875575065612791,0.1745819151401519,0.1657654345035553,0.1596622169017791,,,0.2790295481681824,,0.6716857552528381,,0.8369989395141602,0.6511995792388916,,0.5110956430435181,0.5168086886405945,0.5261877179145813,-0.1913744062185287,-0.2136731445789337,-0.0922796577215194,,,0.070790484547615,,0.2703667879104614,,0.2887024283409118,0.1642763614654541,,-0.0274349004030227,-0.0471449345350265,-0.0169226974248886
P225,38,165,79.28651970202253,17.11708332854804,Review,low,radar dip but optical shows dry soil soon after,0.65,0.19,9.1,9,07-31,06-25,Review,low,-20.202449798583984,-22.71531105041504,-18.20352554321289,-23.0440616607666,-18.333553314208984,-19.477693557739254,-15.556683540344238,-14.908434867858888,-14.391587257385254,-16.000207901000977,-12.957479476928713,-13.83466625213623,-13.604609489440918,-13.967833518981934,-16.011009216308594,-1.5339841842651367,-2.433833122253418,1.4825077056884766,-1.6992988586425781,-0.15507030487060547,-5.028892993926998,1.2490234375,0.779934883117674,0.21652507781982422,-0.6848759651184082,1.3340864181518537,1.042463779449463,0.8462123870849609,2.414247512817383,1.6234493255615234,-5.7430338859558105,-12.878597259521484,-12.233882904052734,-10.145109176635742,-8.89441204071045,-8.660307884216309,-8.214844703674316,-10.369845390319824,-6.834848880767822,-7.951467037200928,-6.724584579467773,-7.953462600708008,-6.22480583190918,-8.410597801208496,-8.861720085144043,0.1875809431076049,0.1550701558589935,0.2167912274599075,0.3207572102546692,,,,0.4241323173046112,,,0.643721342086792,,0.6529620885848999,0.565601110458374,0.3864786624908447,-0.1648124307394027,-0.0476941466331481,0.1668576896190643,0.070307470858097,,,,0.2697468996047973,,,0.2851815223693847,,0.2002225220203399,0.1256611049175262,-0.0582363829016685
P226,38,165,79.3088877525971,17.025724664153085,Other kharif crop,high,"clear green-up, no flooding",0.74,0.43,4.4,13,08-12,,Other kharif crop,high,-14.574270248413086,-18.714391708374023,-19.652515411376953,-16.69121742248535,-15.45576000213623,-13.782181739807127,-18.11408042907715,-14.296504974365234,-15.046799659729004,-17.30928611755371,-16.203937530517578,-14.839336395263672,-13.223709106445312,-15.390256881713867,-18.75591278076172,2.2293920516967773,-0.09841442108154297,-2.0119781494140625,4.958725929260254,3.6363534927368164,3.1086511611938494,-1.0691518783569336,2.8179235458374023,-0.030765056610107422,-0.8523035049438477,-2.5119171142578125,-0.12147665023803533,1.679335117340088,0.8796396255493164,-1.1214542388916016,-8.62808609008789,-11.89061164855957,-11.729641914367676,-7.319743633270264,-6.338963508605957,-7.858513355255127,-8.038229942321777,-7.684343814849853,-7.560171604156494,-9.962690353393556,-6.399073600769043,-7.726426601409912,-5.972966194152832,-7.17820930480957,-8.441242218017578,0.560897171497345,0.4273600280284881,0.4285910427570343,0.3627615571022033,,0.7063769102096558,,0.630659818649292,0.6828105449676514,0.7414611577987671,0.5455508828163147,0.5179716944694519,0.5714823603630066,0.6883163452148438,0.5580960512161255,0.0379357039928436,0.1088905856013298,0.2191586643457412,0.2033113092184066,,0.2914098799228668,,0.2939629554748535,0.3061920702457428,0.2400933504104614,0.2193673700094223,0.2198399603366851,0.1454678028821945,0.2513351440429687,0.1855211704969406
P227,38,165,79.24932944925997,17.10980697474667,Paddy,high,radar dip-and-rise + optical flood within 3 weeks,0.51,0.17,9.0,10,"07-07, 07-19, 10-23, 11-04","06-25, 07-07, 07-31",Paddy,high,-20.57900619506836,-20.22064781188965,-15.204843521118164,-23.39237594604492,-24.73281478881836,-22.539165496826172,-20.115591049194336,-17.08023452758789,-14.93356227874756,-12.63321304321289,-14.42656135559082,-14.914923667907717,-22.170337677001953,-25.31416130065918,-20.73528480529785,-3.2972679138183594,-0.2999229431152344,4.060459136962891,-2.410544395446774,-7.490506172180176,-8.090364933013916,-4.863458156585693,-2.47776460647583,-0.5964374542236346,3.108828544616699,-0.8782968521118164,-0.9440870285034197,-7.720754623413086,-9.044264793395996,-3.9568538665771484,-9.64878749847412,-9.514656066894531,-8.958136558532715,-13.20391082763672,-10.5244140625,-15.017851829528809,-12.002598762512209,-8.357329368591309,-7.357646465301514,-5.0034074783325195,-9.144054412841797,-5.4291253089904785,-13.420724868774414,-16.502599716186523,-13.605463981628418,0.1900487840175628,0.144929438829422,0.1700518131256103,0.0811731815338134,,0.1910872310400009,,0.4601226449012756,,,0.5062949657440186,,-0.2043896913528442,-0.2506135106086731,-0.2045537382364273,-0.1096607148647308,-0.149507462978363,0.1724868416786193,0.3323989510536194,,0.286290168762207,,0.2925315499305725,,,0.3071250915527344,,0.2636101841926574,0.1000336408615112,0.1472175568342209
P228,38,165,79.29918594752861,17.01224993489129,Paddy,high,radar dip-and-rise + optical flood within 3 weeks,0.72,0.44,7.8,10,06-25,"06-25, 07-07",Paddy,high,-15.605483055114746,-12.17506504058838,-22.938995361328125,-21.709985733032227,-21.17905616760254,-17.73578453063965,-14.947582244873049,-16.02800178527832,-15.192583084106444,-16.447481155395508,-15.612667083740234,-15.288589477539062,-14.825119972229004,-16.373252868652344,-22.127708435058594,0.1348876953125,6.048537254333494,-5.933773994445801,-3.829317092895508,-3.4468555450439453,0.026002883911132812,2.7121868133544904,1.2738580703735352,-0.2024021148681623,-0.21413516998291016,-0.7658791542053223,-0.6085233688354492,-0.44803953170776367,-0.5691914558410645,-4.083849906921387,-7.890188217163086,-7.186371803283691,-12.845420837402344,-17.399599075317383,-13.085293769836426,-8.639700889587402,-8.862263679504395,-7.775311946868896,-10.2178316116333,-12.180585861206056,-8.39834976196289,-7.415060520172119,-5.045804977416992,-8.984098434448242,-13.198601722717283,0.4385166764259338,0.5247827768325806,0.1199290379881858,0.206757515668869,,0.4712486863136291,,0.7218383550643921,,,0.6219513416290283,0.3265771567821502,,0.3261544406414032,0.2229540348052978,-0.0222504399716854,0.0152452383190393,0.2132852673530578,0.222833439707756,,0.3121503293514251,,0.3599843680858612,,,0.3311766386032104,0.1719050854444503,,0.2530618011951446,0.445654034614563
P229,39,165,78.91084425020374,16.866453364278694,Other kharif crop,high,"clear green-up, no flooding",0.69,0.27,2.6,9,09-29,,Other kharif crop,high,-13.819360733032228,-14.546483039855955,-16.69988250732422,-14.819549560546877,-14.947333335876465,-12.661956787109377,-14.149102210998535,-13.008963584899902,-10.979141235351562,-12.36971950531006,-14.412908554077148,-14.430370330810549,-11.253549575805664,-14.439457893371582,-12.628256797790527,2.1554594039916974,3.656246185302736,-0.4908127784729004,3.4934892654418928,1.4287734031677246,1.6630954742431623,0.3172907829284668,1.833237648010254,4.022638320922852,2.3887057304382306,-0.8961162567138672,0.19599246978759588,2.4294567108154297,0.020302772521972656,2.5267176628112793,-6.379758358001709,-9.170432090759276,-8.384435653686523,-8.93808364868164,-6.262236595153809,-5.812709808349609,-8.342015266418457,-4.003763675689697,-6.272294998168945,-5.483041286468506,-5.554386138916016,-8.961263656616211,-7.199643135070801,-8.021944046020508,-6.735374927520752,0.2346117496490478,0.3021802306175232,,0.1910266131162643,,0.4682349562644958,,0.5433988571166992,,,0.6650346517562866,0.5870184302330017,,0.6857950687408447,0.6935939192771912,-0.1773048341274261,-0.1432545334100723,,-0.0261322539299726,,0.1127097606658935,,0.2564150094985962,,,0.1468623727560043,0.0634346604347229,,0.1452652066946029,0.1943714767694473
P230,39,165,78.99869948499064,16.927898129712467,Review,low,radar dip but optical shows dry soil soon after,0.57,0.33,5.4,8,06-13,,Review,low,-14.529553413391112,-20.9449462890625,-14.085137367248535,-19.045888900756836,-14.54823875427246,-11.216246604919434,-13.635010719299316,-13.915637016296388,-17.163589477539062,-16.825773239135742,-15.108404159545898,-15.243348121643066,-13.751632690429688,-16.69600486755371,-13.63230037689209,3.225478172302248,-1.3942184448242188,3.050349235534668,-0.07734203338623047,1.9453935623168963,3.9716110229492188,0.9925780296325684,1.541122913360594,-2.338040351867676,-1.2111773490905762,-2.1190805435180664,-0.5168046951293945,0.9127693176269531,-1.783982753753662,1.5688962936401367,-9.087774276733398,-8.502981185913086,-5.484409332275391,-8.502193450927734,-9.426813125610352,-2.281750202178955,-6.7679924964904785,-7.500322341918945,-9.834805488586426,-9.361284255981444,-6.353726387023926,-10.15601921081543,-9.723444938659668,-10.785609245300291,-7.68385648727417,0.3700446784496307,,0.2865583002567291,0.4049707353115082,,0.3999938070774078,,0.4799102544784546,,,0.4440742135047912,,,0.5707581639289856,0.5050559639930725,-0.0489590354263782,,0.0230462327599525,0.0270184464752674,,0.1204472258687019,,0.0826347321271896,,,-0.005645552650094,,,0.0560255497694015,0.0548401772975921
P231,39,165,79.02564894351421,16.89933170367747,Review,low,radar dip but optical shows dry soil soon after,0.84,0.24,6.8,9,"07-31, 08-12",,Other kharif crop,high,-17.493101119995117,-19.97454261779785,-14.847915649414062,-19.4179630279541,-16.1494140625,-21.20838928222656,-21.69684600830078,-16.454843521118164,-14.888799667358398,-14.408517837524414,-15.90313720703125,-12.73693561553955,-15.480114936828612,-15.732010841369627,-16.63368797302246,0.9439029693603516,0.5581064224243164,3.267727851867676,-0.2418537139892578,0.21918010711669922,-6.020531654357907,-7.147485733032227,-0.6584868431091309,-0.26439428329467773,1.8541536331176758,-1.9209842681884766,2.6802916526794434,-1.0018243789672834,-0.9327793121337873,-1.4324913024902344,-9.808877944946287,-11.400428771972656,-10.243316650390623,-11.967208862304688,-9.877331733703612,-13.349771499633787,-10.228582382202148,-8.640140533447266,-7.76305627822876,-6.822108745574951,-5.6733808517456055,-10.255175590515137,-10.160679817199709,-11.93882179260254,-14.1493558883667,0.3384208977222442,0.2438230365514755,0.1394003927707672,0.2390047311782837,,0.1843404769897461,,0.6067019701004028,,,0.8411529064178467,,,0.6121100783348083,0.3168053030967712,-0.0497383438050746,-0.0864622667431831,0.0350342281162738,-0.0065210256725549,,0.0135049382224679,,0.259283185005188,,,0.3968653082847595,,,0.2357833683490753,-0.0516554526984691
P232,39,165,78.9660906401771,16.85109217292025,Other kharif crop,high,"clear green-up, no flooding",0.59,0.11,9.2,7,,,Other kharif crop,high,-22.295751571655273,-21.94393539428711,-19.873308181762695,-22.292814254760746,-16.83785057067871,-14.27267360687256,-13.548734664916992,-15.901938438415527,-12.460334777832031,-14.763766288757324,-12.898091316223145,-13.32899284362793,-13.51015281677246,-13.128335952758787,-13.249792098999023,-4.540719985961914,-2.595536231994629,-2.905223846435547,-3.271459579467777,-1.166365146636963,-0.5298886299133319,1.1031203269958496,-1.4636025428771973,2.344569206237793,0.3257317543029785,1.3285017013549805,0.7878022193908691,1.29555130004883,1.2212667465209979,1.5089688301086426,-7.530064582824707,-9.098196983337402,-6.6313252449035645,-9.800315856933594,-5.358965873718262,-5.298018932342529,-6.913781642913818,-7.4203901290893555,-4.818809509277344,-7.260570526123047,-6.730061054229736,-7.377185821533203,-6.448856830596924,-7.41801643371582,-5.367192268371582,0.1210800483822822,0.092831864953041,,,,0.3631396889686584,,0.5036980509757996,,,0.571193277835846,,,0.5850048661231995,0.5600197315216064,-0.1799209862947464,-0.1506410241127014,,,,0.0559045039117336,,0.1940989345312118,,,0.1448406726121902,,,0.1034574583172798,0.0868775397539138
P233,39,165,79.03211681355988,16.87965859895525,Other kharif crop,high,"clear green-up, no flooding",0.66,0.19,6.0,8,,,Other kharif crop,high,-20.934823989868164,-20.120351791381836,-18.09368324279785,-17.504789352416992,-18.41118812561035,-14.77255916595459,-14.5128755569458,-16.772302627563477,-13.79922866821289,-16.47278594970703,-14.742015838623049,-13.861980438232422,-15.993396759033203,-16.416006088256836,-16.104516983032227,-2.616848945617676,-0.22076034545898438,-0.13099002838134766,1.6713199615478516,-1.917555809020996,0.49539661407470703,-0.14055395126342773,-1.7918224334716797,1.026320457458496,-0.6167597770690918,-0.7598628997802752,0.7768111228942871,-1.515106201171875,-2.223191261291504,-0.9033203125,-11.31567096710205,-11.85558032989502,-7.245095252990723,-10.99072265625,-10.019720077514648,-8.265007019042969,-6.763429164886475,-9.243062019348145,-10.056035041809082,-9.529582023620604,-8.60499382019043,-8.647581100463867,-9.39578914642334,-6.973648548126221,-10.721148490905762,0.1596012264490127,0.214817464351654,,,,0.5093879699707031,,0.5849924087524414,,,0.6577014327049255,,0.4759386777877807,0.5498585104942322,0.4961908161640167,-0.1814234852790832,-0.1506042629480362,,,,0.1347791403532028,,0.192924290895462,,,0.1500970870256424,,0.1168239116668701,0.0168744828552007,-0.0027758120559155
P234,39,165,79.01621663303096,16.907416541234543,Other kharif crop,high,"clear green-up, no flooding",0.69,0.22,4.5,8,,,Other kharif crop,high,-18.0169620513916,-19.82464027404785,-17.787782669067383,-19.30632972717285,-17.76117515563965,-15.15517234802246,-16.37740707397461,-14.203850746154783,-14.762298583984377,-16.6583251953125,-10.663097381591797,-15.941123962402344,-14.873546600341797,-14.341249465942385,-15.403871536254885,0.158111572265625,0.2228069305419922,-0.4993457794189453,-0.07440376281738281,-2.2147278785705566,-0.15862131118774236,-2.0415701866149902,1.5925059318542498,-0.07464265823364435,-1.3576908111572266,3.3190555572509766,-1.3884596824645996,-0.7701015472412109,1.1533627510070783,-0.7819128036499041,-7.595383644104004,-9.374141693115234,-5.683112144470215,-8.772170066833496,-7.930980682373047,-6.681525707244873,-8.296719551086426,-6.365743637084961,-5.82309103012085,-8.997756958007812,-5.863836765289307,-4.893959999084473,-8.380471229553223,-8.060152053833008,-9.680858612060549,0.2360791862010955,0.212362065911293,,0.2028681933879852,,0.2951784133911133,,0.5550855398178101,,,0.688374400138855,,,0.5810988545417786,0.4969591498374939,-0.1542387455701828,-0.1397459805011749,,-0.0740193575620651,,-0.0157595686614513,,0.1575773656368255,,,0.2085407674312591,,,0.1025161445140838,0.0498948693275451
P235,40,165,78.95477186759719,17.120317263570872,Other kharif crop,high,"clear green-up, no flooding",0.78,0.28,3.8,9,,,Other kharif crop,high,-16.578407287597656,-18.202150344848633,-15.121587753295898,-15.980470657348633,-15.92960262298584,-12.393355369567873,-14.157244682312012,-16.963529586791992,-15.52933406829834,-14.566651344299316,-14.175636291503906,-15.178655624389648,-15.000377655029297,-14.400118827819824,-12.836121559143066,0.34143829345703125,0.9078388214111328,0.47495317459106445,3.434178352355957,-0.2951078414916992,1.1196374893188459,0.2869753837585449,-2.403573513031006,-1.8665194511413574,-1.191443920135498,-0.23650693893432617,-1.956876277923584,-1.5207877159118652,0.2754335403442383,1.698737621307373,-8.505632400512695,-9.12806224822998,-7.801096439361572,-9.235774993896484,-5.798330783843994,-7.233119487762451,-7.558614253997803,-11.09220027923584,-7.607106685638428,-8.037009239196777,-7.162639141082764,-10.335026741027832,-6.121870994567871,-5.323093414306641,-8.585543632507324,0.2755293846130371,0.6529234647750854,0.2768326997756958,0.4259766340255737,,0.4686033725738525,,0.7091479301452637,,,0.7817147970199585,,,0.7278622984886169,0.6046850085258484,-0.1491145640611648,-0.1191758587956428,0.0224314276129007,0.055172361433506,,0.1896659880876541,,0.2636958360671997,,,0.2133412212133407,,,0.1726921796798706,0.1524359881877899
P236,40,165,78.89898648845336,17.08851690251304,Review,low,optical flood without radar growth afterwards,0.7,0.18,5.0,10,11-16,08-12,Review,low,-12.510754585266112,-17.727989196777344,-14.940184593200684,-19.548189163208008,-14.847824096679688,-13.123912811279297,-12.823966979980469,-16.99079704284668,-11.883825302124023,-13.70333194732666,-13.428168296813965,-12.58670425415039,-12.741642951965332,-15.0458984375,-18.923038482666016,3.527468681335451,1.2405977249145508,1.2977209091186523,-0.40682315826416016,1.0458316802978516,0.5807361602783185,2.392305850982668,-1.9786415100097656,2.404438018798828,0.004103183746337891,0.8846950531005859,1.638657569885254,1.804448127746582,-0.4345555305480957,-3.8265380859375,-6.495665073394775,-9.729365348815918,-4.7745866775512695,-9.439047813415527,-9.5022554397583,-4.2695794105529785,-10.127952575683594,-9.644867897033691,-6.820717811584473,-9.906094551086426,-8.473067283630371,-7.384133815765381,-8.118364334106445,-8.122913360595703,-11.50345516204834,0.1767787784337997,,,0.2244272083044052,,0.3401827812194824,0.3628522753715515,0.5544731616973877,,0.6978049278259277,0.6990599632263184,,0.6053515076637268,0.7017996907234192,0.6697698831558228,-0.1632339507341385,,,-0.0523983314633369,,0.0715962648391723,0.3182708024978637,0.1524461507797241,,0.2303453683853149,0.1977937817573547,,0.2500447034835815,0.1887249499559402,0.1726072877645492
P237,40,165,78.920276560687,17.10414758845672,Review,low,radar dip but optical shows dry soil soon after,0.59,0.27,5.7,11,06-13,,Review,low,-16.044057846069336,-23.321367263793945,-15.038941383361816,-20.283815383911133,-15.887988090515137,-13.515881538391112,-15.560328483581545,-15.69740867614746,-14.972785949707031,-15.373054504394531,-12.664222717285156,-15.699502944946287,-14.60147190093994,-14.563850402832031,-15.773482322692873,-0.09669351577758789,-4.769231796264648,1.1989641189575195,-1.447291374206543,-0.10421228408813477,0.18587875366211115,-1.0455975532531756,-0.11652183532714666,-1.1409173011779785,-1.997847080230713,1.6486406326293945,-2.1576237678527814,-0.2897291183471662,0.10689401626586914,-0.6769819259643572,-4.856731414794922,-14.220562934875488,-9.202927589416504,-13.30921459197998,-9.038402557373049,-6.900981426239014,-7.180375576019287,-4.935585975646973,-6.414524078369141,-6.0459184646606445,-6.292499542236328,-8.104043960571289,-7.028532028198242,-6.951879978179932,-6.5505595207214355,0.1454987823963165,0.2746242880821228,0.3461760878562927,0.2843898236751556,,0.4064422845840454,,0.516543984413147,,0.5560780167579651,0.5265138149261475,0.5278947949409485,,0.5925858020782471,0.5724583864212036,-0.1873556971549987,-0.1346393525600433,0.0590297356247901,-0.0032724475022405,,0.1292308717966079,,0.110824316740036,,0.1306520402431488,0.0727773830294609,0.1428838372230529,,0.1039204001426696,0.0945890396833419
P238,40,165,78.9165036364937,17.138912389952143,Other kharif crop,high,"clear green-up, no flooding",0.72,0.13,7.5,12,,,Other kharif crop,high,-18.806554794311523,-19.386640548706055,-16.15414047241211,-21.674726486206055,-17.513700485229492,-16.174333572387695,-16.200441360473633,-13.864997863769531,-13.3193359375,-12.21341037750244,-14.655826568603516,-10.986291885375977,-11.856019973754885,-14.50253677368164,-13.56201457977295,-2.4953222274780273,-1.5195121765136719,-1.073875904083252,-4.002801895141602,-2.205190658569336,-2.8329033851623535,-2.275881290435791,2.401142120361328,0.5125327110290527,2.2538089752197283,-0.8539242744445801,3.527587413787842,2.511103630065916,0.33928966522216797,1.9094629287719727,-10.957223892211914,-9.799423217773438,-3.680930137634278,-12.506609916687012,-9.270356178283691,-5.7785444259643555,-6.303316593170166,-7.905793190002441,-5.5109758377075195,-7.362466812133789,-6.437561511993408,-8.179628372192383,-7.215516090393066,-6.910751819610596,-7.100192070007324,0.1080714166164398,0.1323748230934143,0.1450226008892059,0.1428789049386978,,0.2773867845535278,,0.5598086714744568,0.6142680644989014,,0.7192041873931885,0.6685826778411865,0.5920670032501221,0.6062758564949036,0.5572460889816284,-0.2005620300769806,-0.2027186751365661,-0.1614451557397842,-0.1112227812409401,,0.0475344434380531,,0.1677750945091247,0.2313654273748397,,0.2264268100261688,0.246949553489685,0.1758726090192794,0.1280663907527923,0.1347217559814453
P239,40,165,78.91839009859035,17.15939397843007,Other kharif crop,high,"clear green-up, no flooding",0.65,0.27,4.7,12,10-11,,Other kharif crop,high,-19.102806091308594,-17.160947799682617,-16.494579315185547,-15.593416213989258,-14.724798202514648,-15.457456588745115,-13.563270568847656,-16.96063804626465,-13.390742301940918,-13.047082901000977,-14.60019874572754,-18.947649002075195,-14.13277530670166,-15.768117904663086,-14.035219192504885,-2.7915735244750977,0.7061805725097656,-1.5050163269042969,2.0785083770751953,0.5837116241455078,-2.113137722015379,1.8841853141784668,-0.6944980621337891,0.42069149017333984,1.9227700233459473,-0.28733539581299006,-5.297592639923096,-0.10404634475708008,-1.1448659896850586,1.5779023170471174,-14.56220245361328,-11.874112129211426,-10.340843200683594,-12.33841323852539,-9.0446195602417,-8.4924955368042,-7.73588752746582,-9.66457462310791,-8.910246849060059,-7.15837287902832,-10.790482521057127,-7.310811519622803,-8.9218168258667,-10.559179306030272,-11.132519721984863,0.2738541960716247,0.4227361679077148,0.1528483033180236,0.2850780487060547,,0.3839761018753052,,0.5862634181976318,,0.6383060812950134,0.652179479598999,0.4735926389694214,0.5235529541969299,0.5725240707397461,0.5136957764625549,-0.0791231095790863,-0.0190057139843702,-0.0593198761343956,0.0224548615515232,,0.074540376663208,,0.1463827192783355,,0.1774950921535492,0.1389691829681396,0.1940518766641616,0.2096236646175384,0.0984078496694564,0.0552975907921791
P240,40,165,78.86556915988412,17.07935408661502,Other kharif crop,high,"clear green-up, no flooding",0.82,0.27,4.2,11,,,Other kharif crop,high,-11.944024085998535,-17.327425003051758,-13.833240509033203,-16.880022048950195,-15.381001472473145,-13.17275619506836,-13.691875457763672,-13.143085479736328,-14.303531646728516,-14.36778736114502,-11.718916893005373,-13.451009750366213,-12.683866500854492,-13.922560691833496,-14.907137870788574,4.367208480834961,1.2911767959594727,2.1440529823303223,2.9730091094970703,0.5126543045043945,0.8692870140075684,1.5243973731994647,3.754669189453125,0.3130049705505371,-0.23279571533203125,2.0829854011535627,0.7743520736694318,2.0794239044189453,0.690272331237793,0.7247004508972186,-4.041452884674072,-9.203246116638184,-5.373264789581299,-7.19645357131958,-4.695234775543213,-5.699577331542969,-5.723601818084717,-5.998467922210693,-5.062644958496094,-6.18766450881958,-7.079372882843018,-7.798521995544434,-5.309722423553467,-7.39556884765625,-6.5203094482421875,0.2886469960212707,,0.2565600275993347,,0.3302372694015503,0.3929976224899292,0.4948371648788452,0.6819813847541809,,,0.8201137781143188,0.6464157104492188,0.5788432359695435,0.7067556381225586,0.7110638618469238,-0.0679072141647338,,0.0581095479428768,,0.080345369875431,0.162055492401123,0.34639573097229,0.2786709070205688,,,0.269668698310852,0.2023357599973678,0.2164611518383026,0.1737334728240966,0.1827178299427032
P241,41,165,79.21860706654309,17.233235494784694,Other kharif crop,high,"clear green-up, no flooding",0.86,0.33,9.3,12,,,Other kharif crop,high,-21.270299911499023,-23.70854949951172,-21.20791244506836,-26.42087173461914,-24.53700828552246,-21.01858139038086,-19.10350227355957,-14.939324378967283,-17.16217041015625,-15.207233428955078,-12.70350456237793,-16.85837745666504,-15.571595191955566,-15.1371488571167,-17.63683319091797,-2.647679328918457,-3.3567514419555664,-4.083165168762207,-6.7551469802856445,-8.039381980895996,-4.74430513381958,-2.31130313873291,2.244901657104494,-1.9982452392578125,0.07504272460937322,1.7765345573425293,-1.807013988494873,-0.9255366325378418,0.47137022018432617,-2.2179465293884295,-11.920870780944824,-12.0629301071167,-8.65857982635498,-13.495336532592772,-11.551717758178713,-10.274605751037598,-7.811416149139404,-9.288320541381836,-8.687566757202148,-8.094462394714355,-10.138189315795898,-11.422842979431152,-9.255014419555664,-9.527887344360352,-10.307568550109863,0.3463154435157776,0.3253949880599975,0.1454871743917465,0.1202527657151222,0.2879349589347839,0.2613058388233185,,0.8119394779205322,,0.8581334948539734,0.8293503522872925,0.707821249961853,,0.3421813547611236,0.2508011162281036,-0.080133631825447,-0.1111612170934677,0.0254674460738897,0.019705157727003,0.1325956434011459,0.1816521286964416,,0.3407711088657379,,0.3656305074691772,0.3757916688919067,0.2964448928833008,,-0.1173057407140731,0.089148037135601
P242,41,165,79.22103251781022,17.16451437554955,Review,low,radar dip but optical shows dry soil soon after,0.75,0.16,6.6,12,"06-25, 09-29, 11-04",,Other kharif crop,high,-16.85550880432129,-18.331632614135746,-18.878089904785156,-20.864038467407227,-15.496089935302734,-14.457694053649902,-12.24832248687744,-12.28313446044922,-13.7099027633667,-13.104599952697754,-16.217105865478516,-11.272327423095703,-13.615677833557127,-17.23771858215332,-15.21881103515625,3.589780807495117,3.9859952926635707,-1.9105195999145508,-0.9143304824829102,2.8810863494873047,4.02840518951416,4.242268562316896,4.231338500976561,1.8175792694091797,1.9555978775024414,-2.949206352233885,3.6334309577941895,1.5553460121154803,-1.722592830657959,0.6132616996765137,-4.752243995666504,-8.207921028137207,-3.763872623443603,-11.855647087097168,-1.4248474836349487,-1.3569241762161257,-5.054832935333252,-6.236238956451416,-3.9863595962524414,-4.585549831390381,-6.833514213562012,-8.213977813720703,-6.4506425857543945,-7.500493049621582,-7.127449035644531,0.1223786249756813,0.1635409891605377,0.203580692410469,0.2114253640174865,0.2418720126152038,0.3766531348228454,,0.7021365165710449,,0.6357315182685852,0.466339647769928,,0.6268879175186157,0.7521032094955444,0.7086795568466187,-0.1754248142242431,-0.1601484417915344,-0.0287684686481952,-0.1253796517848968,0.0702078118920326,0.0143867079168558,,0.2195812314748764,,0.1464545726776123,0.1111806184053421,,0.2926678657531738,0.1848818659782409,0.1969776898622512
P243,41,165,79.144226561018,17.146188743753513,Other kharif crop,high,"clear green-up, no flooding",0.62,0.27,8.1,10,07-31,,Other kharif crop,high,-20.311573028564453,-24.160137176513672,-15.646055221557615,-18.707603454589844,-13.637198448181152,-17.494504928588867,-14.641229629516602,-17.197216033935547,-17.081493377685547,-15.483875274658203,-14.139049530029297,-13.55823802947998,-16.01020622253418,-17.443038940429688,-15.334567070007324,-2.9008264541625977,-4.3002424240112305,-0.16766691207885565,-0.2591867446899414,1.8796052932739258,-3.323254108428955,1.147435188293457,-1.7545900344848633,-2.142646312713623,-1.4354948997497559,-0.31287097930908203,0.1452779769897461,-2.0364789962768555,-2.011227607727051,0.040471553802490234,-11.988288879394531,-12.798623085021973,-10.796972274780272,-12.381434440612791,-9.21979522705078,-11.329734802246094,-10.68345069885254,-10.226707458496094,-10.150944709777832,-8.754862785339355,-7.015206813812256,-8.609546661376953,-6.761595726013184,-8.01185417175293,-12.602913856506348,0.2794781923294067,0.273966908454895,0.2272979617118835,0.3112815022468567,0.3677491545677185,,,0.5855886340141296,,,0.6211152076721191,0.6077980399131775,,0.5888131856918335,0.4867395758628845,-0.129790186882019,-0.159047931432724,0.0253458879888057,-0.0058848918415606,0.0744329839944839,,,0.2303423583507537,,,0.194990187883377,0.2179615497589111,,0.1072662025690078,0.0458724163472652
P244,41,165,79.253910857209,17.286056433490923,Paddy,medium,optical flood + radar growth afterwards (shallow dip),0.84,0.23,8.0,11,,"06-13, 06-25, 07-07",Paddy,high,-20.075637817382812,-24.161537170410156,-18.54392433166504,-17.872087478637695,-19.90192985534668,-15.774569511413574,-18.997846603393555,-17.078004837036133,-15.102002143859863,-14.214778900146484,-12.40782356262207,-14.119019508361816,-16.04853057861328,-17.467853546142578,-14.204339027404783,-1.453017234802246,-4.735840797424316,-1.719125747680664,0.7667236328125,-2.2315311431884766,3.0885934829711914,-1.2167072296142578,-0.7032852172851562,1.3800239562988281,0.8612275123596191,1.9886770248413086,2.0343847274780273,-0.7971024513244629,-1.6991004943847656,2.311615467071535,-10.910849571228027,-11.618115425109863,-13.172389030456545,-12.956174850463867,-10.01565933227539,-9.173727989196776,-9.352242469787598,-10.235968589782717,-10.514911651611328,-10.928444862365724,-9.282002449035645,-9.567548751831056,-3.691526412963867,-7.143896102905273,-7.570878028869629,0.17100191116333,0.2299287319183349,0.2849010229110718,0.3051821291446686,0.4175125956535339,0.5017454028129578,,0.8368120193481445,,,0.7774782180786133,0.4059765636920929,,0.3861917555332184,0.4080438315868377,-0.075889341533184,0.2177308946847915,0.2799705564975738,0.2927010953426361,0.2657979130744934,0.3114672303199768,,0.4232398867607116,,,0.3445547223091125,0.1003572344779968,,0.1945157200098037,0.1891974359750747
P245,41,165,79.28112981031781,17.305999032798375,Other kharif crop,high,"clear green-up, no flooding",0.84,0.41,1.9,12,,,Other kharif crop,high,-15.405709266662598,-16.226789474487305,-14.067667961120604,-13.35060977935791,-15.928829193115234,-14.466328620910645,-16.60994529724121,-12.925800323486328,-14.040645599365234,-14.944779396057127,-15.438633918762209,-16.171463012695312,-14.743316650390623,-15.151153564453123,-15.152292251586914,4.099628448486328,4.483730316162109,3.665258407592775,6.028826713562012,2.1445112228393555,4.244441032409668,0.3455820083618164,4.126045227050781,2.5565614700317383,0.4687237739563006,-1.3295063972473162,-0.835543155670166,-0.003285884857175958,1.5293245315551776,2.356515884399414,-6.879247665405273,-9.485212326049805,-4.924768924713135,-7.940785884857178,-9.414396286010742,-8.373324394226074,-10.125642776489258,-7.373130798339844,-9.378225326538086,-9.440082550048828,-7.765176773071289,-7.835463523864746,-5.594781398773193,-8.443136215209961,-9.047554969787598,0.4108103811740875,0.4115402698516845,0.4094238877296448,0.4445468783378601,0.3548422157764435,0.3003798723220825,,0.575861930847168,,,0.8426220417022705,0.8071830868721008,0.4821690320968628,0.5185186862945557,0.4178833365440368,-0.0342884175479412,-0.014283119700849,0.0743119269609451,0.0834654122591018,0.1048963367938995,0.1301024407148361,,0.2574792206287384,,,0.354405403137207,0.3779057562351227,0.2671415507793426,0.1356305181980133,0.148285835981369
P246,41,165,79.2803213265621,17.281475025541912,Review,low,radar dip but optical shows dry soil soon after,0.65,0.23,4.0,10,"07-07, 08-12",,Review,low,-17.859432220458984,-19.62483024597168,-17.293582916259766,-22.69516372680664,-16.075254440307617,-19.89097785949707,-23.433490753173828,-20.772157669067383,-19.30367660522461,-15.619772911071776,-17.257375717163086,-16.76820945739746,-16.435853958129883,-20.982988357543945,-17.396818161010742,1.6459054946899414,0.15018367767333984,-0.0690317153930664,-4.056352615356445,3.0861101150512695,-1.3029441833496094,-6.623753547668457,-4.397438049316406,-2.8491153717041016,-0.7699780464172363,-2.860875129699707,-0.990318775177002,-1.5985651016235352,-5.214235305786133,-0.7608561515808105,-7.054616451263428,-13.947917938232422,-8.177624702453613,-14.80201530456543,-6.490047454833984,-13.981176376342772,-9.618494033813477,-6.233680248260498,-8.683993339538574,-7.941251277923584,-7.949011325836182,-5.573452949523926,-9.260852813720703,-10.360810279846191,-10.60010051727295,0.2036160677671432,0.2805103063583374,0.2344211190938949,0.2309554070234298,0.2737089395523071,0.2330116629600525,,0.32846200466156,,,0.6480705738067627,,,0.4461142718791961,0.5184473991394043,-0.0763910412788391,-0.0419748239219188,-0.0730824694037437,-0.0432437472045421,0.0508732460439205,0.0236854255199432,,-0.0311718173325061,,,0.1704937815666198,,,0.0135073000565171,0.0494786761701107
P247,42,92,79.72444840303079,16.7424858550702,Review,low,radar dip but optical shows dry soil soon after,0.75,0.1,5.5,11,09-05,,Other kharif crop,high,-20.451412200927734,-21.213638305664062,-20.39449882507324,-19.651668548583984,-18.299041748046875,-21.991615295410156,-20.759889602661133,-16.798015594482422,-21.906551361083984,-16.23911476135254,,-15.125283241271973,-15.495800018310549,,-18.51774024963379,-1.286764144897461,-3.8430070877075195,-3.3176088333129847,-2.645048141479492,-3.2271227836608887,-4.43669319152832,-2.0380077362060547,3.3995800018310547,-3.877288818359375,0.43732738494873047,,1.5197010040283203,-1.2465863227844256,,-3.0495190620422363,-12.22559928894043,-11.194811820983888,-13.300982475280762,-10.839881896972656,-7.639110565185547,-11.60330295562744,-7.240913391113281,-9.136905670166016,-9.201254844665527,-10.93730926513672,,-7.580398559570312,-10.032604217529297,,-12.555006980895996,0.1040585041046142,0.0762240141630172,0.1676730811595916,0.1244561597704887,,0.1271649897098541,,0.564224362373352,,,0.7511262893676758,0.5562421083450317,0.7164075970649719,0.3097451329231262,0.2110400050878524,-0.1686035841703415,-0.0894449055194854,-0.0648813620209693,-0.1536753624677658,,0.0182575248181819,,0.2270135581493377,,,0.3364941477775574,0.3063449561595917,0.3094746768474579,-0.0807297825813293,-0.053727027028799
P248,42,92,79.74196555107112,16.80042719089591,Paddy,medium,optical flood + radar growth afterwards (shallow dip),0.84,0.17,12.2,12,,08-24,Paddy,high,-27.790292739868164,-21.664852142333984,-26.057781219482425,-23.19066047668457,-16.48432731628418,-22.836528778076172,-23.954116821289062,-20.121017456054688,-19.88984107971191,-15.082868576049805,,-15.502241134643556,-12.547981262207031,,-15.189319610595703,-8.223939895629883,-3.915454864501953,-8.718825340271,-6.184040069580078,-0.977959156036377,-5.158505439758301,-5.232234954833984,-0.12691307067871094,-1.8605785369873011,2.014741897583008,,1.1427431106567365,2.2436914443969727,,0.8725490570068359,-13.153435707092283,-14.756531715393066,-10.543410301208496,-9.004622459411621,-3.811157703399658,-10.676478385925291,-15.400424003601074,-16.12482452392578,-8.802830696105957,-8.399913787841797,,-11.482378005981444,-6.928457736968994,,-9.859715461730955,0.1674630641937255,0.2134034186601638,0.0831528306007385,0.0986672267317771,,0.1269446611404419,,0.3581515550613403,,0.8354281783103943,0.7754567861557007,0.8078814744949341,0.8316999673843384,0.7908624410629272,0.4438055753707886,-0.2307893335819244,-0.1078535988926887,-0.0995794534683227,-0.2091004550457,,-0.0317765921354293,,0.3091415166854858,,0.3291347324848175,0.3325979709625244,0.413675457239151,0.4441825747489929,0.4020218849182129,0.0762049034237861
P249,42,92,79.61611157976598,16.955925566576997,Paddy,medium,optical flood + radar growth afterwards (shallow dip),0.82,0.28,9.1,9,,07-31,Paddy,high,-17.6967716217041,-17.452911376953125,-18.678102493286133,-17.488624572753906,-17.398412704467773,-22.014217376708984,-23.00766372680664,-22.443830490112305,-17.56247901916504,-17.769046783447266,,-15.565943717956545,-12.567310333251951,,-14.192811965942385,0.2573509216308594,-0.8318319320678711,-1.492009162902832,1.3521175384521484,-1.6647567749023438,-4.064362525939941,-2.2098073959350586,-2.4982919692993164,0.7237920761108398,-1.1872529983520508,,0.07679796218871893,2.0568208694458026,,1.9515390396118146,-10.837262153625488,-9.74911880493164,-11.422740936279297,-10.92545223236084,-10.051033973693848,-13.122633934020996,-11.575450897216797,-13.086687088012695,-7.509683132171631,-12.746557235717772,,-10.100008964538574,-8.775012969970703,,-9.119874000549316,0.2821003198623657,0.2729002833366394,,,,0.0951150059700012,,0.4921111166477203,,0.8163310289382935,0.8129120469093323,,0.7559465169906616,0.6642614603042603,0.2481513917446136,-0.094443954527378,-0.0973006784915924,,,,0.173255518078804,,0.2824850380420685,,0.2960290610790252,0.3343155980110168,,0.4781904816627502,0.3242647349834442,-0.0505599826574325
P250,42,92,79.68887511777966,16.806625566356335,Review,low,radar dip but optical shows dry soil soon after,0.8,0.15,5.4,10,06-13,07-31,Paddy,high,-18.590551376342773,-22.93157958984375,-18.243934631347656,-18.78647804260254,-15.443473815917969,-16.715923309326172,-22.206369400024418,-19.714035034179688,-17.339548110961914,-17.31361961364746,,-21.37558937072754,-14.582286834716797,,-16.041072845458984,1.7777528762817383,-5.182182312011719,-1.190298080444336,-1.9093122482299805,-0.20096349716186523,2.5757761001586914,-1.122280120849613,0.22783565521240234,1.4001693725585938,-0.8850126266479492,,-4.877623558044434,0.277132511138916,,-1.055492877960205,-15.482175827026367,-9.45668601989746,-11.493139266967772,-10.215439796447754,-8.85073471069336,-13.23898983001709,-14.670564651489258,-11.023232460021973,-9.426070213317873,-10.215685844421388,,-10.942946434020996,-8.115545272827148,,-10.143179893493652,0.1469060033559799,0.1754079908132553,0.1456658691167831,0.1874399483203888,,0.1302331387996673,,0.6617256999015808,,,0.801530122756958,,0.7915170788764954,0.5423200726509094,0.2736880481243133,-0.1441119909286499,-0.1077968478202819,-0.1097447946667671,-0.1747189164161682,,0.1160903349518776,,0.2544569373130798,,,0.3635165393352508,,0.3405183553695678,0.1390487104654312,-0.1309053152799606
P251,42,92,79.72660435971268,16.734940006683594,Paddy,high,radar dip-and-rise + optical flood within 3 weeks,0.8,0.11,10.6,10,"07-31, 11-16",07-31,Paddy,high,-21.531082153320312,-17.3155460357666,-16.692607879638672,-20.056690216064453,-13.826329231262209,-23.93799591064453,-23.97443389892578,-21.57355308532715,-19.94444465637207,-18.074281692504883,,-13.204437255859377,-13.495180130004885,,-19.41073226928711,-2.366434097290039,0.4338512420654297,0.6463479995727539,-3.050069808959961,1.680038928985594,-6.383073806762695,-5.252552032470703,-1.656026840209961,-1.915182113647461,-1.7190828323364258,,3.440546989440916,1.0457253456115705,,-3.9425110816955566,-14.22348403930664,-7.460642337799072,-4.687108039855957,-8.270447731018066,-2.261190176010132,-16.49440574645996,-13.776473999023438,-10.31957721710205,-12.239298820495604,-12.263216018676758,,-8.868118286132812,-9.063640594482422,,-7.103085994720459,0.1343123763799667,0.0642538517713546,0.1117879524827003,0.0755375027656555,,0.071275345981121,,0.526431679725647,,,0.8046170473098755,,0.7089455127716064,0.5977838039398193,0.2329934388399124,-0.1492258161306381,-0.0639140456914901,-0.1841111779212951,-0.175285205245018,,0.1785838752985,,0.2770438194274902,,,0.3797027468681335,,0.330055296421051,0.2625332772731781,-0.0495902299880981
P252,42,92,79.67890381812593,16.803391631333504,Other kharif crop,high,"clear green-up, no flooding",0.72,0.2,4.2,12,10-23,,Review,low,-18.408544540405273,-16.739845275878906,-14.838268280029297,-15.30213451385498,-15.569262504577637,-19.523765563964844,-18.479175567626953,-15.787490844726562,-14.938396453857422,-15.40421199798584,,-13.167707443237305,-15.350360870361328,,-14.370877265930176,1.9597597122192383,1.8761138916015625,2.4774341583251953,2.1053104400634766,-0.3896465301513672,-1.0187311172485352,3.328153610229492,4.154379844665527,3.801321029663086,1.2722301483154297,,3.377847671508789,-0.6827998161315918,,1.097343921661377,-7.518613815307617,-8.424785614013672,-7.526310443878174,-8.429475784301758,-6.813377380371094,-6.8643293380737305,-7.81699800491333,-4.84135103225708,-7.611630916595459,-3.6927621364593506,,-7.423664093017578,-5.016849994659424,,-3.194923162460327,0.1501315385103225,0.2558886706829071,,0.3111672699451446,,0.2458117753267288,,0.5759888887405396,0.6290284395217896,0.7235881090164185,0.6688944101333618,0.6484270691871643,0.6808241009712219,0.6128316521644592,0.4034202992916107,-0.0668306872248649,-0.1031386405229568,,-0.0860351547598838,,0.068206712603569,,0.2256203293800354,0.3245944380760193,0.2556848526000976,0.2723444104194641,0.2918606996536255,0.2633846998214721,0.217074915766716,0.0778088569641113
P253,43,165,79.37491392597988,16.800157696310674,Review,low,radar dip but optical shows dry soil soon after,0.76,0.16,6.7,9,"07-19, 07-31",,Review,low,-16.570236206054688,-17.397539138793945,-16.695886611938477,-17.634498596191406,-20.926881790161133,-24.230932235717773,-16.75152587890625,-19.51606559753418,-15.383441925048828,-15.906774520874023,-13.800389289855955,-14.25309944152832,-16.276151657104492,-19.250843048095703,-14.965389251708984,0.5841150283813477,0.7238283157348633,-1.8426284790039062,0.35929012298583984,-4.7747802734375,-7.3991546630859375,-0.2876553535461426,-3.879973888397217,0.753695011138916,-0.58453416824341,0.7297806739807147,-0.6412057876586914,-2.019927978515625,-3.6942763328552246,0.5728716850280762,-7.303862571716309,-9.55653476715088,-7.154397010803223,-8.919229507446289,-14.902286529541016,-8.188986778259277,-9.807491302490234,-9.889167785644531,-10.82852554321289,-10.264464378356934,-6.395125389099121,-11.900829315185549,-8.891988754272461,-8.863058090209961,-8.76030158996582,0.2056185007095337,0.1230909302830696,,0.108902096748352,,0.2587601542472839,,0.6216167211532593,,,0.7564470171928406,0.61415034532547,,0.2448041141033172,0.2124476432800293,-0.0142601002007722,-0.1527332216501236,,-0.081558346748352,,0.1523378789424896,,0.2644301652908325,,,0.3407616019248962,0.3497515320777893,,-0.0916663184762001,-0.1150717958807945
P254,43,165,79.33260327609786,16.85702105379544,Paddy,medium,optical flood + radar growth afterwards (shallow dip),0.84,0.13,7.1,8,,07-31,Review,low,-13.611929893493652,-18.46017265319824,-13.630908012390137,-19.2270565032959,-18.55537986755371,-22.042102813720703,-19.708553314208984,-19.848644256591797,-18.067880630493164,-14.566009521484377,-17.080425262451172,-12.918746948242188,-11.63258457183838,-12.74356174468994,-15.402016639709473,2.9818334579467773,-0.7338647842407191,1.2223501205444336,-2.105929374694824,-1.136012077331543,-4.770044326782227,-2.509092330932617,-3.5334959030151367,-2.509082794189453,1.1788454055786115,-3.4759254455566424,1.0522432327270508,3.421095371246336,3.817716598510744,-0.1016850471496582,-4.323184967041016,-9.845510482788086,-3.480327844619751,-8.916114807128906,-8.689682006835938,-14.91611671447754,-12.410661697387695,-9.634684562683104,-10.532498359680176,-10.329934120178224,-6.042424201965332,-8.825750350952148,-10.061416625976562,-10.137334823608398,-10.425277709960938,0.139418363571167,0.1263147890567779,,0.1049863398075103,,0.19901904463768,,0.62111496925354,,,0.8416259288787842,,,0.3566328883171081,0.2484986782073974,-0.1186627298593521,-0.1981780678033828,,-0.0498247481882572,,0.2736377120018005,,0.3153069019317627,,,0.344717264175415,,,-0.0293652359396219,-0.1212885379791259
P255,43,165,79.39243107402022,16.911728454598318,Perennial,medium,green from June and stable radar all season,0.84,0.73,2.6,9,,,Review,low,-14.666481018066406,-16.21392059326172,-13.136106491088867,-14.190070152282717,-12.979098320007324,-13.35150909423828,-15.19529914855957,-15.04449462890625,-14.84110164642334,-15.834538459777832,-14.752053260803224,-12.565176010131836,-12.887874603271484,-15.311702728271484,-14.610268592834473,1.3504867553710938,1.523106575012207,1.0641231536865234,2.9310569763183576,4.289297103881836,6.083421707153322,3.41426944732666,3.1499710083007812,1.8422279357910156,-0.5122981071472186,-1.1641469001770037,1.7642970085144043,1.8638334274291992,-0.3026576042175293,-0.2851228713989258,-7.801671028137207,-6.416988372802734,-5.916884422302246,-9.639663696289062,-8.654759407043457,-7.056085109710693,-7.274952411651611,-8.592767715454102,-5.535433292388916,-8.698677062988281,-6.772090911865234,-7.322943210601807,-6.577171802520752,-8.211282730102539,-8.308309555053711,0.6982204914093018,0.7541905641555786,,0.6501161456108093,,0.5009702444076538,,0.6638579368591309,,,0.6583154201507568,,0.801670491695404,0.8428887128829956,0.7536817789077759,0.1686497330665588,0.1724314242601394,,0.2217005491256714,,0.2171654403209686,,0.2816957235336303,,,0.276994377374649,,0.3420369327068329,0.3353548645973205,0.2890070080757141
P256,43,165,79.35739677793956,16.825759681908078,Paddy,high,radar dip-and-rise + optical flood within 3 weeks,0.82,0.18,4.3,9,08-12,07-31,Paddy,high,-16.617290496826172,-16.9141902923584,-16.171173095703125,-18.939844131469727,-17.538408279418945,-19.174562454223633,-26.4603214263916,-19.33661651611328,-19.225391387939453,-15.061545372009276,-17.202299118041992,-14.30377197265625,-16.764781951904297,-17.02173614501953,-13.40863037109375,0.5135335922241211,1.2071771621704102,-1.3179149627685547,-1.5987281799316406,-1.3863067626953125,-2.342784881591797,-10.151377201080322,-3.7005248069763184,-3.666593551635742,0.647191524505617,-3.147961139678957,-0.6918783187866211,-2.5085582733154297,-1.4651694297790527,2.1296305656433105,-10.09952163696289,-8.71561050415039,-7.517472743988037,-9.88392448425293,-7.85839319229126,-10.382735252380373,-16.38938331604004,-6.106626987457275,-9.97215747833252,-9.33663845062256,-11.349882125854492,-8.449769973754883,-8.654779434204102,-12.419248580932615,-6.453559398651123,0.2236177325248718,0.1395666897296905,,0.1204937249422073,,0.1723453253507614,,0.4573861956596374,,,0.8210477828979492,,0.773989737033844,0.7075773477554321,0.2732237577438354,-0.1031205654144287,-0.1500256657600402,,-0.1115351989865303,,0.2122653424739837,,0.2249925136566162,,,0.3746015727519989,,0.3872709572315216,0.3473685681819916,-0.1020840853452682
P257,43,165,79.38758017148598,16.8882824256828,Other kharif crop,high,"clear green-up, no flooding",0.79,0.2,5.3,10,10-23,,Other kharif crop,high,-17.6914119720459,-18.187658309936523,-11.99140453338623,-15.42127799987793,-17.30032730102539,-17.75971031188965,-15.821514129638672,-16.116910934448242,-13.021533966064451,-12.07963752746582,-12.658699989318848,-13.688880920410156,-17.26205062866211,-13.134886741638184,-15.674505233764648,-2.1318960189819336,-1.0317935943603516,2.4842004776000977,1.2655344009399414,-0.5973405838012695,0.2197742462158203,3.6076889038085938,2.496938705444336,3.661795616149904,3.6290993690490723,1.647963047027588,0.2242894172668457,-3.1142306327819824,3.4263916015625,-0.8866763114929199,-8.608597755432129,-10.018706321716309,-8.132308959960938,-12.28586196899414,-13.50700569152832,-9.307072639465332,-8.62906265258789,-9.067219734191896,-8.097970962524414,-5.906618118286133,-6.767768383026123,-9.767183303833008,-5.769900798797607,-5.905040264129639,-6.478641033172607,0.199507474899292,0.1925655007362365,,0.1991467028856277,,0.3011178374290466,,0.5689594745635986,,0.7927054762840271,0.7316591739654541,,0.5151136517524719,0.55247563123703,0.4623851180076599,-0.1048790290951728,-0.1677361726760864,,-0.0094733703881502,,0.1891728788614273,,0.3072567582130432,,0.4439452588558197,0.3839776515960693,,0.2421769350767135,0.2734785676002502,0.1934491395950317
P258,43,165,79.31104370927899,16.91496238962115,Review,low,radar dip but optical shows dry soil soon after,0.74,0.27,7.5,10,07-31,,Review,low,-14.430500030517578,-16.595502853393555,-14.177160263061523,-17.194520950317383,-20.958364486694336,-24.418306350708008,-19.149852752685547,-16.513385772705078,-14.443251609802246,-17.448040008544922,-12.411624908447266,-13.573241233825684,-14.980968475341797,-14.647238731384276,-12.326461791992188,1.1629338264465332,0.3011512756347656,0.7924561500549316,-0.4437589645385742,-3.742776870727539,-7.091392517089844,-2.392146110534668,0.5390462875366211,0.526552677154541,-1.7393031120300293,2.6686086654663086,0.6846914291381836,-1.1860952377319336,1.5068168640136737,3.4714927673339844,-2.4101381301879883,-9.45423698425293,-4.315937042236328,-10.18060302734375,-7.468266010284424,-12.79148006439209,-9.06321144104004,-8.439180374145508,-9.123321533203123,-6.97369909286499,-9.933720588684082,-6.310638904571533,-8.85737419128418,-8.383499145507812,-8.738243103027344,0.3607853055000305,0.1849802732467651,,0.1819465160369873,,0.2919390201568603,,0.591108500957489,,,0.7412382364273071,0.6150963306427002,0.3210856318473816,0.2694588303565979,0.2916342616081238,-0.0235657393932342,-0.1211237385869026,,0.055147185921669,,0.2387086749076843,,0.3294784426689148,,,0.3607420325279236,0.3245649635791778,0.1797982007265091,0.1285936683416366,0.1658817380666732
P259,44,92,79.70881771708711,17.366365819891207,Other kharif crop,high,"clear green-up, no flooding",0.68,0.37,5.1,7,,,Other kharif crop,high,-16.67264175415039,-16.1536922454834,-14.185108184814451,-17.980045318603516,-15.18340301513672,-16.508586883544922,-16.20179557800293,-18.68866539001465,-18.17583656311035,-20.37250709533691,,-17.4849796295166,-13.736721992492676,,-14.627279281616213,-1.662158489227295,1.8215017318725586,2.5983886718750018,-1.032780647277832,0.07469844818115057,-0.001247406005859375,-1.3399147987365723,-4.547581195831299,-2.237497329711914,-3.9302067756652797,,-3.1108899116516113,-0.34270286560058594,,0.7659401893615687,-10.293585777282717,-10.345524787902832,-9.319448471069336,-9.033795356750488,-7.936761856079102,-9.67941665649414,-11.950201034545898,-13.68402099609375,-6.67253303527832,-6.6591620445251465,,-7.169678688049316,-8.889718055725098,,-11.114030838012695,0.3708473742008209,,,0.5509957671165466,,0.4576500058174133,,,,0.6786465048789978,0.5890313386917114,,,0.5717681646347046,0.5060001611709595,-0.0689795911312103,,,0.1642072051763534,,0.0183293521404266,,,,0.1690604835748672,0.2163128852844238,,,0.0952574536204338,0.0012586805969476
P260,44,92,79.67432241017693,17.366365819891207,Other kharif crop,high,"clear green-up, no flooding",0.53,0.35,2.4,11,,,Other kharif crop,high,-15.704300880432127,-17.946704864501953,-16.195573806762695,-16.572250366210938,-17.4835205078125,-15.100020408630373,-15.215960502624512,-12.214974403381348,-15.435215950012209,-17.724815368652344,,-16.097942352294922,-13.06001091003418,,-17.011577606201172,-0.6938176155090314,0.16642475128173828,0.5879230499267578,0.6212329864501953,-2.327523708343506,1.9399709701538068,0.6769862174987793,3.176161766052246,1.5907897949218732,-0.45155811309814453,,-1.605799674987793,0.8805966377258301,,-2.095669746398926,-9.61673641204834,-9.875845909118652,-10.00744342803955,-10.063451766967772,-9.919034957885742,-8.858125686645508,-6.356532096862793,-7.755400657653809,-9.3615140914917,-8.157668113708496,,-7.621875286102295,-6.044947624206543,,-10.518115043640137,0.3541840016841888,,,0.4168614447116852,0.3593879342079162,0.525627851486206,,0.4444254040718078,0.4757778942584991,,0.3794142007827759,0.4690004289150238,0.4667132496833801,0.4739658534526825,0.4775374829769134,-0.083386093378067,,,0.0399446114897728,0.1335088461637497,0.1524340957403183,,0.13792784512043,0.2193133383989334,,0.0455037876963615,0.0349856987595558,0.0084468647837638,0.0082419468089938,-0.0096597438678145
P261,44,92,79.6328202440506,17.375528635789227,Perennial,medium,green from June and stable radar all season,0.85,0.58,2.7,9,10-11,,Review,low,-15.428595542907717,-12.980572700500488,-14.399553298950195,-13.717930793762209,-13.646636009216309,-12.03968906402588,-14.507801055908203,-11.831811904907228,-16.097949981689453,-11.748576164245604,,-14.23516845703125,-13.453706741333008,,-14.13056755065918,-0.2802596092224139,5.232809066772461,2.1836376190185547,3.395774841308592,2.3737611770629883,5.72388172149658,1.385145664215088,3.5593242645263654,0.9280557632446289,5.929786682128908,,1.1883611679077148,0.48690080642700195,,1.2744784355163556,-10.313883781433104,-9.347857475280762,-7.558281898498535,-10.256489753723145,-8.449058532714844,-10.13222885131836,-5.045998573303223,-5.943945407867432,-7.603333473205566,-7.025747299194336,,-7.5714006423950195,-7.098457336425781,,-5.921156883239746,0.581027090549469,,,0.5304738283157349,0.3516386151313782,0.4355572760105133,,0.683472752571106,,,0.8450454473495483,0.6674060821533203,,0.748564600944519,0.7000651359558105,0.0864896476268768,,,0.2958597540855407,0.2366856038570404,0.2896746098995209,,0.2777966558933258,,,0.3705543577671051,0.339437335729599,,0.2498350590467453,0.1882127523422241
P262,44,92,79.64306103828956,17.300070151923187,Perennial,medium,green from June and stable radar all season,0.71,0.5,4.8,9,,,Review,low,-14.592370986938477,-18.222576141357425,-20.15748405456543,-17.35992431640625,-15.431678771972656,-17.955745697021484,-15.584097862243652,-13.802985191345217,-17.140701293945312,-16.91460418701172,,-13.450498580932615,-13.334331512451172,,-14.994800567626951,0.9740772247314453,-0.9716005325317418,-3.26214599609375,1.3648586273193395,1.9719104766845703,-1.0644683837890625,-0.7222170829772949,0.48851203918456854,-1.202362060546875,-0.35790300369262695,,1.1805653572082537,0.4647684097290039,,-0.218899726867674,-8.649334907531738,-10.0403413772583,-8.291926383972168,-11.742287635803224,-6.409709930419922,-10.173194885253906,-7.436411380767822,-9.278467178344728,-9.400558471679688,-7.801513671875,,-7.840538024902344,-9.208189010620115,,-7.698187828063965,0.5018081665039062,,,0.2101082503795623,0.229285329580307,0.2732962965965271,,0.4718134999275207,,,0.6070623993873596,,0.7087615728378296,0.685348629951477,0.6117015480995178,0.0277486685663461,,,-0.0099260099232196,0.0932219922542572,0.0116036087274551,,0.200843796133995,,,0.2507051229476928,,0.2185840457677841,0.2036270201206207,0.115225464105606
P263,44,92,79.66974100222791,17.3264806212763,Review,low,radar dip but optical shows dry soil soon after,0.74,0.15,7.4,9,06-13,,Review,low,-14.469656944274902,-22.229095458984375,-18.92218780517578,-19.26736068725586,-15.12859058380127,-15.913625717163086,-11.800609588623049,-13.527273178100586,-13.558730125427246,-14.209271430969238,,-11.330514907836914,-12.378695487976074,,-14.303990364074709,1.0967912673950195,-4.253901481628418,-2.497441291809082,-2.320096015930176,0.17895030975341797,1.1263656616210938,4.092337131500242,1.8638629913330078,3.467275619506836,3.4690914154052734,,4.093014717102051,1.5619120597839355,,1.0892291069030726,-4.039076805114746,-11.675822257995604,-11.384284019470217,-10.708603858947754,-7.3000688552856445,-5.645400047302246,-7.2967939376831055,-6.314765930175781,-7.473997592926025,-6.516788005828857,,-5.654458045959473,-5.781473159790039,,-7.798773765563965,0.1468697488307953,,,0.2719492018222809,,0.3292548656463623,,0.5691209435462952,,,0.7045682668685913,0.6772418022155762,0.7259362936019897,0.7389594316482544,0.5932324528694153,-0.2558185458183288,,,-0.0706060901284217,,0.1944034397602081,,0.203899011015892,,,0.2339037954807281,0.1629853248596191,0.2011032402515411,0.1933472752571106,0.1261928826570511
P264,44,92,79.76244713954905,17.362592895697905,Review,low,radar dip but optical shows dry soil soon after,0.78,0.27,6.9,10,"08-12, 08-24",,Review,low,-19.68903923034668,-18.00368309020996,-16.946884155273438,-17.027042388916016,-14.167462348937988,-15.8334379196167,-22.691402435302734,-23.155193328857425,-17.768535614013672,-18.94039535522461,,-18.2362003326416,-17.217777252197266,,-15.791638374328612,-4.678555965423584,-0.9188652038574219,-0.5221376419067383,0.08666324615478516,1.1180453300476074,0.9713821411132812,-7.829521656036377,-9.014109134674076,-1.8301963806152344,-2.4980950355529785,,-3.8621106147766113,-3.823758125305176,,-0.9368448257446271,-13.814905166625977,-12.065777778625488,-11.818361282348633,-9.630123138427734,-9.03686237335205,-8.078014373779297,-12.942547798156738,-13.090157508850098,-5.582082748413086,-9.64076328277588,,-11.075611114501951,-12.507671356201172,,-11.048232078552246,0.314602643251419,0.2340328842401504,,0.4806709587574005,0.3563672602176666,0.5795996785163879,,0.3498595058917999,,0.7766087055206299,0.6860071420669556,,,0.6659172773361206,0.5547246932983398,-0.074734091758728,-0.1058754548430442,,0.0680639445781707,0.1214284151792526,0.1438554376363754,,0.1265811324119568,,0.2777553796768188,0.2789917290210724,,,0.1842938065528869,0.1045384630560875
P265,45,165,79.1585097740355,16.69182087304586,Review,low,radar dip but optical shows dry soil soon after,0.79,0.37,4.2,9,07-31,,Other kharif crop,high,-15.942991256713867,-13.22561740875244,-15.962642669677734,-16.67913055419922,-16.738014221191406,-20.056238174438477,-18.530990600585938,-18.674909591674805,-14.580225944519045,-16.223237991333008,-14.451555252075195,-15.450044631958008,-13.449237823486328,-14.849167823791504,-15.331012725830078,1.4887762069702148,3.543954849243166,-0.6171135902404785,-0.27534008026123047,0.6108427047729492,-4.901504993438721,-1.6568946838378906,-2.0361785888671875,1.4491944313049299,-0.5684094429016113,0.9347696304321289,-1.4543170928955078,0.3748922348022461,-0.34188270568847834,0.15596723556518555,-10.16130256652832,-8.90414047241211,-10.113462448120115,-9.336923599243164,-7.035907745361328,-10.137786865234377,-10.748619079589844,-10.270273208618164,-10.546792030334473,-9.742079734802246,-9.981158256530762,-8.407004356384277,-9.32394790649414,-10.168015480041504,-6.315304756164551,0.3714542984962463,0.3620886504650116,,0.1833389699459076,,0.2715486288070678,,0.453342854976654,,,0.7872637510299683,,0.7848997712135315,0.6842178106307983,0.5257213115692139,-0.0432411059737205,0.016493747010827,,0.0199591740965843,,0.1971999257802963,,0.2744958996772766,,,0.3258457481861114,,0.3555992841720581,0.2968772053718567,0.1921541094779968
P266,45,165,79.14988594730795,16.650857696090007,Paddy,medium,optical flood + radar growth afterwards (shallow dip),0.8,0.26,6.1,9,,07-31,Review,low,-17.842105865478516,-14.039551734924316,-13.250473022460938,-15.738736152648926,-17.26287841796875,-17.029190063476562,-19.45476722717285,-20.12335777282715,-21.54908561706543,-18.235618591308594,-17.711292266845703,-14.231093406677246,-14.26220417022705,-17.750612258911133,-16.741954803466797,-0.9426670074462891,2.730020523071289,2.9079599380493164,1.174504280090332,0.09586715698242188,-2.1845102310180664,-1.6402721405029297,-3.352656364440918,-4.8680572509765625,-2.5294251441955566,-2.324967384338379,0.2633638381958008,-0.482907772064209,-2.9989676475524902,-1.6764535903930664,-9.957549095153809,-10.110074996948242,-8.768505096435547,-11.516063690185549,-10.890830039978027,-11.665616035461426,-12.996907234191896,-13.21513843536377,-10.464505195617676,-9.94588565826416,-7.396214485168457,-9.762490272521973,-9.51205825805664,-10.937435150146484,-9.105597496032717,0.2644605040550232,,,0.3835837841033935,,0.2537682652473449,,0.4033820331096649,,0.6338402032852173,0.696860671043396,,0.8008484840393066,0.7309293746948242,0.5143918991088867,-0.0486594140529632,,,0.1063813120126724,,0.2316009998321533,,0.2208022624254226,,0.2119283974170684,0.2976292371749878,,0.3652905821800232,0.3288860619068146,0.0955085009336471
P267,45,165,79.04478305906596,16.730628093319822,Other kharif crop,high,"clear green-up, no flooding",0.73,0.08,10.9,9,,,Other kharif crop,high,-24.697376251220703,-24.05797576904297,-16.953153610229492,-15.95172882080078,-18.16229248046875,-13.829201698303224,-15.372426986694336,-14.920317649841309,-16.974624633789062,-14.584043502807615,-13.452528953552246,-13.760361671447754,-11.697168350219728,-15.56233024597168,-14.301764488220217,-6.27998161315918,-6.179686546325684,-0.36324596405029297,2.8701210021972674,-1.5828666687011719,1.0423173904418928,1.050452709197998,0.8283529281616211,-2.0580267906188965,0.5054545402526873,1.2076921463012695,0.41657114028930664,2.72643995285034,-1.3611621856689453,0.5096807479858381,2.695329427719116,-2.0753333568573,-2.4150679111480713,-7.73386812210083,-6.025280952453613,-7.798654079437256,-10.517864227294922,-9.344412803649902,-9.351963996887209,-10.629612922668455,-8.655256271362305,-7.898937702178955,-7.133369445800781,-10.429771423339844,-8.75159740447998,0.093580812215805,0.0753524526953697,,,0.2999599277973175,0.5351710319519043,,0.5754541158676147,,0.68285071849823,0.7262161374092102,,,0.656378984451294,0.5831314325332642,-0.1256494224071502,-0.0172794014215469,,,0.0872518494725227,0.1729176044464111,,0.2452544122934341,,0.2750795781612396,0.2789287269115448,,,0.218752309679985,0.1522320806980133
P268,45,165,79.07011555007813,16.738173941706425,Review,low,radar dip but optical shows dry soil soon after,0.76,0.32,3.0,10,07-19,,Review,low,-17.02142906188965,-15.460736274719238,-16.354223251342773,-17.147350311279297,-21.1281681060791,-17.580589294433594,-17.74544334411621,-20.07674217224121,-16.991724014282227,-17.798812866210938,-15.901577949523926,-15.891047477722168,-16.7087459564209,-14.87819480895996,-14.622645378112791,1.395965576171875,2.417552947998047,0.03989410400390625,0.9295244216918945,-4.548742294311523,-3.7699379920959473,-1.322563648223877,-4.328071594238281,-2.0751261711120605,-2.7093148231506348,-1.2413568496704102,-2.0998644828796387,-3.5466556549072266,-0.846183776855467,0.4428558349609393,-11.607488632202148,-10.391633987426758,-9.14050006866455,-12.903486251831056,-9.827051162719728,-9.941624641418455,-10.300943374633787,-8.918381690979004,-9.94454288482666,-10.059965133666992,-10.335803031921388,-9.08432388305664,-7.505581378936768,-10.514935493469238,-10.564654350280762,0.3234387338161468,0.3082282841205597,,0.2155510485172271,,0.3407378196716308,,0.4721913635730743,,0.6512457132339478,0.7647154331207275,,0.6616494655609131,0.6215588450431824,0.5309990048408508,-0.0456926524639129,0.0107619147747755,,0.0443825051188468,,0.1386625617742538,,0.2252933531999588,,0.3363564014434814,0.3253674805164337,,0.2758854329586029,0.1907690912485122,0.1210882067680358
P269,45,165,79.0773919038795,16.64304235311817,Other kharif crop,high,"clear green-up, no flooding",0.7,0.22,6.7,10,09-29,,Other kharif crop,high,-21.467201232910156,-17.634891510009766,-14.139214515686035,-17.4041805267334,-16.42083740234375,-17.485029220581055,-17.883546829223633,-16.616466522216797,-14.066410064697266,-13.485020637512209,-17.061668395996094,-12.57993984222412,-12.874942779541016,-14.65412139892578,-15.000245094299316,-4.035433769226074,0.24339771270751953,2.0192184448242188,-0.07707023620605469,0.5903186798095703,-2.5764665603637695,0.2546701431274414,1.1834564208984375,2.9589719772338867,3.0225315093994123,-1.211191177368164,1.9980649948120135,2.227187156677246,0.20955991744995295,0.23063993453979492,-8.931669235229492,-8.433527946472168,-8.84689712524414,-9.807557106018066,-11.6920747756958,-8.638465881347656,-9.181626319885254,-7.504876613616943,-7.623111724853516,-8.526144027709961,-6.656589984893799,-5.454219341278076,-5.620483875274658,-10.472559928894045,-9.186503410339355,0.1775068044662475,0.220589593052864,0.3247368633747101,0.3081881105899811,,0.369661808013916,,0.5717412233352661,,,0.7021775841712952,,0.6639735102653503,0.6163133382797241,0.4593101739883423,-0.102731704711914,-0.0636629536747932,0.2231066524982452,0.0700148865580558,,0.1389267295598983,,0.2539644837379455,,,0.3354734778404236,,0.3018088340759277,0.2763494551181793,0.1405442208051681
P270,45,165,79.1622826982288,16.77644217280992,Other kharif crop,high,"clear green-up, no flooding",0.76,0.24,3.5,10,08-12,,Other kharif crop,high,-14.786599159240724,-17.915935516357422,-15.150091171264648,-17.50687026977539,-15.061869621276855,-13.010296821594238,-18.91069984436035,-16.924936294555664,-16.387432098388672,-13.05844020843506,-14.868886947631836,-17.045578002929688,-15.992180824279783,-12.96177101135254,-15.130757331848145,1.3383893966674787,-2.1009058952331543,1.0083417892456055,-0.5052690505981445,1.686854362487793,4.239019393920898,-1.8571453094482422,0.46790313720703125,-1.2919249534606934,3.113432884216307,-0.7978477478027344,-2.774604320526123,-2.359284877777098,1.9019103050231916,2.2945308685302734,-4.015661239624023,-7.554859161376953,-4.483981609344482,-8.821919441223145,-9.28870677947998,-5.972542762756348,-10.893769264221191,-7.326530456542969,-8.902702331542969,-9.443700790405272,-8.633793830871582,-9.493830680847168,-9.484086990356444,-9.759661674499512,-8.825141906738281,0.2777511477470398,0.2080007493495941,,0.2303434908390045,,0.5669553279876709,,0.6399314999580383,0.6445912718772888,0.6319311261177063,0.6547037363052368,,,0.7584706544876099,0.6552392244338989,-0.1278604865074157,-0.0735106095671653,,0.0314729511737823,,0.2062796354293823,,0.259816437959671,0.1832190752029419,0.1382680386304855,0.2435890734195709,,,0.2235647588968277,0.1359397172927856
P271,46,92,79.42477042424852,16.655708598624255,Other kharif crop,high,"clear green-up, no flooding",0.62,0.21,6.7,10,,,Other kharif crop,high,-19.22051429748535,-18.722253799438477,-18.76072120666504,-21.78531837463379,-17.735700607299805,-18.930330276489254,-19.710710525512695,-13.95736312866211,-17.680862426757812,-15.59549045562744,,-12.287848472595217,-12.323535919189451,,-16.181621551513672,-2.6572790145874023,-2.922296047210695,-1.5135984420776367,-5.180514335632324,-2.7623395919799805,-0.22314929962157848,-3.200497627258301,4.035804748535156,-0.8836469650268555,0.5649623870849627,,2.907418251037596,1.8952226638793963,,-0.850095272064209,-11.05768585205078,-10.67816162109375,-10.617408752441406,-11.227279663085938,-8.001704216003418,-10.896665573120115,-9.99336051940918,-6.876138210296631,-8.237618446350098,-8.16889762878418,,-5.87255334854126,-7.554931640625,,-10.867328643798828,0.2095982432365417,,,0.0905347317457199,,0.1645680069923401,,0.360004186630249,0.406181663274765,,0.4861196875572204,0.5952431559562683,0.5579277276992798,0.6208400726318359,0.4892981052398681,-0.136940449476242,,,-0.1645283997058868,,-0.130578264594078,,-0.0217155050486326,0.0047011580318212,,0.0448839254677295,0.1490672826766967,0.0789924710988998,0.0310518555343151,-0.0077334782108664
P272,46,165,79.33934064072875,16.623099753810717,Review,low,radar dip but optical shows dry soil soon after,0.83,0.13,6.6,11,07-07,,Review,low,-19.453142166137695,-19.77184295654297,-18.51827049255371,-25.966238021850582,-17.854955673217773,-15.656089782714844,-16.488027572631836,-16.82318878173828,-18.657381057739254,-18.135602951049805,-13.647661209106444,-13.40621852874756,-11.969035148620604,-13.150565147399902,-13.297164916992188,-2.2142763137817383,-3.1209468841552734,-2.3239336013793945,-8.80942344665527,-0.8437995910644531,0.91644287109375,0.5135765075683594,0.2675037384033203,-3.0137004852294886,-1.7919950485229492,1.0896897315979022,0.8358778953552228,1.8866858482360858,1.0252232551574707,2.5779900550842285,-10.408727645874023,-9.328083992004396,-6.532392501831055,-9.956588745117188,-7.627012729644775,0.2195392549037933,-7.776322841644287,-2.752654552459717,-6.590441703796387,-6.639830589294434,-2.9168601036071777,-6.769819736480713,-5.636788845062256,-7.740079879760742,-4.368546485900879,0.1682129353284835,0.0968963503837585,0.1266247183084488,0.1264535337686538,,0.2199692577123642,,0.4654860198497772,,0.513008177280426,0.5206083059310913,,0.7526492476463318,0.8343359231948853,0.7942612171173096,-0.2377732098102569,-0.1428007036447525,-0.0064663561061024,-0.1444695442914962,,-0.1355443000793457,,0.0272124949842691,,0.0241644475609064,0.0902289748191833,,0.2755821049213409,0.3012657761573791,0.293771892786026
P273,46,165,79.19084912426379,16.73925192004737,Paddy,high,radar dip-and-rise + optical flood within 3 weeks,0.73,0.2,6.4,10,"08-12, 08-24",08-12,Paddy,high,-13.7025785446167,-15.904253005981444,-15.41801643371582,-13.360060691833496,-16.75943374633789,-12.289451599121094,-19.753318786621097,-20.753707885742188,-17.690349578857422,-17.173255920410156,-16.218490600585938,-13.460407257080078,-12.09299659729004,-13.922494888305664,-16.975296020507812,3.1968603134155273,-0.3109817504882795,0.7404165267944336,3.64154052734375,0.2410125732421875,4.60914421081543,-3.0417966842651403,-3.9607419967651367,-2.103823661804199,-1.001382827758789,-1.3485112190246582,1.7702112197875977,2.5526475906372053,0.9411864280700684,-0.6827173233032227,-9.695067405700684,-8.402422904968262,-7.844377040863037,-8.803977012634277,-8.25915813446045,-7.260390758514404,-10.117610931396484,-10.324578285217283,-8.411373138427734,-10.12726593017578,-7.749247074127197,-7.275392055511475,-7.024270057678223,-10.166947364807127,-9.72590160369873,0.2187852561473846,0.1759127378463745,,0.2663947939872741,,0.4997878074645996,0.2375201880931854,0.3213700354099273,,,0.5919893980026245,0.6852753162384033,,0.7294116020202637,0.3363769054412842,-0.1090695708990097,-0.0142577020451426,,0.050742819905281,,0.1559455692768097,0.259704053401947,0.2482347339391708,,,0.2908722758293152,0.2980311810970306,,0.2807866334915161,-0.0768842101097107
P274,46,165,79.23127331204918,16.80878152303822,Other kharif crop,high,"clear green-up, no flooding",0.64,0.11,8.7,8,10-11,,Other kharif crop,high,-22.82750701904297,-18.914716720581055,-15.273041725158691,-16.855852127075195,-17.43483543395996,-15.328474044799805,-14.065457344055176,-16.660995483398438,-12.159093856811523,-16.120508193969727,-10.707758903503418,-16.697509765625,-15.02908420562744,-16.313339233398438,-18.080183029174805,-6.285289764404297,-1.0262203216552734,0.648982048034668,0.8145074844360352,-1.0752086639404297,1.1966876983642578,3.2889299392700195,-0.2269425392150879,3.484586715698242,-0.2939448356628418,4.162220478057861,-2.6762003898620605,-1.4277791976928693,-2.1375508308410645,-2.1978797912597656,-6.0876851081848145,-8.074387550354004,-6.668876647949219,-10.655415534973145,-8.027859687805176,-7.318167209625244,-8.322035789489746,-6.324992656707764,-4.79998254776001,-7.133040904998779,-7.50713586807251,-9.75750732421875,-7.431350231170654,-8.105107307434082,-11.590950012207031,0.0963586419820785,0.1183168292045593,,0.1064953505992889,,0.3065767884254455,,0.3075016736984253,,,0.6437844038009644,,,0.3937917351722717,0.3941537737846374,-0.1312587559223175,-0.1509316265583038,,-0.0084063494578003,,0.0590367913246154,,0.0099371075630187,,,0.2316588759422302,,,0.0067113880068063,0.0138352271169424
P275,46,165,79.33907114614352,16.63522701014633,Other kharif crop,high,"clear green-up, no flooding",0.65,0.13,13.0,8,,,Other kharif crop,high,-26.404882431030273,-24.27836036682129,-18.542545318603516,-19.60350799560547,-19.37179374694824,-13.123202323913574,-16.941829681396484,-15.204681396484377,-16.872615814208984,-15.004535675048828,-14.603630065917969,-12.36099910736084,-11.73495864868164,-12.729331970214844,-15.90710735321045,-9.166016578674316,-7.627464294433594,-2.348208427429199,-2.4466934204101562,-2.3606376647949183,3.4493303298950195,-0.03537750244140625,2.469839096069334,-1.2289352416992188,1.4959726333618164,0.057683467864990234,1.8810973167419434,2.120762348175049,1.4464564323425293,-0.31999969482421875,-14.07254409790039,-13.217137336730955,-10.10027027130127,-7.0173845291137695,-7.054191589355469,-0.655950665473938,-6.715229034423828,-6.043299674987793,-6.361313343048096,-3.78072738647461,-3.191554069519043,-6.51437520980835,-2.898825168609619,-5.464115142822266,-4.834606170654297,0.1339292228221893,,,0.0625444799661636,,0.190376341342926,,0.5128095149993896,,0.6183889508247375,0.6145099401473999,,,0.6539742350578308,0.617307186126709,-0.2046144008636474,,,-0.1708233654499054,,-0.1416834592819214,,0.0720359608530998,,0.0645176097750663,0.1251446902751922,,,0.1158138066530227,0.0828015729784965
P276,46,165,79.23612421458343,16.729011125808405,Perennial,medium,green from June and stable radar all season,0.84,0.77,4.7,9,,,Review,low,-13.739835739135742,-15.72580623626709,-13.185320854187012,-13.339110374450684,-15.020718574523926,-14.708367347717283,-15.941450119018556,-15.27306842803955,-14.070255279541016,-16.537038803100586,-17.221511840820312,-13.188852310180664,-11.85434627532959,-13.316267013549805,-11.715516090393066,3.499030113220215,1.1568489074707031,2.5050086975097656,3.8422508239746094,1.7280054092407227,1.8641653060913104,1.4129371643066388,1.5198974609375,1.57342529296875,-0.36516571044921875,-2.561290740966797,2.04121732711792,2.7912979125976562,1.288541316986084,5.143109321594238,-6.9683027267456055,-8.70330810546875,-8.646098136901855,-7.428880214691162,-9.00466251373291,-7.4572906494140625,-7.879466533660889,-7.492310523986816,-7.552490711212158,-11.173761367797852,-7.982802867889404,-8.557170867919922,-6.543824672698975,-8.199828147888184,-5.90093994140625,0.7673203945159912,,,0.3798274993896484,,0.5652303099632263,,0.6344784498214722,,0.3514938354492187,0.3778401017189026,0.7090846300125122,,0.8444648385047913,0.7824445366859436,0.2705217897891998,,,0.1102397069334983,,0.2448675781488418,,0.2128692269325256,,-0.1322730779647827,0.0465344749391078,0.2660713493824005,,0.3354986310005188,0.3067297041416168
P277,47,92,79.68348522607495,16.989342895146244,Paddy,high,radar dip-and-rise + optical flood within 3 weeks,0.87,0.29,4.6,9,08-12,07-31,Paddy,high,-16.305261611938477,-12.857148170471191,-16.974973678588867,-18.244810104370117,-13.761220932006836,-17.310749053955078,-25.266965866088867,-19.228910446166992,-16.539052963256836,-18.54745864868164,,-13.822503089904783,-16.119802474975586,,-15.330018997192385,0.8906564712524414,3.834056854248047,-0.3200087547302246,0.04594135284423828,3.084959030151367,1.619563102722168,-5.414523124694824,-0.2916831970214844,1.2681694030761719,-1.4374523162841797,,1.5529270172119158,-1.6258859634399414,,1.103630065917967,-10.39675998687744,-9.11415958404541,-10.499859809875488,-10.75419807434082,-8.491920471191406,-9.690853118896484,-12.978845596313477,-8.358898162841797,-5.316697597503662,-9.821675300598145,,-11.760725021362305,-9.139404296875,,-12.0765380859375,0.2927105724811554,,,0.1065126433968544,,0.1181912124156951,,0.5618779063224792,,0.8691689968109131,0.8193359375,,0.726780354976654,0.7655752301216125,0.5902091264724731,-0.0793301463127136,,,-0.108715683221817,,0.2076966017484665,,0.2965454757213592,,0.3681075274944305,0.3674559593200683,,0.4221819937229156,0.3905932009220123,0.2537109553813934
P278,47,92,79.79613396270354,17.030845061272565,Review,low,radar dip but optical shows dry soil soon after,0.71,0.25,8.2,11,"06-13, 08-12, 08-24",,Review,low,-14.141682624816896,-19.084707260131836,-15.593217849731444,-16.198945999145508,-12.977686882019045,-14.089118957519531,-23.52715492248535,-22.270238876342773,-20.74497985839844,-18.242591857910156,,-15.62055492401123,-15.26752471923828,,-15.38495635986328,4.125570297241209,-1.9772939682006836,-0.8369460105895978,0.07036590576171875,0.910639286041258,6.227494239807129,-5.052342414855957,-3.9527149200439453,-3.6201686859130895,-1.9454536437988281,,1.2856454849243164,-1.281828880310055,,-0.7218713760375959,-10.552528381347656,-9.261699676513672,-10.149605751037598,-8.477743148803711,-8.354203224182129,-8.020991325378418,-12.711846351623535,-12.277799606323242,-8.920624732971191,-8.577577590942383,,-7.370072364807129,-11.23245620727539,,-9.562094688415527,0.3519360423088074,0.2531876564025879,0.2512973845005035,0.2576837241649627,,0.3461939990520477,,0.483262687921524,,0.6199100613594055,0.7051831483840942,,0.6433455944061279,0.6935157775878906,0.5255662798881531,0.0297200512140989,-0.1452937722206115,-0.0043836571276187,-0.0099874697625637,,0.0714508518576622,,0.3231793045997619,,0.3003824055194855,0.3050132989883423,,0.3342223465442657,0.2695916295051574,0.1117212027311325
P279,47,92,79.77807782549273,17.04755372555719,Review,low,radar dip but optical shows dry soil soon after,0.79,0.25,8.4,9,"08-12, 08-24",,Review,low,-17.386581420898438,-15.14972972869873,-14.26616096496582,-14.808643341064451,-13.897001266479492,-12.993982315063477,-21.06415748596191,-20.608795166015625,-15.821080207824709,-18.1588077545166,,-16.311716079711914,-12.178754806518556,,-12.335264205932615,-0.9496660232543945,1.9576835632324219,0.4901108741760254,0.6189398765563983,-0.3032951354980469,6.9085845947265625,-2.1696500778198207,-1.8331737518310547,2.280580520629881,-2.297093391418457,,-0.6055140495300293,1.9285478591918928,,3.4610872268676776,-11.35398006439209,-11.67687702178955,-11.521016120910645,-9.022260665893556,-7.556107044219971,-7.928343296051025,-12.023467063903809,-12.55059814453125,-9.232074737548828,-12.11854648590088,,-10.419145584106444,-9.273584365844728,,-7.9117841720581055,0.2907182574272156,0.2192378789186477,,0.2026854306459427,,0.305548220872879,,0.4235409200191498,,,0.7947590351104736,,0.6671231985092163,0.6152112483978271,0.4375431537628174,-0.1168196350336074,-0.120285116136074,,-0.0168638043105602,,0.0133591126650571,,0.2684011459350586,,,0.3552274107933044,,0.4191356599330902,0.2296884506940841,0.0901606082916259
P280,47,92,79.64009659785197,17.044858779704832,Other kharif crop,high,"clear green-up, no flooding",0.81,0.2,4.5,10,10-11,,Other kharif crop,high,-20.231679916381836,-17.06308364868164,-17.397212982177734,-17.674657821655273,-16.688343048095703,-18.199649810791016,-20.064109802246097,-19.686521530151367,-18.301794052124023,-17.49864959716797,,-18.856237411499023,-13.587848663330078,,-16.715917587280273,-3.869415283203125,-2.3155269622802734,-1.2186331748962402,-1.049544334411621,-1.9250950813293457,0.007279396057128906,-1.9158258438110387,-1.3367252349853516,-1.4485321044921875,0.1890583038330078,,-4.317777633666992,1.803056240081787,,-0.47139644622802734,-11.301613807678224,-11.21892261505127,-9.222042083740234,-9.06928253173828,-8.206562042236328,-13.08404541015625,-10.969884872436523,-14.200206756591797,-9.044442176818848,-6.677209377288818,,-10.902137756347656,-6.776165008544922,,-10.652144432067873,0.2033597230911255,0.1893245428800583,,0.1522597074508667,,0.1805083155632019,,,,0.6134940385818481,0.8097014427185059,0.7969679832458496,0.7993808388710022,0.7639034986495972,0.3815920054912567,-0.0964860394597053,-0.2526057064533233,,-0.0133189000189304,,-0.0192833449691534,,,,0.3153690099716186,0.3506970703601837,0.3855768144130707,0.397551417350769,0.3856580257415771,0.026313591748476
P281,47,92,79.74115706731541,17.06695733569417,Paddy,medium,optical flood + radar growth afterwards (shallow dip),0.78,0.34,6.7,10,10-11,07-31,Paddy,high,-20.819021224975582,-20.3543758392334,-12.71297836303711,-16.869409561157227,-13.879651069641112,-20.134315490722656,-22.504728317260746,-18.73525619506836,-16.442903518676758,-15.746587753295898,,-18.77582740783691,-13.543848037719728,,-14.38377285003662,-4.212969779968258,-3.874582290649414,2.077026844024658,-2.067953586578369,-0.5838503837585431,-2.457670211791992,-4.379368782043461,-0.46001529693603516,1.4514589309692383,0.9988174438476562,,-3.0696253776550257,0.5833721160888654,,1.8607482910156268,-11.628507614135742,-10.167754173278809,-9.590209007263184,-9.593710899353027,-7.364170551300049,-13.41522216796875,-14.988219261169434,-10.233248710632324,-8.708427429199219,-13.516928672790527,,-9.726367950439451,-9.193702697753906,,-8.430780410766602,0.2416308969259262,0.3389063477516174,0.4913468360900879,0.2896494269371032,,0.1843016445636749,,0.5447260141372681,,,0.7801666855812073,,0.6509854197502136,0.5815061926841736,0.2679302096366882,-0.1496456265449524,-0.0740516185760498,0.2110335230827331,-0.030717110261321,,0.1927359700202942,,0.2367802709341049,,,0.3052111268043518,,0.361613392829895,0.2613396346569061,-0.100778117775917
P282,47,92,79.70073287953004,16.991229357242894,Review,low,optical flood without radar growth afterwards,0.83,0.34,5.6,9,,07-31,Review,low,-14.88669776916504,-13.827829360961914,-14.036234855651855,-14.794268608093262,-15.76527500152588,-19.10310935974121,-20.411792755126953,-19.557918548583984,-19.61661720275879,-18.00859832763672,,-15.506233215332031,-16.61212158203125,,-16.40287208557129,2.596632003784178,2.863375663757324,2.4076104164123535,3.7815589904785156,-0.4812779426574725,-0.6245269775390625,-0.5593500137329102,-0.7315616607666016,-2.2777528762817383,-1.6594963073730469,,-0.5830893516540527,-2.1182050704956055,,-0.06678581237792969,-9.204985618591309,-7.978483200073242,-9.52111530303955,-8.222640991210938,-5.311159610748291,-10.124005317687988,-10.248515129089355,-10.20598316192627,-9.70810317993164,-8.939129829406738,,-8.655768394470215,-8.98984146118164,,-9.58486557006836,0.3404976725578308,,,0.2729589343070984,,0.1417436748743057,,,,0.6857010126113892,0.7734019160270691,0.8262268900871277,0.6804544925689697,0.8097472190856934,0.6546640396118164,-0.0157824344933033,,,0.0246582645922899,,0.1575164049863815,,,,0.3352420926094055,0.3243782520294189,0.4081602096557617,0.3859373033046722,0.4037665724754333,0.3012311160564422
P283,48,165,78.73405580228902,17.329984050884367,Other kharif crop,high,"clear green-up, no flooding",0.71,0.24,6.8,11,,,Review,low,-18.160184860229492,-19.906394958496097,-15.658730506896973,-22.970129013061523,-20.344926834106445,-19.124204635620117,-16.00019073486328,-16.30534553527832,-14.876947402954102,-13.252737998962402,-13.965150833129885,-13.55860710144043,-15.23281478881836,-15.363179206848145,-12.35120964050293,-0.3340578079223633,-2.631607055664066,1.4683246612548828,-3.7018661499023438,-3.862834930419922,-2.8803224563598633,-0.0381464958190918,0.5844964981079102,0.4331502914428711,2.207005500793457,1.6960811614990217,1.9968419075012207,-1.068498134613037,-0.42858362197875977,3.7526378631591797,-11.578638076782228,-10.014870643615724,-9.557817459106444,-13.407952308654783,-11.256906509399414,-8.916187286376953,-7.858867168426514,-6.710089683532715,-6.908954620361328,-5.407857418060303,-7.598038196563721,-7.548250675201416,-9.020061492919922,-11.056888580322266,-9.917401313781738,0.2443807125091552,0.2416617572307586,,0.1755281388759613,0.2753998935222626,0.2665350437164306,0.611810564994812,0.7089340686798096,,0.6911567449569702,0.6252396702766418,,,0.3780717253684997,0.3849392533302307,-0.0640090256929397,0.029109951108694,,0.1098456978797912,0.2227362692356109,0.192232459783554,0.3280882239341736,0.3452243208885193,,0.3358534574508667,0.3110893070697784,,,0.0997794419527053,0.1471463143825531
P284,48,165,78.81193973742218,17.363131884868377,Paddy,high,radar dip-and-rise + optical flood within 3 weeks,0.75,0.16,6.3,12,06-25,"06-13, 06-25",Paddy,high,-16.579605102539062,-14.270771026611328,-21.54816436767578,-24.04745101928711,-19.33197021484375,-15.406793594360352,-20.28803253173828,-17.394268035888672,-15.258419036865234,-16.036975860595703,-15.67283821105957,-15.73201847076416,-13.03354835510254,-15.269841194152832,-16.97877311706543,1.555978775024414,3.2748165130615234,-4.763617515563965,-4.217778205871582,-2.8498783111572266,1.4904518127441406,-4.339763164520264,-1.1819257736206055,-0.13870716094970703,-1.1019210815429688,-0.2549166679382324,-0.41045427322387695,1.7534003257751447,-0.6623167991638184,-1.3586196899414062,-9.719346046447754,-10.710021018981934,-15.397828102111816,-14.558428764343262,-7.985912799835205,-9.520301818847656,-9.545961380004885,-9.06906032562256,-6.876809597015381,-11.283309936523438,-7.5118937492370605,-9.621773719787598,-9.301361083984377,-8.042413711547852,-12.09209442138672,0.2505510151386261,0.1546679735183715,0.1587078273296356,0.2774718105792999,,0.5534103512763977,0.6116644740104675,0.6240625381469727,0.7528786659240723,,0.7264984250068665,0.3504908382892608,,0.2456636130809784,0.21859872341156,-0.0999211370944976,0.1452584266662597,0.1401755809783935,0.1984556168317794,,0.2841899991035461,0.3552462458610534,0.3449633121490478,0.4506985545158386,,0.3042323589324951,0.0634438842535018,,-0.1336732804775238,-0.1513507217168808
P285,48,165,78.867725116566,17.396279718852387,Other kharif crop,high,"clear green-up, no flooding",0.83,0.42,5.6,12,,,Review,low,-17.248247146606445,-16.468717575073242,-15.422969818115234,-20.227874755859375,-18.042478561401367,-15.780248641967772,-16.027740478515625,-15.864368438720703,-16.40505027770996,-13.852436065673828,-13.614912033081056,-16.406719207763672,-10.438456535339355,-12.458537101745604,-12.6674222946167,-0.09630203247070312,0.5301609039306641,1.4307479858398438,-0.8733320236206055,-1.5603866577148438,-0.008154869079588067,0.42106056213378906,-0.005852699279785156,-0.9602804183959961,1.922623634338379,1.8030095100402814,-0.8011531829833984,3.3369240760803223,2.088077068328861,4.134947776794434,-9.081753730773926,-7.894396781921387,-9.585508346557615,-14.05898666381836,-10.914183616638184,-8.965124130249023,-10.230834007263184,-7.278933048248291,-9.95098114013672,-9.139869689941406,-9.247030258178713,-9.289602279663086,-5.008007049560547,-4.154043674468994,-7.392310619354248,0.452587753534317,0.4210715889930725,0.2763567566871643,0.3161139190196991,,0.5616748929023743,0.7519403100013733,0.7679436206817627,,,0.8276163935661316,0.5694542527198792,0.374161809682846,0.4285261631011963,0.4371587932109833,0.0247580632567405,0.0300946626812219,0.172840267419815,0.1877630054950714,,0.2787768542766571,0.3758812546730041,0.3331913352012634,,,0.3774114549160003,0.2545529305934906,0.0737345218658447,0.0546722523868083,0.0591409690678119
P286,48,165,78.83673323926388,17.397088202608096,Paddy,high,radar dip-and-rise + optical flood within 3 weeks,0.75,0.27,11.2,11,"06-25, 07-07, 11-04","06-25, 07-07",Paddy,high,-18.11098289489746,-17.948867797851562,-24.21130752563477,-31.027788162231445,-22.685972213745117,-19.149559020996097,-19.700870513916016,-18.27665138244629,-14.877647399902344,-15.523176193237305,-15.821331977844238,-12.094489097595217,-12.976143836975098,-17.973331451416016,-18.34223365783691,-0.7162237167358398,-0.9499893188476562,-7.426760673522953,-11.361323356628418,-6.476065635681152,-3.1907377243042028,-3.2520694732666016,-2.2847976684570312,0.7564301490783691,-0.026183605194091797,-0.4034104347229004,3.511076927185057,1.1831393241882324,-3.426717281341551,-2.238386154174801,-10.83101749420166,-11.281471252441406,-16.413021087646484,-20.792749404907227,-10.831896781921388,-8.194527626037598,-9.779659271240234,-7.17513370513916,-8.513285636901855,-7.636564254760742,-8.70459270477295,-9.919184684753418,-6.895953178405762,-7.1988019943237305,-8.311595916748047,0.2662943601608276,0.272758275270462,0.1883627474308014,0.2494794577360153,,0.4436971545219421,0.5285947322845459,0.7528425455093384,,0.7516392469406128,0.7521935701370239,,,0.2393234968185424,0.2004607319831848,-0.0938013195991516,0.0074570155702531,0.1581873893737793,0.2409394681453704,,0.24667689204216,0.3642401099205017,0.3544160723686218,,0.4243819117546081,0.3566233515739441,,,-0.1724812090396881,-0.1747788488864898
P287,48,165,78.80412439445034,17.33564343717432,Other kharif crop,high,"clear green-up, no flooding",0.82,0.33,2.0,10,,,Other kharif crop,high,-17.541271209716797,-16.728078842163086,-15.595930099487305,-16.59744644165039,-16.29865837097168,-17.444120407104492,-16.50274658203125,-16.119338989257812,-15.869516372680664,-14.297707557678224,-15.186217308044434,-15.099627494812012,-17.878734588623047,-13.772709846496582,-16.52996826171875,1.2190313339233398,1.1571035385131836,1.8676109313964844,3.6305465698242188,0.9468116760253906,-1.3788108825683594,-0.7629156112670898,0.770503044128418,-0.9922189712524414,1.040012836456297,0.21111249923706055,0.2987799644470215,-3.0917859077453613,1.4200687408447266,-0.20171833038330078,-13.461517333984377,-8.870123863220215,-7.981706142425537,-10.322465896606444,-9.382635116577148,-7.868427276611328,-7.686047554016113,-6.4018168449401855,-9.352678298950195,-8.23458480834961,-9.69852352142334,-7.416357040405273,-9.420133590698242,-10.22428035736084,-10.22574234008789,0.2874413728713989,,0.3824766278266907,0.2642797529697418,,0.336981326341629,0.450302243232727,0.6737819910049438,,,0.8245941400527954,,0.5139163732528687,0.5808799266815186,0.3618870377540588,-0.0277102664113044,,0.0948157757520675,0.1098532527685165,,0.2016507387161255,0.3022916913032532,0.233321413397789,,,0.3528494238853454,,0.1926016509532928,0.1215390339493751,-0.0531774833798408
P288,48,165,78.8458960551619,17.41029343728465,Other kharif crop,high,"clear green-up, no flooding",0.72,0.26,7.0,12,,,Other kharif crop,high,-19.90582847595215,-21.56001663208008,-23.29765510559082,-20.311553955078125,-16.665525436401367,-18.45533561706543,-15.896347999572754,-17.013866424560547,-15.804272651672363,-15.220552444458008,-15.774682998657228,-15.567397117614746,-14.53343677520752,-14.319592475891112,-15.677726745605469,-2.900395393371582,-4.961618423461918,-6.780423164367676,-0.9570112228393555,0.3965110778808594,-2.861814498901367,0.5524530410766602,-1.2828359603881836,-0.35950279235839844,0.5545072555541992,-0.6206636428833026,0.12047958374023438,-0.8191075325012207,0.22702169418335316,1.124643325805664,-9.37092113494873,-11.563108444213867,-11.49146556854248,-10.068940162658691,-8.144645690917969,-6.790605545043945,-6.820000648498535,-6.990088939666748,-10.584954261779783,-9.76601505279541,-10.295430183410645,-6.357717514038086,-7.111835956573486,-10.45982265472412,-9.862778663635254,0.2639060914516449,0.2142625451087951,0.2999430298805237,0.2971002161502838,,0.4968782663345337,0.6104686260223389,0.7188131213188171,,0.712287962436676,0.7027493715286255,,0.283782035112381,0.2824890911579132,0.2365394681692123,-0.0645667165517807,0.1178735047578811,0.1998156607151031,0.1767082214355468,,0.27342090010643,0.3552897274494171,0.3317809700965881,,0.4175822734832763,0.264162927865982,,-0.0856526941061019,-0.0875138938426971,-0.1011306270956993
P289,49,165,78.93671573038638,17.681674484617158,Paddy,high,radar dip-and-rise + optical flood within 3 weeks,0.66,0.37,6.4,11,08-12,"08-12, 08-24",Paddy,high,-15.968040466308594,-17.69866371154785,-14.258898735046388,-16.766935348510742,-16.2061767578125,-17.086721420288086,-22.778242111206055,-20.832447052001953,-18.51006507873535,-17.79676628112793,-12.864256858825684,-14.39979076385498,-14.724234580993652,-16.15633201599121,-14.35170078277588,0.502197265625,-0.66790771484375,-0.3597130775451678,-0.20320701599121094,2.498661994934082,0.23057842254638672,-6.431924819946289,-5.340907096862793,-3.4206318855285645,-2.2387938499450684,1.243262767791748,-0.34957313537597656,0.1396617889404297,-0.7287940979003906,0.6401729583740217,-8.281488418579102,-10.082971572875977,-9.154501914978027,-9.279149055480955,-13.09885311126709,-9.751534461975098,-13.635859489440918,-11.9873685836792,-8.594864845275879,-5.810018062591553,-7.660031318664551,-7.34853982925415,-5.395938396453857,-7.954184055328369,-8.235912322998047,0.3544777929782867,0.3955592513084411,0.3693152666091919,0.4165168106555938,,,0.170156642794609,0.300381064414978,0.406585693359375,,0.6584173440933228,0.5039674043655396,,0.623619794845581,0.4799193739891052,-0.0254806354641914,-0.0284618269652128,0.040976658463478,0.1166262999176979,,,0.3489848673343658,0.3389861583709717,0.232179194688797,,0.1152537763118743,0.347127616405487,,0.0843463391065597,0.0868059322237968
P290,49,165,78.972828004808,17.789472318711503,Other kharif crop,high,"clear green-up, no flooding",0.5,0.13,6.6,9,,,Other kharif crop,high,-21.683364868164062,-19.241958618164062,-16.64400863647461,-17.055021286010742,-18.001663208007812,-16.056739807128906,-18.453704833984375,-18.1973876953125,-14.946803092956545,-15.263721466064451,-13.715753555297852,-14.626720428466797,-16.263322830200195,-13.186532974243164,-14.570117950439451,-4.816460609436035,-1.5791635513305664,-2.49277925491333,-0.30358123779296875,-1.43682861328125,0.0899515151977539,-2.608053684234619,-2.70584774017334,0.039484024047849786,0.5804443359375018,0.7231111526489258,-0.362856388092041,-1.6278834342956543,2.583584785461426,0.7238154411315936,-6.952968120574951,-10.948134422302246,-6.0945868492126465,-12.150980949401855,-10.550209999084473,-8.281009674072266,-8.866409301757812,-9.522639274597168,-8.710692405700684,-3.9090750217437744,-5.368030071258545,-8.816446304321289,-7.548669338226318,-8.505790710449219,-6.8386664390563965,0.151858389377594,0.1162307858467102,,0.1245048642158508,,,,0.3042832911014557,,,0.3158227801322937,0.3807282447814941,0.454233318567276,0.5018289089202881,0.472410500049591,-0.1168048158288002,-0.0794835984706878,,-0.0517911836504936,,,,0.0503944456577301,,,0.0267234444618225,0.0388687886297702,0.1457805782556533,0.0978483781218528,0.0868037417531013
P291,49,165,79.00947926840007,17.715630802356877,Other kharif crop,high,"clear green-up, no flooding",0.77,0.42,5.5,10,,,Review,low,-15.974410057067873,-20.12910270690918,-16.003070831298828,-20.573375701904297,-17.75718116760254,-14.67214298248291,-13.840448379516602,-15.751157760620115,-15.852217674255373,-18.35468482971191,-13.492057800292969,-15.798860549926758,-15.293343544006348,-16.051420211791992,-16.482555389404297,1.300585746765135,-2.4663076400756836,-1.8518414497375488,-3.8219356536865234,-2.118072509765625,1.3938732147216797,2.9221696853637695,-0.4486355781555158,-1.1997227668762225,-3.1735463142394984,1.2331271171569824,-1.669449806213379,-0.6579041481018066,-0.4618873596191406,-0.9429621696472168,-12.852900505065918,-12.657788276672363,-11.591773986816406,-11.872056007385254,-9.636792182922363,-7.628668785095215,-6.5974860191345215,-10.124675750732422,-10.80204963684082,-10.245025634765623,-13.679095268249512,-9.30462646484375,-10.531549453735352,-9.582056999206545,-10.26916790008545,0.474950224161148,0.4202211499214172,0.4130688011646271,0.5227334499359131,,,,0.7730714082717896,,0.5959286093711853,0.6794388294219971,0.6761955618858337,,0.6414709091186523,0.6085768342018127,-0.0432249829173088,-0.0260149408131837,0.0446024499833583,0.0346282161772251,,,,0.2945344448089599,,0.2035213261842727,0.2162021696567535,0.1381313353776931,,0.1728920936584472,0.1272766292095184
P292,49,165,78.91407818522657,17.692454268026594,Paddy,high,radar dip-and-rise + optical flood within 3 weeks,0.8,0.29,7.5,11,08-12,07-31,Paddy,high,-17.488479614257812,-17.71564483642578,-13.75481128692627,-16.735944747924805,-20.260608673095703,-19.498638153076172,-24.060585021972656,-15.41437530517578,-13.629006385803224,-14.073028564453123,-12.756048202514648,-12.24229907989502,-15.181148529052734,-13.083767890930176,-13.20803451538086,-1.0182418823242188,-0.46702003479003906,0.5524144172668457,-0.1567211151123047,-3.2789297103881836,-2.8462324142456055,-7.714267730712891,0.24555587768554865,1.9589262008666974,1.795199394226076,1.682816505432129,2.065779209136963,-0.5457091331481934,2.686349868774414,2.0858988761901855,-12.502964973449709,-10.83872413635254,-5.51809024810791,-12.633929252624512,-11.443086624145508,-13.47339153289795,-9.856431007385254,-7.949521064758301,-8.037343978881836,-4.278280258178711,-4.69119930267334,-10.027436256408691,-7.236494064331055,-9.938080787658691,-9.554875373840332,0.2815718352794647,0.2886216938495636,0.3419353365898132,0.3507736921310425,,0.2525819838047027,,0.6221067309379578,,0.7262442111968994,0.8009978532791138,0.6366450190544128,,0.4985920786857605,0.3621391355991363,-0.1256767958402633,-0.1086346879601478,-0.0185550581663846,0.0028778440319001,,0.355058342218399,,0.4093866944313049,,0.3383584022521972,0.3330326676368713,0.2949838042259216,,0.1334974020719528,0.0361677780747413
P293,49,165,78.91030526103327,17.69730517056084,Other kharif crop,high,"clear green-up, no flooding",0.64,0.45,3.0,10,08-24,,Other kharif crop,high,-17.052406311035156,-14.901758193969728,-14.579849243164062,-13.235605239868164,-13.393207550048828,-13.966818809509276,-11.289774894714355,-15.56870460510254,-14.358186721801758,-13.59063720703125,-15.664026260375977,-14.344719886779783,-16.772659301757812,-15.445213317871094,-16.375516891479492,-0.5821685791015625,2.5964174270629865,-0.4286198616027832,3.5158348083496094,5.311631202697754,3.8391180038452166,5.317903518676758,0.014061927795406604,1.229745864868164,2.277590751647949,-1.556506633758545,-0.1747264862060529,-2.1372199058532715,0.3249044418334961,-1.7727503776550293,-11.703256607055664,-12.622714042663574,-8.602080345153809,-11.361441612243652,-7.489385604858398,-9.26609706878662,-7.196358680725098,-9.62246036529541,-7.237911701202393,-8.159917831420898,-9.30178165435791,-7.948894500732422,-9.428139686584473,-8.149148941040039,-7.307039260864258,0.4253670573234558,0.4671399593353271,,0.5125648975372314,0.4297883808612823,0.455482006072998,,0.6324070692062378,,0.6417785286903381,0.6192078590393066,,,0.6364020109176636,0.5684281587600708,-0.0002189756778534,0.0190810561180114,,0.1038675308227539,0.2187791764736175,0.2350370287895202,,0.1343816667795181,,0.230897843837738,0.1725184619426727,,,0.1491667181253433,0.1281870752573013
P294,49,165,78.94614804086964,17.719134231964944,Perennial,medium,green from June and stable radar all season,1.0,0.58,3.8,9,,,Review,low,-16.74233055114746,-15.854619979858398,-12.957353591918944,-16.391511917114258,-15.072040557861328,-16.218090057373047,-15.458691596984863,-14.540348052978516,-17.05109977722168,-17.928213119506836,-14.779935836791992,-13.100801467895508,-13.236435890197754,-16.278656005859375,-14.401599884033203,-0.14751911163330078,1.8081750869750977,1.462020397186281,0.5194664001464844,2.8073816299438477,0.3629169464111328,1.14898681640625,1.1195831298828125,-2.1500887870788574,-2.3702406883239746,-0.8475160598754883,1.271453857421875,2.000810146331787,-1.2253241539001465,0.28542566299438477,-9.877867698669434,-9.039630889892578,-6.351288318634033,-9.452277183532717,-8.368886947631836,-3.134253740310669,-9.472760200500488,-10.4239501953125,-7.885630130767822,-7.2619547843933105,-7.600245952606201,-8.049297332763672,-8.161911964416504,-8.345771789550781,-11.147378921508787,0.4872200489044189,0.5850529670715332,0.5796062350273132,0.6179092526435852,,0.6272603273391724,,1.0,,,0.8387576937675476,,,0.8254384398460388,0.7405579686164856,0.0317245349287986,0.049077957868576,0.1415557563304901,0.111587643623352,,0.2256450206041336,,0.3905633091926574,,,0.3794920742511749,,,0.3043214678764343,0.2732975482940674
P295,50,165,79.21079172357125,17.279588563445262,Paddy,high,radar dip-and-rise + optical flood within 3 weeks,0.81,0.19,8.6,11,"06-13, 06-25, 10-23",06-13,Paddy,high,-15.905518531799316,-22.462806701660156,-23.580589294433594,-22.624740600585938,-20.718029022216797,-16.773983001708984,-16.152509689331055,-17.693532943725586,-13.337328910827637,-15.693248748779297,-15.17159366607666,-17.576414108276367,-23.906803131103516,-23.79324531555176,-21.325275421142575,2.298215866088867,-3.3209877014160156,-6.455842018127441,-2.9590158462524414,-4.220402717590332,1.0578479766845703,1.6286296844482422,-1.496016502380371,2.3127875328063965,-0.6172423362731934,-0.6915545463562012,-3.1086573600769043,-8.655375003814697,-8.52058553695679,-5.8926391601562464,-5.099493503570557,-9.904970169067385,-14.86928653717041,-14.467019081115724,-10.27979850769043,-8.52457046508789,-8.24472713470459,-12.99199104309082,-11.9977445602417,-7.942551136016846,-10.200108528137209,-10.769597053527832,-14.114136695861816,-15.542972564697266,-13.267963409423828,0.1639521270990371,0.1900199502706527,0.3029354810714721,0.2573906481266022,0.3555087447166443,0.4224032163619995,0.6296504735946655,0.8087550401687622,,,0.526020884513855,,,0.4628714323043823,0.3218206167221069,-0.0233962349593639,0.1611190736293792,0.2271109372377395,0.1911665499210357,0.2303628474473953,0.254996657371521,0.4312033653259277,0.4043191075325012,,,0.2288282066583633,,,0.5552406907081604,0.5554522275924683
P296,50,165,79.17144551412682,17.300878635678895,Review,low,radar dip but optical shows dry soil soon after,0.84,0.32,5.3,11,07-31,,Other kharif crop,high,-16.868192672729492,-19.2265625,-16.69368553161621,-19.10321998596191,-14.721447944641112,-19.864837646484375,-16.97445297241211,-20.824277877807617,-15.225848197937012,-16.815702438354492,-14.546436309814451,-14.81649398803711,-14.548800468444824,-15.323935508728027,-15.392186164855955,1.3355417251586914,1.1252355575561523,1.2250680923461914,1.7702474594116246,5.588531494140627,-3.178068161010742,1.1021308898925781,-4.392617225646973,0.08043766021728516,-1.7720866203308105,0.14686727523803889,0.0908198356628418,1.0311150550842285,0.005490779876708984,1.2071313858032244,-8.001873016357422,-9.135518074035645,-10.371624946594238,-12.311975479125977,-8.136770248413086,-11.393455505371094,-9.958613395690918,-13.491575241088867,-11.3163423538208,-9.49526023864746,-7.632399082183838,-8.899313926696777,-8.198898315429688,-9.436694145202637,-9.090773582458496,0.3159822821617126,0.3415051698684692,0.3048010468482971,0.3407903909683227,0.3083254992961883,0.3428311944007873,0.5676045417785645,0.6411893963813782,,,0.8442063331604004,,,0.4980847239494324,0.2968650758266449,-0.1312637776136398,-0.0379746481776237,0.0507451593875885,0.0639291927218437,0.1419408172369003,0.2332247495651245,0.3776696920394897,0.2751004099845886,,,0.4082766473293304,,,0.0933608263731002,0.2464319616556167
P297,50,165,79.13829768014281,17.31408387035545,Paddy,high,radar dip-and-rise + optical flood within 3 weeks,0.87,0.32,9.7,12,07-07,"06-25, 07-07, 07-19",Paddy,high,-18.548036575317383,-18.92939186096191,-20.137405395507812,-24.355512619018555,-23.52921485900879,-20.053241729736328,-16.634328842163086,-16.595346450805664,-16.074384689331055,-14.522443771362305,-16.482282638549805,-13.555099487304688,-15.990608215332031,-13.874266624450684,-16.531972885131836,-0.6542835235595703,2.0426301956176793,-1.8246793746948242,-4.503376007080078,-4.7570648193359375,-3.3664722442626953,0.32442569732666016,0.031076431274414062,-1.365438461303711,0.2452254295349121,-2.0022435188293457,0.8738641738891602,-1.3373627662658691,1.708898067474367,-0.2852301597595215,-9.98660945892334,-9.93537425994873,-9.94629192352295,-11.129804611206056,-11.487051010131836,-10.002211570739746,-7.574738502502441,-8.166934967041016,-6.572971343994141,-7.539901256561279,-5.206460952758789,-11.141559600830078,-7.602110385894775,-7.879270553588867,-9.529845237731934,0.3190820813179016,0.4615249335765838,0.1037620827555656,0.1370954513549804,0.2766003012657165,0.3297292590141296,0.8704288005828857,0.8492474555969238,,,0.8438613414764404,,0.2742558717727661,0.2451095730066299,0.2345065176486969,-0.0911412984132766,0.0531932860612869,0.2114156484603881,0.2029386460781097,0.2621655464172363,0.2353169023990631,0.3457638621330261,0.3564773797988891,,,0.4283292889595032,,0.0008342049550265,-0.0941269248723983,0.0352203547954559
P298,50,165,79.04343558613978,17.321090729571583,Other kharif crop,high,"clear green-up, no flooding",0.8,0.18,6.5,13,10-11,,Review,low,-20.459239959716797,-20.865278244018555,-18.151630401611328,-23.65819549560547,-19.228307723999023,-17.58717918395996,-15.892577171325684,-16.137741088867188,-14.182899475097656,-14.3928861618042,-14.863197326660156,-19.213457107543945,-11.922404289245604,-19.578594207763672,-20.33502960205078,-1.185415267944336,-0.8611993789672852,-1.3151049613952637,-4.170134544372559,0.011452674865722656,-1.4304523468017578,1.7308120727539062,0.5155744552612305,1.8718032836914062,0.7449502944946289,0.59893798828125,-5.531208515167236,2.6222171783447283,-5.20974588394165,-4.1556315422058105,-8.889277458190918,-10.819931983947754,-11.493703842163086,-16.19369888305664,-10.970376968383787,-7.9528489112854,-7.204100608825684,-8.012175559997559,-9.555030822753906,-10.445038795471191,-7.1895904541015625,-7.810186862945557,-7.655058860778809,-10.308514595031738,-12.936042785644531,0.0933208465576171,0.2283024042844772,0.1771628260612487,0.2013337314128875,0.2871725559234619,0.4247527420520782,0.7162758708000183,0.7833717465400696,0.7706539630889893,0.8013147711753845,0.7957704067230225,,,0.3768064677715301,0.2928016483783722,-0.1933984160423278,-0.0583888329565525,0.0469059981405735,0.1385522931814193,0.1789255738258361,0.2064369916915893,0.3539869487285614,0.3104007542133331,0.3384341299533844,0.3373058140277862,0.2764379382133484,,,-0.0047937887720763,0.1544132530689239
P299,50,165,79.08520724685134,17.271503725888184,Other kharif crop,high,"clear green-up, no flooding",0.75,0.18,10.2,12,11-16,,Other kharif crop,high,-24.15791702270508,-23.13798713684082,-20.476558685302734,-22.071138381958008,-20.96349716186523,-16.59955596923828,-17.56534194946289,-16.267974853515625,-15.51056957244873,-12.379467010498049,-13.45230197906494,-14.63145923614502,-15.428916931152344,-13.70634651184082,-21.318668365478516,-5.931329727172855,-4.060009956359863,-4.530101299285889,-2.6816301345825195,-3.685412406921383,-1.023789405822754,-0.760951042175293,0.09856891632080078,-1.078223705291748,2.0781979560852033,1.252514839172365,-0.9492106437683105,-1.330580711364746,1.5663132667541504,-5.287048816680908,-15.223438262939451,-14.381269454956056,-12.827937126159668,-13.643357276916504,-9.59587574005127,-9.994839668273926,-8.618786811828613,-7.2898640632629395,-9.600141525268556,-9.932273864746094,-11.24174690246582,-6.349600315093994,-7.424834251403809,-7.32248592376709,-16.000091552734375,0.1842697858810424,0.1744724810123443,,0.2013898491859436,0.2379831224679947,0.3538345396518707,0.4309560060501098,0.7232558727264404,,,0.750447690486908,0.4120360016822815,0.4970964789390564,0.47188401222229,0.2519315481185913,-0.0126037010923028,0.0302389916032552,,0.0151532543823122,0.1816497445106506,0.1738808453083038,0.3710358440876007,0.3524633646011352,,,0.3317454159259796,0.1692367643117904,0.1550260335206985,0.0520456470549106,0.2248436659574508
P300,50,165,79.15716230110931,17.33618242634479,Review,low,radar dip but optical shows dry soil soon after,0.84,0.41,5.6,11,"07-07, 07-19",,Review,low,-14.820905685424805,-13.000688552856444,-11.710290908813477,-17.160184860229492,-22.95378875732422,-18.10696029663086,-18.587825775146484,-14.782891273498535,-14.681792259216309,-13.967215538024902,-13.2691068649292,-12.666473388671877,-15.58823585510254,-16.429706573486328,-15.4730863571167,3.912769317626953,7.971333503723146,6.798582077026367,2.6919517517089844,-4.181638717651367,-1.9198975563049316,-1.79913330078125,2.0537843704223633,0.4821329116821289,0.8652324676513672,1.3774743080139142,1.7624902725219709,-0.5993771553039569,-0.8465418815612775,0.7063117027282715,-5.805433750152588,-7.953580379486084,-7.048938274383545,-11.160358428955078,-11.427139282226562,-11.490630149841309,-10.254746437072754,-8.525803565979004,-10.9086332321167,-7.892193794250488,-8.630051612854004,-7.316133499145508,-9.410731315612791,-8.649548530578613,-9.531338691711426,0.4086816608905792,0.4178681075572967,0.2462608814239502,0.4580326974391937,0.3333008289337158,0.4007457494735718,0.7898807525634766,0.7069007754325867,,,0.8431508541107178,,,0.555883526802063,0.4136545062065124,0.0442636832594871,0.0345289707183837,0.0808147639036178,0.2180853486061096,0.1961078345775604,0.2917070388793945,0.28334841132164,0.3296315968036651,,,0.3547318577766418,,,0.0975033566355705,-0.0012180376797914
P301,51,165,79.34473053243347,17.29656672231512,Other kharif crop,high,"clear green-up, no flooding",0.65,0.26,5.5,12,09-05,,Other kharif crop,high,-19.624866485595703,-18.89927864074707,-17.9726619720459,-16.90664291381836,-16.346853256225586,-14.318792343139648,-12.902786254882812,-13.810449600219728,-18.197877883911133,-13.472870826721191,-14.246564865112305,-15.420435905456545,-12.908242225646973,-15.644403457641602,-15.635090827941896,-1.5085935592651367,1.2980833053588867,0.04589557647705078,2.5725221633911133,0.9760866165161133,1.6355938911437988,3.4405250549316406,1.6512265205383283,-3.7641210556030273,1.3769240379333478,-0.8126387596130371,-0.229250907897951,1.743804931640625,1.8883953094482422,0.03139781951904119,-7.494248390197754,-8.22857666015625,-5.76059103012085,-7.729442119598389,-7.295173645019531,-8.329277038574219,-9.63197135925293,-6.780865669250488,-5.5337114334106445,-6.658777713775635,-5.6142258644104,-7.939433574676514,-9.762544631958008,-7.367766857147217,-9.751486778259276,0.1490177810192108,0.2634386420249939,0.3442283868789673,0.2101006805896759,0.3058137595653534,0.3510775566101074,,0.6070506572723389,,,0.6303170919418335,0.5402087569236755,0.5183416604995728,0.646190345287323,0.6237365007400513,-0.1482176780700683,-0.0773222222924232,0.0685977190732956,0.0705031156539917,0.0758906975388526,0.1055530682206153,,0.1514002382755279,,,0.1518155187368393,0.0901609063148498,0.0679513588547706,0.127222865819931,0.1098434329032898
P302,51,165,79.43339425097606,17.304651559872195,Other kharif crop,high,"clear green-up, no flooding",0.75,0.13,11.2,9,,,Other kharif crop,high,-25.45357322692871,-21.73833656311035,-19.244997024536133,-19.949602127075195,-18.075647354125977,-11.74945831298828,-13.04324436187744,-13.761503219604492,-12.243003845214844,-12.362317085266112,-13.503056526184082,-11.169622421264648,-12.474255561828612,-15.384220123291016,-13.94811725616455,-7.453205108642578,-2.059846878051758,-1.0885343551635742,-0.42316532135009766,1.7455244064331055,5.145811080932619,2.482150077819826,0.7055544853210449,2.661215305328371,2.1553969383239764,0.6564364433288574,3.8444528579711914,0.7929568290710467,0.8890342712402344,2.957819938659668,-16.141794204711914,-8.341676712036133,-4.691927909851074,-9.108774185180664,-6.4731621742248535,-5.797603130340576,-6.938269138336182,-5.964719295501709,-3.8710784912109375,-1.6151061058044434,-3.5622355937957764,-4.702937602996826,-7.2395339012146,-5.833416938781738,-8.715131759643555,0.1693293750286102,0.0994006693363189,,0.1587212681770324,,0.3514280617237091,,0.6334187984466553,,,0.7245530486106873,0.7536622881889343,,0.6130913496017456,0.6159813404083252,-0.2214138507843017,-0.233722373843193,,-0.0926223844289779,,0.0749031454324722,,0.1809647381305694,,,0.2535580992698669,0.1927579641342163,,0.0216519422829151,0.0740444809198379
P303,51,165,79.3803038176846,17.289020873928518,Paddy,medium,optical flood + radar growth afterwards (shallow dip),0.77,0.16,7.2,11,,"06-25, 07-07, 07-31",Review,low,-15.777148246765137,-19.513275146484375,-17.49319076538086,-22.227325439453125,-21.920413970947266,-21.972501754760746,-16.645021438598633,-15.123665809631348,-16.56974220275879,-14.754810333251951,-14.729487419128418,-14.897184371948242,-12.61252784729004,-17.59774398803711,-19.7540283203125,3.6886634826660156,0.5331764221191406,0.2745504379272461,-2.7481603622436523,-5.0800676345825195,-6.155467510223392,-2.3343725204467773,-1.3376893997192383,-1.086838722229004,-0.7478976249694806,-1.2955613136291504,0.46626758575439453,1.140007019042967,-2.2420225143432617,-4.055556774139404,-11.355728149414062,-8.708205223083496,-9.705053329467772,-13.981646537780762,-13.845934867858888,-12.932238578796388,-10.035537719726562,-8.2652006149292,-6.518019199371338,-8.14538288116455,-9.34592342376709,-8.295157432556152,-6.16281270980835,-8.130571365356445,-13.409873008728027,0.1822780668735504,0.1588900685310363,0.1305367350578308,0.0980980396270752,,0.2344257533550262,,0.6387811303138733,,,0.7687349319458008,0.324726402759552,0.1485380083322525,0.274815946817398,0.2248792052268982,-0.1427742689847946,-0.1205869764089584,0.0911002904176712,0.1122981160879135,,0.2424087226390838,,0.2849855720996856,,,0.3460270762443542,0.311966985464096,-0.0069113075733184,0.0450405590236187,0.2613462209701538
P304,51,165,79.40374984660012,17.26476636125729,Other kharif crop,high,"clear green-up, no flooding",0.72,0.18,6.8,12,,,Other kharif crop,high,-18.07403564453125,-20.5510196685791,-14.943239212036133,-19.302677154541016,-18.2979736328125,-17.018444061279297,-14.172395706176758,-13.29943561553955,-12.92428207397461,-11.749574661254885,-12.543207168579102,-15.130966186523438,-14.596827507019045,-18.58024787902832,-15.761852264404297,0.6981239318847656,-0.8725299835205078,2.584766387939453,0.08289527893066406,-1.620203971862793,-1.8146772384643555,0.29341745376586914,2.162240505218506,3.4190988540649414,2.257338047027586,1.1883625984191895,0.24093198776245117,-0.7890729904174822,-3.0958757400512695,-0.15874433517456055,-10.07891082763672,-7.492894649505615,-3.564673900604248,-9.448991775512695,-10.03357219696045,-9.152074813842772,-7.343748569488525,-7.95701265335083,-5.70692777633667,-8.510821342468262,-5.465883255004883,-5.664294719696045,-6.769503116607666,-7.9805006980896,-7.329099655151367,0.2037355601787567,0.1835440546274185,0.1527127623558044,0.1940152496099472,,0.2412277162075042,,0.6528271436691284,,0.7181233167648315,0.6452108025550842,0.6230770945549011,0.4553095996379852,0.6061719655990601,0.6163500547409058,-0.1690684407949447,-0.1706182658672332,-0.0357785113155841,-0.1177536398172378,,0.0399791449308395,,0.244857907295227,,0.217274397611618,0.238656997680664,0.1263812184333801,0.0917471125721931,0.0556500516831874,0.0594954304397106
P305,51,165,79.42207547839617,17.326750115861536,Other kharif crop,high,"clear green-up, no flooding",0.79,0.12,7.7,12,,,Review,low,-17.949403762817383,-22.99209213256836,-19.71721839904785,-19.11549186706543,-16.76069450378418,-15.336609840393066,-12.782094955444336,-12.592156410217283,-14.241086959838867,-13.877756118774414,-12.823038101196287,-15.498285293579102,-11.976863861083984,-18.322559356689453,-15.16003131866455,0.1132802963256836,-3.2073793411254883,-1.560755729675293,0.5106477737426758,3.0604772567749023,1.558659553527832,3.404393196105957,1.8749012947082537,0.6631321907043475,0.6399579048156738,1.3364548683166522,-0.4842100143432617,1.2903485298156738,-2.049304962158203,2.6753787994384766,-10.54578971862793,-10.744606018066406,-8.480508804321289,-9.091720581054688,-7.754589080810547,-7.506214618682861,-6.582734107971191,-4.479872226715088,-5.443972587585449,-7.245840072631836,-5.920390605926514,-6.680235385894775,-5.5758209228515625,-10.979902267456056,-7.982626438140869,0.1434290707111358,0.0948890596628189,,0.15324567258358,0.2466616630554199,0.5380582809448242,0.6523762345314026,0.7922292351722717,,0.7794158458709717,0.7418025732040405,,0.749200165271759,0.7245957255363464,0.7006605267524719,-0.2067953646183014,-0.2116238921880722,,-0.0699123665690422,0.0927619412541389,0.1732585430145263,0.3792502284049988,0.2817426919937134,,0.2452509552240371,0.1643759608268737,,0.1314842253923416,0.1581325978040695,0.1547392904758453
P306,51,165,79.46249966618154,17.335104448003847,Paddy,high,radar dip-and-rise + optical flood within 3 weeks,0.83,0.18,7.7,9,06-25,07-07,Paddy,high,-14.981179237365724,-13.105456352233888,-22.061710357666016,-20.65113639831543,-19.501171112060547,-19.63811683654785,-12.975530624389648,-12.68397617340088,-15.133044242858888,-16.461061477661133,-14.621917724609377,-12.75815486907959,-15.83455753326416,-14.111194610595703,-14.986895561218262,2.9160604476928693,7.134115219116209,-5.181988716125488,-1.0249967575073242,0.6989231109619141,-2.742847442626953,2.2627739906311035,1.7586083412170392,-0.5176544189453143,-2.290895938873291,-0.8341789245605487,1.6737289428710938,-2.9520206451416016,2.826364517211914,2.2868242263793945,-9.743738174438477,-8.663344383239746,-9.713746070861816,-11.31861686706543,-6.166632652282715,-4.617619037628174,-4.508693218231201,-7.771398067474365,-6.54574728012085,-9.787672996520996,-9.417210578918455,-9.772575378417969,-11.38620376586914,-9.510961532592772,-8.683234214782715,0.1933764219284057,0.1654684841632843,,0.1705362349748611,,0.466962456703186,,0.771891713142395,,,0.6958001255989075,0.8333889842033386,,0.5588392019271851,0.2531133592128753,-0.1165430098772049,-0.0023124366998672,,0.1609259992837906,,0.2461352050304412,,0.2916978597640991,,,0.2891856133937835,0.4143216013908386,,0.1728032380342483,0.0229792166501283
P307,52,92,79.5689500273497,17.155890548822004,Other kharif crop,high,"clear green-up, no flooding",0.68,0.42,3.6,11,,,Other kharif crop,high,-16.85520362854004,-17.206085205078125,-19.661705017089844,-14.617923736572266,-17.64776039123535,-18.14968490600586,-14.97712516784668,-16.987499237060547,-13.52619743347168,-15.979260444641112,,-13.673828125,-14.366929054260254,,-14.952393531799316,-0.43483924865722656,-2.6706948280334473,-3.3617124557495117,1.792877197265625,-1.4815397262573242,-1.1518974304199219,0.8080759048461914,-1.1790261268615723,3.0125083923339844,-0.8155364990234357,,0.7635979652404785,0.19341278076171875,,-0.7131280899047852,-9.399617195129396,-10.699124336242676,-10.743193626403809,-9.121627807617188,-11.916296005249023,-9.069864273071287,-7.556412220001221,-10.803714752197266,-9.516329765319824,-10.515403747558594,,-9.389413833618164,-8.642417907714844,,-9.201013565063477,0.4502010345458984,0.3873606920242309,,0.2875908017158508,,0.2529600858688354,,0.3760233521461487,0.4585322141647339,0.6849706768989563,0.6101378202438354,,0.6145308017730713,0.505292534828186,0.3760735392570495,0.0581017211079597,-0.034086812287569,,0.0474390648305416,,0.1487279236316681,,0.2579407691955566,0.2549247145652771,0.2448370456695556,0.2187901139259338,,0.1323896944522857,0.0587874129414558,-0.0635376945137977
P308,52,92,79.53688017170664,17.18203152358988,Review,low,optical flood without radar growth afterwards,0.71,0.41,2.5,10,,07-31,Review,low,-14.978926658630373,-14.907097816467283,-16.027141571044922,-14.319870948791504,-13.892590522766112,-15.063348770141602,-13.85110569000244,-15.542880058288574,-17.419946670532227,-13.248334884643556,,-14.399593353271484,-14.658388137817385,,-16.291805267333984,1.6682386398315412,-0.3436541557311994,0.8681964874267578,3.075087547302246,2.8824033737182635,1.934438705444336,1.9324541091918963,0.8877019882202148,-1.4679031372070312,3.3129982948303205,,0.6006069183349609,0.010000705718992364,,-1.983743667602539,-10.437501907348633,-9.775506973266602,-8.893067359924316,-9.76860809326172,-7.408266067504883,-11.30156421661377,-7.628433704376221,-6.048216342926025,-8.821544647216797,-7.70749044418335,,-8.784568786621094,-8.576984405517578,,-9.643688201904297,0.4950997233390808,0.3316835761070251,,0.250165045261383,,0.2604753673076629,,0.4441587924957275,,0.6378403306007385,0.6754266023635864,,0.7061715722084045,0.6144673824310303,0.4795634150505066,0.0339302755892276,-0.0438995286822319,,0.0629279762506485,,0.2307239770889282,,0.2084213495254516,,0.2161486148834228,0.2564603090286255,,0.2185519784688949,0.1742947995662689,0.0414474122226238
P309,52,92,79.56544659774164,17.13594794951455,Perennial,medium,green from June and stable radar all season,0.7,0.58,4.3,10,07-07,,Review,low,-14.404644966125488,-11.961861610412598,-15.39585018157959,-18.20606803894043,-17.059043884277344,-17.161006927490234,-15.53138542175293,-13.109867095947266,-15.105095863342283,-13.60407829284668,,-12.588152885437012,-15.126184463500977,,-12.850374221801758,2.015719413757324,2.839982032775879,2.0996599197387695,-1.795267105102539,-1.510469913482666,-0.10998725891113281,0.5717096328735352,3.7774314880371094,1.680026054382326,3.1797099113464355,,2.4120473861694336,-0.5658426284790039,,2.766470432281494,-8.348701477050781,-6.333685874938965,-8.492044448852539,-8.054966926574707,-7.433504104614258,-9.42999267578125,-7.370201110839844,-6.239981174468994,-9.311293601989746,-9.895278930664062,,-11.371278762817385,-9.777997016906738,,-10.12880039215088,0.6230975985527039,0.5296906232833862,,0.3129354119300842,,0.3935068249702453,,0.4928175210952759,,0.553658664226532,0.6288754940032959,,0.6955841779708862,0.6763921976089478,0.5201687812805176,0.1661517322063446,0.1390363276004791,,0.2241963744163513,,0.2113669067621231,,0.26317098736763,,0.2082240879535675,0.2581724226474762,,0.1881472021341323,0.1907830536365509,0.0862708315253257
P310,52,92,79.64386952204528,17.086091451245917,Review,low,radar dip but optical shows dry soil soon after,0.79,0.44,8.7,10,"06-13, 07-31, 08-12",,Review,low,-12.06479263305664,-16.139902114868164,-16.997451782226562,-16.77250099182129,-13.26821994781494,-20.78520965576172,-22.7766170501709,-23.406496047973633,-20.102325439453125,-18.138389587402344,,-17.258968353271484,-16.27132797241211,,-17.092025756835938,5.153570175170898,-1.287097454071045,-1.608433723449707,-0.03969764709472656,3.0519571304321307,-3.4738073348999023,-6.590672492980957,-6.742834091186523,-3.4885330200195312,-2.276675224304199,,-2.720508575439453,-1.6029391288757324,,-2.775254249572754,-10.279034614562988,-9.311750411987305,-12.127232551574709,-8.18704605102539,-6.999419212341309,-11.56443977355957,-11.14891242980957,-15.528721809387209,-9.716224670410156,-8.66019058227539,,-9.382890701293944,-9.32009506225586,,-11.26410961151123,0.5272170305252075,0.3440647721290588,,0.3327220976352691,,,,0.4669411778450012,0.5301344990730286,0.6861314177513123,0.7068118453025818,,0.7891837954521179,0.7791742086410522,0.6062021255493164,0.1115798205137252,-0.0957121551036834,,-0.0331386998295784,,,,0.3361138701438904,0.3706422746181488,0.4012284576892853,0.3380864262580871,,0.3732804656028747,0.3180363476276397,0.1095240637660026
P311,52,92,79.61206916098745,17.10980697474667,Perennial,medium,green from June and stable radar all season,0.63,0.56,3.0,11,,,Review,low,-16.908113479614258,-13.095423698425291,-15.38218593597412,-15.19912052154541,-13.28103733062744,-14.96157455444336,-12.408254623413086,-11.702703475952148,-13.713330268859863,-13.714176177978516,,-12.745943069458008,-14.874482154846191,,-12.517343521118164,-0.26094818115234375,2.322822093963625,2.104183197021486,2.024458885192871,3.308606147766115,2.7909345626831055,4.225786209106445,5.184595108032227,3.071791648864746,3.32547664642334,,2.367493152618408,-0.4598698616027832,,3.099501132965088,-9.652942657470703,-7.505795955657959,-9.950286865234377,-9.450905799865724,-7.613776206970215,-7.6593146324157715,-7.360204219818115,-7.78693962097168,-8.260294914245605,-8.16393756866455,,-8.721514701843262,-5.645594120025635,,-7.775811672210693,0.509223222732544,0.6034598350524902,,0.2605724632740021,,0.4543944001197815,,0.4576079845428467,,0.6063127517700195,0.5931633710861206,0.5550249814987183,0.5844444632530212,0.6345524787902832,0.5949982404708862,0.1024589389562606,0.155716136097908,,0.1327385455369949,,0.1558514237403869,,0.2213599383831024,,0.1458483040332794,0.1534316837787628,0.2660104632377624,0.2670101523399353,0.123134084045887,0.100879356265068
P312,52,165,79.53526320419522,17.238894881074646,Paddy,high,radar dip-and-rise + optical flood within 3 weeks,0.84,0.13,8.9,11,"07-07, 07-19",06-25,Paddy,high,-15.264351844787598,-17.49302864074707,-10.13465404510498,-20.08744430541992,-26.030010223388672,-23.437559127807617,-17.143796920776367,-17.956336975097656,-15.834243774414062,-13.917526245117188,-15.557430267333984,-14.565665245056152,-13.43030834197998,-16.30613136291504,-19.12197494506836,2.683852195739746,2.397519111633301,4.928171634674072,-0.5563869476318324,-7.881234169006348,-7.23801326751709,-0.8056144714355469,-2.883070468902588,-1.0832910537719727,0.19672012329101562,-1.7696914672851562,-0.3602304458618164,0.3990821838378906,0.46724605560302734,-2.443943500518799,-9.945674896240234,-7.116683006286621,-5.057172775268555,-10.88644027709961,-21.077348709106445,-13.266289710998535,-9.516485214233398,-11.095403671264648,-12.195064544677734,-9.607610702514648,-6.804752826690674,-9.619599342346191,-8.94785213470459,-10.110071182250977,-11.457608222961426,0.4198529720306396,0.1297320127487182,0.1276220381259918,0.2322014272212982,,,,0.8401899337768555,,0.8441327214241028,0.7625347971916199,0.7030951380729675,0.6412497162818909,0.4263190031051636,0.2310934960842132,-0.0064447419717907,-0.1728595346212387,0.1086229458451271,0.0845065042376518,,,,0.2607915699481964,,0.3999363780021667,0.3631717562675476,0.4069449305534363,0.2958785891532898,0.1772846579551696,-0.0872846692800521
P313,53,165,79.35955273462145,17.11169343684332,Paddy,medium,optical flood + radar growth afterwards (shallow dip),0.85,0.21,7.9,10,,"06-25, 07-07",Review,low,-19.628963470458984,-20.342308044433594,-19.71955108642578,-22.61997985839844,-18.485671997070312,-15.478954315185549,-16.675304412841797,-17.148622512817383,-14.232428550720217,-18.336105346679688,-12.36084270477295,-14.107007026672363,-12.49156093597412,-16.166540145874023,-17.545852661132812,-0.7257614135742188,-0.3835573196411133,-3.0379691123962402,-5.187170028686527,0.42007923126220703,1.8652658462524396,0.8497905731201172,-0.8104534149169922,1.7581353187561017,-3.020773410797119,2.350949764251709,1.1483488082885742,1.7245426177978533,-0.6791496276855469,-0.16239166259765625,-9.982465744018556,-13.739957809448242,-7.903706550598144,-10.708343505859377,-10.015589714050291,-8.166726112365723,-10.629351615905762,-9.3060941696167,-9.873526573181152,-9.886594772338867,-5.810416221618652,-8.705058097839355,-5.637338638305664,-9.064443588256836,-7.7507123947143555,0.2051782310009002,0.2552628517150879,0.1340967416763305,0.2770966291427612,,0.6255898475646973,,0.8484418392181396,,,0.6429020166397095,,0.2770389914512634,0.4247248768806457,0.4078651964664459,-0.0928700491786003,-0.0075466651469469,0.2251438349485397,0.2412658035755157,,0.2973586320877075,,0.4450389444828033,,,0.2806437015533447,,0.0869400426745414,0.0554688945412635,0.0651677548885345
P314,53,165,79.36009172379191,17.10414758845672,Paddy,high,radar dip-and-rise + optical flood within 3 weeks,0.64,0.19,7.4,10,06-25,"06-25, 07-07",Paddy,high,-17.70796775817871,-17.732812881469727,-23.21186256408691,-21.589900970458984,-16.60837745666504,-14.423887252807615,-16.563161849975586,-14.18080997467041,-11.666790008544922,-15.401309967041016,-15.267014503479004,-15.540823936462402,-17.613872528076172,-15.673264503479004,-19.406085968017575,2.4424753189086914,2.225937843322754,-4.283842086791989,-3.188182830810547,2.3734331130981445,2.920332908630373,1.9626331329345703,2.868377685546875,4.3237738609313965,0.2134709358215332,-1.2086877822875977,-0.5190339088439941,-4.121476650238037,0.18120479583740234,-1.255203247070309,-10.21479034423828,-14.467997550964355,-11.892420768737791,-13.456499099731444,-12.712479591369627,-9.689058303833008,-10.043431282043455,-7.172177791595459,-6.797944068908691,-9.477334976196287,-11.138262748718262,-6.052945613861084,-9.512036323547363,-8.116835594177246,-15.833078384399414,0.1901741325855255,0.230367824435234,0.0953909531235694,0.2178036868572235,,0.426613450050354,,0.5478624105453491,,,0.6363082528114319,,0.2033779621124267,0.3091689348220825,0.2755191326141357,-0.0924950242042541,0.0036855158396065,0.2180778980255127,0.2432564496994018,,0.2986279428005218,,0.3644012212753296,,,0.2825518846511841,,-0.0243564303964376,-0.0210070479661226,0.0475457422435283
P315,53,165,79.42207547839617,17.068574303205587,Paddy,high,radar dip-and-rise + optical flood within 3 weeks,0.82,0.18,12.8,11,07-19,"06-25, 07-31",Paddy,high,-17.559846878051758,-17.759096145629883,-15.159638404846191,-14.446861267089844,-24.75958824157715,-18.642559051513672,-25.881946563720703,-18.71665954589844,-16.639495849609375,-16.287776947021484,-15.488622665405272,-13.307971000671388,-15.052508354187012,-13.29493522644043,-10.677728652954102,1.2716073989868164,1.6546821594238281,3.573307991027832,5.966064453125,-7.498299598693848,-3.8832597732543945,-8.998112678527832,-4.3561096191406286,-1.7028403282165527,-0.972445011138916,-1.5572490692138654,1.9110140800476056,-1.694723129272461,2.8505420684814453,7.473154067993164,-7.770195960998535,-7.19680118560791,-7.142933368682861,-9.036715507507324,-15.98479175567627,-18.01190185546875,-12.278894424438477,-12.014606475830078,-10.52788257598877,-9.126337051391602,-8.976635932922363,-10.904282569885254,-11.887216567993164,-10.00307559967041,-8.508344650268555,0.2062419056892395,0.1767143458127975,0.1231932267546653,0.2179079949855804,,0.2771247029304504,,0.5533616542816162,,0.8231730461120605,0.7022082805633545,0.5316664576530457,,0.4556084275245666,0.27165287733078,-0.1434576511383056,-0.1170127391815185,0.1667144298553466,0.0438355728983879,,0.3850962221622467,,0.3262199759483337,,0.3769252002239227,0.3922737240791321,0.3519108891487121,,0.0795855149626731,0.0874890387058258
P316,53,92,79.4975339622622,17.000931162311385,Other kharif crop,high,"clear green-up, no flooding",0.84,0.17,6.5,9,09-17,,Other kharif crop,high,-19.73067855834961,-18.95940589904785,-19.38677978515625,-22.895023345947266,-16.483734130859375,-15.940736770629885,-13.46520709991455,-12.870858192443848,-12.405795097351074,-17.257665634155273,,-13.842400550842283,-12.305536270141602,,-14.985193252563477,-2.0356359481811523,-2.1434125900268555,-0.8106307983398438,-5.053851127624512,-0.5412001609802246,2.532920837402342,6.466137886047363,8.311967849731445,4.88819694519043,-1.1682729721069336,,1.0823373794555682,1.7664780616760254,,0.4685187339782715,-10.144506454467772,-10.347078323364258,-12.857521057128906,-11.495999336242676,-5.106575965881348,-10.319754600524902,-7.707652568817139,-4.587215900421143,-9.714111328125,-8.044473648071289,,-6.490903377532959,-6.602291584014893,,-10.355997085571287,0.188960313796997,0.1429531723260879,,0.1343826651573181,,0.3499015569686889,,0.5213038325309753,,0.4616090953350067,0.4977149963378906,,,0.8358700275421143,0.7982779145240784,-0.2086211740970611,-0.2912803590297699,,-0.1747694611549377,,-0.0041947900317609,,0.1624606996774673,,-0.0346335619688034,0.0382486060261726,,,0.3589959442615509,0.3378510177135467
P317,53,165,79.37383594763895,17.10091365343389,Paddy,medium,optical flood + radar growth afterwards (shallow dip),0.75,0.14,12.3,8,"11-04, 11-16","06-13, 07-07",Review,low,-30.03083038330078,-24.145097732543945,-25.741823196411133,-23.246315002441406,-19.69855499267578,-16.045881271362305,-16.93610954284668,-17.52348518371582,-15.64174747467041,-15.22935390472412,-15.832627296447754,-15.204243659973145,-13.217448234558104,-25.87763786315918,-29.064857482910156,-10.443441390991211,-5.428095817565918,-6.813802719116211,-3.136847496032715,-2.2275896072387695,-0.15767478942871094,0.45858287811279297,-1.5087776184082031,0.0553431510925293,0.4714050292968768,-1.7743005752563477,-0.1228952407836914,0.998655319213869,-10.390247344970703,-11.464788436889648,-16.198226928710938,-14.629128456115724,-17.390338897705078,-9.881155967712402,-11.974435806274414,-12.369711875915527,-10.273078918457031,-11.53676700592041,-10.802251815795898,-9.775733947753906,-10.314626693725586,-5.157095432281494,-5.126979351043701,-15.641932487487791,-11.85702419281006,0.2159424722194671,0.0540768876671791,,0.3122224807739258,,,,0.7535682320594788,,,0.4392665028572082,,0.2016779780387878,0.0359964519739151,0.1350079476833343,0.081539511680603,0.2791721224784851,,0.287091314792633,,,,0.4287391901016235,,,0.1614775657653808,,0.1986620426177978,0.6664596796035767,0.3880338370800018
P318,53,165,79.42935183219753,17.008746505283227,Review,low,radar dip-and-rise; optical inconclusive,0.82,0.44,5.0,8,"07-19, 10-23",,Other kharif crop,high,-18.033945083618164,-18.946807861328125,-15.752644538879396,-19.38066291809082,-19.60776710510254,-14.949532508850098,-14.394904136657717,-14.089037895202637,-16.460403442382812,-17.056974411010742,-12.619646072387695,-15.63600254058838,-16.683029174804688,-15.84434700012207,-15.27338981628418,-0.6090364456176758,-1.2008533477783203,3.933388710021971,-1.1334638595581055,-2.6853466033935547,0.8128852844238281,2.4889297485351545,1.4472103118896484,-1.340712070465088,-0.6893453598022461,2.9309988021850586,-0.6142125129699725,-3.4034805297851562,-0.2550835609436035,2.877492904663086,-9.89402198791504,-12.24365234375,-9.646646499633787,-10.22200870513916,-9.115520477294922,-12.116473197937012,-12.593408584594728,-10.350202560424805,-10.137593269348145,-8.82555103302002,-8.027331352233887,-11.669031143188477,-7.818126201629639,-7.899097442626953,-9.759812355041504,0.2716714739799499,0.4576189815998077,0.4425556659698486,0.1883421540260315,,,,0.5358656048774719,,,0.8176136612892151,,,0.4645982682704925,0.3084022998809814,-0.0401140786707401,0.02582398802042,0.2169676423072815,0.0971552282571792,,,,0.2447575032711029,,,0.3049802780151367,,,-0.0683583989739418,-0.1343918442726135
P319,54,165,79.54685147136037,17.514857336356165,Review,low,radar dip but optical shows dry soil soon after,0.86,0.25,7.9,9,06-25,,Other kharif crop,high,-18.36550521850586,-19.79450225830078,-19.688764572143555,-22.465742111206055,-23.539012908935547,-19.551408767700195,-18.377721786499023,-17.576950073242188,-14.669685363769531,-12.750755310058594,-16.139997482299805,-14.675511360168455,-14.538719177246094,-17.19916343688965,-13.857525825500488,-0.4675912857055664,-1.5724105834960938,-6.779522895812988,-3.5559253692626953,-6.886065483093262,-1.847757339477539,-1.6177968978881836,-2.74489164352417,0.47826385498046875,2.1866283416748047,-1.0624380111694336,-0.3167119026184064,-0.9198756217956543,-1.5081067085266113,2.614638328552246,-9.66795539855957,-9.422813415527344,-15.741866111755373,-9.552387237548828,-10.98477840423584,-9.570314407348633,-6.797580718994141,-7.222965240478516,-9.685676574707031,-7.733102798461914,-10.270902633666992,-10.537832260131836,-8.577488899230957,-12.584280967712402,-12.519267082214355,0.2546135783195495,,,0.2466835975646972,,,0.554588258266449,,0.4877299964427948,0.7877300977706909,0.8613625764846802,,0.7124325037002563,0.4851689636707306,0.3660388588905334,-0.1653565168380737,,,0.078752689063549,,,0.142362967133522,,0.3130933344364166,0.3623538911342621,0.3490020334720611,,0.2670169174671173,0.065044417977333,-0.0374798513948917
P320,54,165,79.45872674198824,17.454490549263333,Other kharif crop,medium,"moderate green-up, no flooding",0.45,0.35,3.9,13,"07-19, 09-29",,Other kharif crop,medium,-15.832545280456545,-18.590253829956055,-11.64883041381836,-15.323050498962402,-18.268327713012695,-12.303914070129396,-17.60053062438965,-13.67930030822754,-10.733528137207031,-14.71539306640625,-17.28263282775879,-14.542336463928224,-17.746212005615234,-16.535287857055664,-16.581239700317383,2.306088447570799,-0.6628961563110352,4.190128326416016,3.652163505554199,-0.8390340805053711,3.9919834136962873,-0.8406057357788086,0.3036184310913068,5.431412696838379,-0.2175893783569336,-1.543778419494629,0.24629735946655096,-4.127368450164795,-1.3230457305908203,0.025778770446777344,-3.787191867828369,-4.650513648986816,-0.388043999671936,-0.959585189819336,-6.084275245666504,-9.044966697692873,-5.964544296264648,-6.652637958526611,-3.6264641284942623,-6.249420166015625,-5.178369998931885,-6.374422073364258,-5.818273067474365,-6.366176605224609,-10.42390251159668,0.3690178990364074,0.3297134637832641,,0.3945712149143219,0.266583114862442,0.3584707975387573,0.4488628208637237,0.432791531085968,,0.4245469570159912,0.4103326499462127,0.4317245781421661,0.4451525807380676,0.4539009034633636,0.4063082933425903,-0.0183736700564622,-0.0287383813410997,,0.0347315184772014,0.1339114904403686,0.1250861287117004,0.07247956097126,0.0433391854166984,,0.0156089402735233,0.0298494044691324,0.0559033937752246,0.0104661425575613,0.03269749507308,0.021494198590517
P321,54,165,79.42450092966328,17.481170513201683,Other kharif crop,high,"clear green-up, no flooding",0.63,0.42,4.9,12,"07-31, 09-17",,Other kharif crop,high,-14.04842472076416,-15.56727123260498,-11.659502029418944,-13.070072174072266,-12.378268241882324,-14.742624282836914,-13.730005264282228,-10.38542938232422,-12.343031883239746,-14.533032417297363,-12.587504386901855,-13.368221282958984,-13.743512153625488,-16.41079330444336,-18.125808715820312,4.149493217468262,3.6884918212890625,5.041584968566896,5.905141830444336,5.760308265686035,1.4634904861450195,3.4752502441406232,4.736694335937498,3.383774757385254,-0.03347063064575195,3.1513500213623047,1.420412540435791,0.7222552299499512,0.001033782958984375,-1.721975326538086,-11.33668041229248,-9.622031211853027,-9.299358367919922,-8.633052825927734,-4.762170314788818,-5.196702480316162,-7.827289581298828,-5.5461320877075195,-8.405524253845215,-8.70915412902832,-10.377660751342772,-6.67097806930542,-8.23454761505127,-11.131871223449709,-11.38169002532959,0.5026924014091492,0.4037259221076965,0.4220448732376098,0.4508240818977356,,0.3369415998458862,0.4861237704753876,0.5557131171226501,,,0.6256795525550842,0.3907477855682373,0.592699408531189,0.5071636438369751,0.4995549321174621,0.0661685392260551,0.0076769152656197,0.0574342645704746,0.0477626770734787,,0.1435558199882507,0.1498737335205078,0.1021708846092224,,,0.1240700930356979,0.0453288108110427,0.1500622034072876,0.1997381150722503,0.205635517835617
P322,54,165,79.46869804164197,17.435625928296822,Review,low,radar dip but optical shows dry soil soon after,0.63,0.1,8.0,11,06-13,,Review,low,-18.34950828552246,-25.249771118164062,-17.06850242614746,-21.548097610473633,-21.842632293701172,-19.146459579467773,-17.473909378051758,-13.757667541503906,-16.470605850219727,-13.149499893188477,-18.167949676513672,-15.23306655883789,-16.574613571166992,-16.786949157714844,-17.046337127685547,-0.5032644271850586,-7.385798454284668,-2.8092522621154785,-3.6486616134643555,-3.7040557861328125,-2.85056209564209,-0.6506738662719727,1.0352072715759277,-1.0859012603759766,1.47471284866333,-2.4290952682495117,-0.7378125190734863,-2.9557700157165527,-1.57470703125,-0.5741729736328125,-8.107620239257812,-9.47457504272461,-3.346654176712036,-9.57252597808838,-3.7801878452301025,-7.137612342834473,-7.355731964111328,-4.807480335235596,-8.404576301574707,-6.646604537963867,-6.220051288604736,-6.761931896209717,-5.278697967529297,-9.519379615783691,-8.622323989868164,0.1520261913537979,0.086124338209629,0.1002298593521118,0.1392950713634491,,0.2874631881713867,0.4725050628185272,0.4915425777435303,,,0.5254120826721191,0.4856841266155243,,0.634164571762085,0.6040135622024536,-0.1957791149616241,-0.150711253285408,-0.0890798866748809,-0.1414664983749389,,0.0309097860008478,0.1632459461688995,0.0879720151424408,,,0.1019602119922638,0.0641043111681938,,0.1066476702690124,0.1254431903362274
P323,54,165,79.46196067701106,17.430505531177342,Other kharif crop,high,"clear green-up, no flooding",0.66,0.16,6.9,12,,,Other kharif crop,high,-18.509109497070312,-22.32672119140625,-18.040048599243164,-19.687957763671875,-15.644364356994627,-15.542766571044922,-14.992667198181152,-12.70835304260254,-15.594337463378906,-13.749577522277832,-15.831833839416504,-14.448171615600586,-13.824419975280762,-13.987780570983888,-13.013568878173828,-1.6449918746948242,-4.4627485275268555,-2.234799385070801,0.19620800018310547,4.555427551269533,1.0001649856567383,1.7672576904296875,1.0101308822631818,0.2285013198852539,0.8746352195739746,-0.6979374885559082,-0.3054628372192383,0.24933576583862305,1.8217711448669416,3.4585952758789062,-8.735757827758789,-10.611154556274414,-6.89767599105835,-7.047628402709961,-8.936731338500977,-7.501155376434326,-5.8741631507873535,-7.33525800704956,-5.9343414306640625,-7.011176109313965,-8.412683486938477,-10.091191291809082,-4.988591194152832,-7.6210036277771,-7.620857238769531,0.163601279258728,0.1056902408599853,0.1817024499177932,0.174832597374916,,0.4237977564334869,0.5929954051971436,0.5481373071670532,,,0.366272509098053,0.4127737581729889,0.6576183438301086,0.634232759475708,0.495878666639328,-0.1059457212686538,-0.109144777059555,-0.072811834514141,-0.0963836833834648,,0.0916027873754501,0.2489815652370453,0.1199038848280906,,,-0.0393221527338027,-0.0101267406716942,0.1080178469419479,0.1165825203061103,0.1305285692214965
P324,54,165,79.4290823376123,17.509467444651445,Perennial,medium,green from June and stable radar all season,0.85,0.46,1.4,14,,,Review,low,-14.678138732910156,-14.7300443649292,-12.6442289352417,-16.681676864624023,-16.041112899780273,-15.574912071228027,-16.045940399169922,-16.03607749938965,-17.85126304626465,-15.382049560546877,-15.645874977111816,-14.702337265014648,-13.49417495727539,-15.09374713897705,-16.360755920410156,3.4604949951171875,3.9235944747924805,3.194729804992676,2.293537139892578,2.097463607788086,0.7209854125976562,1.4912796020507812,-2.053158760070801,-2.4665584564208984,-0.9736680984497088,0.2927279472351074,0.07288360595703125,0.6200346946716309,1.2558326721191406,0.1533193588256836,-5.551451683044434,-8.21707534790039,-7.383626937866211,-9.19468116760254,-7.5173139572143555,-5.882075786590576,-7.398791313171387,-6.285197734832764,-9.586979866027832,-9.096287727355955,-5.508526802062988,-7.337252616882324,-8.923959732055664,-10.054031372070312,-8.471933364868164,0.6409105062484741,0.2885240018367767,,0.4528350532054901,0.2677956521511078,0.2386112809181213,0.4450936019420624,0.467438131570816,0.6218156814575195,0.753898561000824,0.8366466164588928,0.746986448764801,0.8525998592376709,0.7531785368919373,0.5963225960731506,0.2300789654254913,0.0078539494425058,,0.036172617226839,0.156041532754898,0.0821268782019615,0.1433341205120086,0.2519330680370331,0.2370279878377914,0.1663568466901779,0.1812156289815902,0.3233857750892639,0.3023442327976227,0.2903507351875305,0.2054326236248016
P325,55,92,79.49645598392127,16.78210155909987,Other kharif crop,high,"clear green-up, no flooding",0.61,0.32,3.9,12,,,Other kharif crop,high,-17.369701385498047,-15.68296718597412,-17.311485290527344,-18.071117401123047,-17.924684524536133,-15.55119800567627,-15.672720909118652,-18.96691513061523,-17.127309799194336,-13.950017929077148,,-14.030534744262695,-14.23394775390625,,-15.732975959777832,0.43377685546875,0.6565961837768572,0.4299287796020508,-1.466313362121582,-3.1166234016418457,3.1559829711914062,3.1978588104248047,-0.792195320129391,0.7311372756958008,3.820354461669922,,2.4922571182250977,0.4118800163269043,,-0.32619667053222656,-8.775981903076172,-8.629201889038086,-10.180537223815918,-11.185787200927734,-8.101885795593262,-8.955406188964844,-9.414633750915527,-8.343791961669922,-8.147000312805176,-8.37454891204834,,-7.261218070983887,-7.506580829620361,,-8.992393493652344,0.3166590332984924,0.3483538627624511,0.1697805076837539,0.1389231383800506,,0.2067445665597915,,0.4550966620445251,,0.5466577410697937,0.6063333749771118,0.5563154816627502,0.6148882508277893,0.5282478928565979,0.3356428146362304,0.001727444352582,0.0317801125347614,0.0406916737556457,-0.0486091747879982,,0.0653493106365203,,0.1753994971513748,,0.1932130455970764,0.2171525508165359,0.2523014843463897,0.2378544211387634,0.1928232312202453,0.0295751877129077
P326,55,165,79.40213287908871,16.877502642273363,Other kharif crop,high,"clear green-up, no flooding",0.54,0.44,4.2,9,,,Other kharif crop,high,-16.452550888061523,-19.05756568908691,-14.774049758911133,-14.141864776611328,-13.81742000579834,-11.680713653564451,-15.19321346282959,-14.558900833129885,-13.559709548950195,-15.582935333251951,-13.30831241607666,-14.35517406463623,-16.63829231262207,-16.37633514404297,-16.686363220214844,-0.8341922760009766,-1.9017009735107386,-0.8700156211853027,2.544947624206543,3.601947784423828,6.786422729492189,4.235989570617676,4.0549488067626935,3.12362003326416,-0.13489341735839666,0.9983506202697754,-0.7241129875183105,-2.4904723167419434,-0.3177986145019531,-1.8985342979431152,-11.190343856811523,-10.602494239807127,-7.423177242279053,-11.147124290466309,-8.085890769958496,-6.433216571807861,-8.072592735290527,-8.332603454589844,-6.76831579208374,-7.410443305969238,-6.977848529815674,-10.288190841674805,-7.334015369415283,-8.293492317199707,-9.407089233398438,0.3854112327098846,0.4889996647834778,,0.4466468393802643,,0.4975256025791168,,0.5358267426490784,,,0.5401849150657654,0.3507241904735565,,0.2733333706855774,0.3115286827087402,0.0173832736909389,0.0070509607903659,,0.0649532303214073,,0.1750172674655914,,0.1835099905729293,,,0.0855459794402122,0.0038859834894537,,-0.1566904485225677,-0.1320773512125015
P327,55,165,79.40374984660012,16.848666721653128,Other kharif crop,high,"clear green-up, no flooding",0.84,0.4,2.5,8,09-05,,Other kharif crop,high,-14.64402675628662,-15.310564994812012,-13.420987129211426,-17.047733306884766,-13.212604522705078,-13.76187515258789,-13.152628898620604,-12.92995834350586,-16.658321380615234,-12.417106628417969,-13.314539909362791,-12.85457706451416,-12.908761024475098,-16.7462215423584,-13.674091339111328,1.9497365951538104,2.810802459716797,1.4322710037231445,-0.28752708435058594,4.20676326751709,4.70526123046875,5.245995521545412,4.527223587036133,-1.1586241722106934,3.291630268096924,0.7702398300170916,1.1164131164550781,2.144918918609619,-1.4049444198608398,1.1137375831604004,-7.619167327880859,-7.924754619598389,-5.614436626434326,-6.632909297943115,-9.215107917785645,-7.522696018218994,-7.231105804443359,-9.528387069702148,-8.35201358795166,-9.6848783493042,-6.787700653076172,-7.493860721588135,-9.557031631469728,-8.426815032958984,-8.440374374389648,0.3850979804992676,0.4201884567737579,,0.2742277085781097,,0.4841612875461578,,0.7074783444404602,,,0.8416706323623657,,,0.7068681716918945,0.6662171483039856,-0.0076226913370192,-0.0093997996300458,,0.1071585863828659,,0.2754313349723816,,0.3408157229423523,,,0.380729079246521,,,0.2485236823558807,0.2333444058895111
P328,55,92,79.51046970235352,16.766740367741427,Other kharif crop,high,"clear green-up, no flooding",0.81,0.33,7.6,10,,,Review,low,-19.731868743896484,-16.541534423828125,-20.902435302734375,-18.229276657104492,-15.42288589477539,-22.3497257232666,-20.635883331298828,-25.837854385375977,-21.74905586242676,-17.261781692504883,,-16.35999870300293,-14.203569412231444,,-15.310340881347656,-3.168633460998535,-0.7415766716003436,-3.6553125381469727,-1.6982545852661133,-0.7513184547424316,-4.1971435546875,-4.125670433044434,-7.844686508178711,-4.951840400695804,-1.1013288497924805,,-1.1071300506591797,0.18281459808349787,,0.09643840789794922,-11.852232933044434,-9.68349838256836,-10.107129096984863,-11.381540298461914,-6.412919521331787,-7.306169509887695,-11.793412208557127,-10.411480903625488,-7.877513885498047,-9.716550827026367,,-10.753545761108398,-10.763345718383787,,-12.417325973510742,0.3296422958374023,0.4256263673305511,0.1856875121593475,0.1325015276670456,,0.1355957090854644,,0.5089611411094666,,,0.8141058683395386,0.8011575937271118,,0.7665311098098755,0.5227445960044861,0.011022537946701,0.1023006960749626,-0.0164095032960176,0.0011902917176485,,-0.1455002725124359,,0.2845306992530823,,,0.3556671738624573,0.383055031299591,,0.4196251034736633,0.1821436136960983
P329,55,92,79.47516591168763,16.888551920268032,Other kharif crop,high,"clear green-up, no flooding",0.6,0.41,3.1,10,,,Other kharif crop,high,-15.078346252441406,-14.460323333740234,-15.237258911132812,-15.442549705505373,-14.427376747131348,-13.926336288452148,-15.015652656555176,-14.26278018951416,-14.644638061523438,-14.50121021270752,,-12.057190895080566,-12.538066864013672,,-15.35271167755127,3.14016056060791,1.8999814987182617,3.4732227325439453,2.8967618942260724,0.7995481491088867,4.81523323059082,1.9921083450317383,4.239042282104492,2.431769371032715,1.5881824493408203,,2.1781415939331055,1.9096612930297852,,0.07981491088867188,-4.520864963531494,-5.732527732849121,-6.850305557250977,-7.04341459274292,-5.64087438583374,-7.622490406036377,-4.003192901611328,-4.115665435791016,-7.108432769775391,-6.263635158538818,,-5.109970569610596,-4.88284969329834,,-6.886462211608887,0.4216407537460327,0.3887993991374969,,0.4103676676750183,,0.3545699417591095,0.5093055963516235,0.5125434398651123,,0.5360995531082153,0.5599957704544067,,,0.6034409403800964,0.4706408381462097,0.0680829435586929,0.0199403967708349,,0.0910469442605972,,0.0850653126835823,0.0973426401615142,0.1770374625921249,,0.1861590594053268,0.1306848227977752,,,0.1430645883083343,0.0731317773461341
P330,55,165,79.4651946120339,16.878850115199544,Paddy,high,radar dip-and-rise + optical flood within 3 weeks,0.85,0.36,8.0,13,07-31,07-31,Paddy,high,-17.165639877319336,-18.77164077758789,-15.045156478881836,-16.047208786010742,-15.867565155029297,-24.07529640197754,-20.94119453430176,-18.400978088378903,-16.708337783813477,-14.765832901000977,-13.861272811889648,-14.533376693725586,-14.52244758605957,-15.370851516723633,-10.48212432861328,-0.6542463302612305,-1.1255378723144531,-1.1180529594421387,1.2939071655273438,1.4008302688598633,-7.720674991607666,-4.6546745300293,-0.674214363098141,-0.14897537231445312,0.942903995513916,0.4149484634399414,-0.2549409866333008,0.5022244453430176,0.7394895553588867,4.642670631408693,-10.38010311126709,-11.115555763244627,-7.76943826675415,-10.045623779296877,-4.387134552001953,-11.921405792236328,-11.090983390808104,-7.110068321228027,-10.751797676086426,-8.316268920898438,-10.99411964416504,-9.19460678100586,-8.7064208984375,-8.93083667755127,-8.875571250915527,0.3839856386184692,0.3372353017330169,,0.2988818287849426,0.1781524568796157,0.1497505158185959,0.4124690294265747,0.6073870658874512,,0.8475732207298279,0.8539944291114807,0.8236070871353149,0.7150149345397949,0.7190321087837219,0.4053148925304413,-0.0179965309798717,-0.0391791611909866,,-0.0014246869832277,0.0272296909242868,0.1542254090309143,0.1007664278149604,0.3049869835376739,,0.3850506842136383,0.3641080558300018,0.4055393934249878,0.3318060636520386,0.3207961022853851,0.0413903146982193
P331,56,165,79.56194316813357,17.446944700876728,Review,low,radar dip but optical shows dry soil soon after,0.89,0.34,8.3,11,"07-31, 08-12",,Review,low,-18.230939865112305,-14.34057903289795,-13.174254417419434,-13.85242748260498,-16.849761962890625,-24.381351470947266,-22.1131649017334,-15.906449317932127,-13.538177490234377,-15.254596710205078,-16.045372009277344,-16.700443267822266,-11.5131254196167,-14.780624389648438,-16.767126083374023,-0.23239994049072266,4.19061279296875,2.6309947967529297,5.5478410720825195,3.350332260131836,-5.032417297363281,-5.21415901184082,-0.07916879653930486,1.6097717285156232,-1.093381404876709,-0.8748331069946289,-2.341643810272217,2.6684441566467285,1.6312026977539062,-0.29496192932128906,-8.676554679870605,-9.963507652282717,-9.020217895507812,-9.064797401428224,-13.758069038391112,-12.755759239196776,-8.55078125,-11.469087600708008,-8.577960968017578,-11.351645469665527,-12.76114273071289,-9.460139274597168,-9.250561714172363,-11.085991859436035,-10.114251136779783,0.3447329401969909,,,0.2762308418750763,,,0.3060274720191955,0.4984904527664184,0.624014139175415,0.7876220345497131,0.8886697292327881,0.7648298144340515,0.4857708513736725,0.4909692704677582,0.2409775406122207,-0.0997176319360733,,,0.0153711102902889,,,0.16480553150177,0.3437040746212005,0.425785630941391,0.3289975821971893,0.3999553024768829,0.3995425701141357,0.1478177160024643,0.0125623326748609,-0.039014533162117
P332,56,165,79.5786518324182,17.495453726219182,Paddy,high,radar dip-and-rise + optical flood within 3 weeks,0.84,0.28,7.6,10,07-31,"07-19, 08-12",Paddy,high,-17.95075225830078,-18.264442443847656,-12.176544189453123,-18.97004508972168,-14.67629337310791,-21.85355567932129,-17.66691780090332,-20.135005950927734,-18.107027053833008,-19.91905975341797,-14.071972846984863,-14.269427299499512,-11.610705375671388,-12.561430931091309,-14.49832534790039,-0.0050506591796875,0.12055492401123047,2.082705974578859,0.29872798919677734,2.88275146484375,-4.149904251098633,-0.9069929122924805,-5.302947521209717,-3.4214038848876953,-5.294847011566162,1.6668815612792969,0.22582674026489258,2.1732606887817365,3.788148880004883,1.9738388061523438,-10.420693397521973,-12.511252403259276,-5.302454471588135,-9.566377639770508,-12.13074016571045,-13.544767379760742,-9.855754852294922,-11.524608612060549,-10.600104331970217,-9.711030960083008,-10.03096866607666,-10.398821830749512,-7.431168079376221,-9.28855800628662,-10.556818008422852,0.2839983701705932,,,0.2803072035312652,0.2122484743595123,,0.3130624890327453,0.4873892962932586,,,0.8216724395751953,0.8408360481262207,0.7728369832038879,0.6305561065673828,0.393668383359909,-0.1113133355975151,,,0.0151782501488924,0.2227908670902252,,0.2659027874469757,0.2248619943857193,,,0.3480961322784424,0.3944527804851532,0.3629100620746612,0.268287181854248,0.0527229830622673
P333,56,92,79.60991320430556,17.49114181285541,Paddy,medium,optical flood + radar growth afterwards (shallow dip),0.82,0.34,4.0,12,,"07-19, 07-31, 08-12",Review,low,-21.03538703918457,-18.204187393188477,-16.54627227783203,-16.3530330657959,-16.609115600585938,-20.243602752685547,-21.47591781616211,-18.91478157043457,-18.01805877685547,-18.335918426513672,,-16.910472869873047,-15.637563705444336,,-18.229656219482425,-5.468938827514648,-0.09105777740478516,0.041861534118652344,0.8404502868652344,-1.30157470703125,-4.032496452331543,-6.075888633728027,-4.773697376251221,-1.5134286880493164,-1.0626611709594727,,-2.418330192565918,-2.042349338531494,,-3.3137483596801793,-12.6848783493042,-12.494596481323242,-9.874293327331545,-11.089415550231934,-7.097878456115723,-12.573826789855955,-11.21693229675293,-6.39970588684082,-7.916208744049072,-6.538118362426758,,-10.138195991516112,-8.8807954788208,,-10.660399436950684,0.3424994647502899,,,0.3623569309711456,0.2200323641300201,0.1604556888341903,0.2000196129083633,0.5877736806869507,,0.6592992544174194,0.8168717622756958,0.7864870429039001,0.6465170383453369,0.5182700753211975,0.3526648879051208,-0.1278630048036575,,,0.1608432680368423,0.185253620147705,0.2399621456861496,0.2490480691194534,0.316495418548584,,0.4079031348228454,0.3061553835868835,0.345088243484497,0.3168931603431701,0.1478301733732223,-0.0377310961484909
P334,56,165,79.51882403449584,17.415144339818898,Paddy,high,radar dip-and-rise + optical flood within 3 weeks,0.82,0.44,11.4,14,07-07,"07-07, 07-19, 07-31",Paddy,high,-18.046327590942383,-17.137691497802734,-15.344245910644531,-24.624740600585938,-24.903030395507812,-26.207286834716797,-18.96040916442871,-19.61196517944336,-16.51336669921875,-17.208566665649414,-13.469470977783203,-13.743081092834473,-13.415746688842772,-16.288366317749023,-16.446910858154297,-0.09812355041503906,1.3935003280639648,1.3231315612792969,-5.2244720458984375,-5.0818586349487305,-7.987236022949219,-2.773921012878418,-5.893481254577637,-1.5960640907287598,-2.690852642059326,2.4691319465637207,0.4642963409423828,1.182307720184328,-1.3251619338989258,0.22727203369140625,-10.414801597595217,-9.816567420959473,-7.944521903991699,-14.471672058105469,-12.102875709533691,-10.91617202758789,-7.967627048492432,-8.260611534118652,-7.623526096343994,-6.31772518157959,-9.957283973693848,-9.66965103149414,-7.599173069000244,-10.10693359375,-10.02566146850586,0.4759728014469147,0.4404207170009613,0.1344514787197113,0.1711236387491226,0.1617484837770462,0.1334788650274276,0.4804503321647644,0.7388467192649841,,0.8194301128387451,0.8122626543045044,0.6577816009521484,0.2526270151138305,0.2559269368648529,0.2315331548452377,-0.0032478938810527,0.0722056254744529,0.080672487616539,0.2135874181985855,0.1890597194433212,0.2175560295581817,0.3119980692863464,0.3080862462520599,,0.4064830243587494,0.3722703456878662,0.3263730108737945,-0.0595210008323192,-0.1446978151798248,-0.1282126605510711
P335,56,92,79.61072168806126,17.371755711595924,Perennial,medium,green from June and stable radar all season,0.82,0.6,3.7,10,,,Review,low,-12.539770126342772,-15.212969779968262,-14.530028343200684,-15.321961402893066,-17.33209228515625,-17.571395874023438,-12.56560230255127,-14.479183197021484,-13.687910079956056,-13.600382804870604,,-13.65724754333496,-14.144493103027344,,-13.975842475891112,3.02667808532715,3.0004119873046875,2.0531625747680664,1.7917442321777344,-2.0245513916015625,-0.3392295837402344,3.3273444175720215,0.5738539695739746,3.3380956649780256,4.077980041503908,,1.7662820816040057,-0.549278736114502,,1.4292035102844238,-11.89398956298828,-10.902671813964844,-10.186445236206056,-9.231563568115234,-9.441887855529783,-8.967124938964844,-10.575519561767578,-9.61422061920166,-7.938064575195312,-8.424463272094727,,-7.679291725158691,-8.617018699645996,,-8.40699291229248,0.6025453209877014,,,0.4244151413440704,0.416371613740921,0.5094754695892334,,,,0.7073526382446289,0.8154339790344238,0.7509414553642273,0.6957710981369019,0.696353554725647,0.6562232971191406,0.0759077742695808,,,0.1949705481529235,0.228946253657341,0.2469849586486816,,,,0.2524906098842621,0.2714270949363708,0.2320154756307602,0.2478730082511901,0.1707910299301147,0.1211920157074928
P336,56,92,79.62985580361301,17.3588199715046,Review,low,radar dip-and-rise; optical inconclusive,0.62,0.62,6.6,8,"08-12, 08-24, 10-11",,Review,low,-17.287023544311523,-23.058170318603516,-19.87446403503418,-20.455612182617188,-17.740903854370117,-20.964448928833008,-26.21913146972656,-29.771942138671875,-26.47063446044922,-25.238712310791016,,-26.789810180664062,-25.83945655822754,,-24.73955345153809,-2.2765402793884277,-5.807194709777832,-3.4497175216674805,-3.3419065475463867,-2.4333629608154297,-4.3694047927856445,-10.819102287292477,-15.818543910980225,-10.16350269317627,-7.965455055236816,,-12.297667503356934,-12.244242191314697,,-9.823645591735843,-11.591912269592283,-12.196240425109863,-13.044961929321287,-9.802478790283203,-9.686415672302246,-10.095335006713867,-19.0307559967041,-16.934988021850586,-17.231542587280273,-15.740178108215332,,-19.30959129333496,-19.368825912475582,,-14.933038711547852,0.6156978607177734,,,0.3835546672344208,0.3148789405822754,0.4423273801803589,,,,,0.4146531522274017,,0.3087247610092163,0.5102362036705017,0.4996538162231445,0.0970333740115165,,,0.0581292957067489,0.1232474595308303,0.0174048785120248,,,,,0.1906201690435409,,0.1433446854352951,0.3798799812793731,0.3630410432815552
P337,57,165,78.977409412757,17.342650296390453,Review,low,optical flood without radar growth afterwards,0.87,0.18,4.6,13,07-31,07-31,Review,low,-21.288982391357425,-16.788055419921875,-12.224554061889648,-18.790678024291992,-17.282867431640625,-19.47393035888672,-18.99012565612793,-14.707801818847656,-16.03502082824707,-15.133220672607422,-16.46912384033203,-15.058247566223145,-14.331552505493164,-15.3085298538208,-14.410216331481934,-2.4412460327148473,0.3291025161743164,4.3804216384887695,0.9734220504760742,0.8963680267333984,-3.8694190979003906,-3.0299668312072754,1.293252944946289,-0.5131845474243164,-0.6119990348815918,-0.6534948348999023,-1.3264236450195312,-0.30852270126342773,-0.3372507095336914,1.2541742324829102,-11.277185440063477,-10.423426628112791,-4.862728118896484,-9.447183609008787,-8.461847305297852,-8.909677505493164,-8.543508529663086,-8.202139854431152,-8.191339492797852,-7.454263210296631,-8.48633861541748,-9.65623664855957,-6.964637756347656,-8.69051742553711,-7.352401256561279,0.205244705080986,0.1533944904804229,,0.2221699357032776,0.2752546370029449,0.2458164095878601,0.6075222492218018,0.6040915250778198,0.7502442002296448,,0.8672675490379333,0.680212140083313,0.6356244683265686,0.6831088066101074,0.5077860951423645,-0.1173251122236251,-0.1421425193548202,,0.0077151805162429,0.1832375526428222,0.2442220151424408,0.2083845287561416,0.2602916359901428,0.4173437654972076,,0.4059200286865234,0.367324024438858,0.3236543536186218,0.3057580888271332,0.1927557438611984
P338,57,165,79.03966266194648,17.450448130484794,Other kharif crop,high,"clear green-up, no flooding",0.65,0.35,4.2,12,"08-12, 09-17",,Review,low,-16.03533172607422,-21.12141990661621,-15.041481971740724,-17.829341888427734,-13.298547744750977,-15.625533103942873,-18.113279342651367,-14.55023956298828,-14.12238311767578,-16.56267738342285,-17.093883514404297,-15.208465576171877,-14.365626335144045,-12.264070510864258,-16.585683822631836,2.804165840148926,0.4124746322631836,1.6579265594482404,1.5298967361450195,3.887711524963379,-0.11661005020141957,-2.2895326614379883,1.7314586639404315,1.024130344390871,-3.494879722595215,-2.561004638671875,-1.3379139900207537,0.028732776641843927,2.1989479064941406,-0.8475556373596191,-10.88661289215088,-11.627352714538574,-8.151606559753418,-12.1930570602417,-10.176505088806152,-8.290913581848145,-9.698246955871582,-9.530412673950195,-10.460528373718262,-10.647629737854004,-10.02273941040039,-9.97573184967041,-8.728511810302734,-10.63353157043457,-10.98013973236084,0.3669389188289642,0.3413165211677551,,0.3901552557945251,0.4912203848361969,0.6372653841972351,0.5861824154853821,0.5815086364746094,,,0.6495488286018372,0.5043840408325195,0.6001361012458801,0.4945985674858093,0.373483657836914,-0.1184556037187576,-0.1393924951553344,,-0.0542348660528659,0.069373533129692,0.1957090646028518,0.1633209437131881,0.1328898668289184,,,0.0904742106795311,0.0323342531919479,0.1815091371536255,0.1006572023034095,0.0364182293415069
P339,57,165,79.11134822161922,17.402208599727576,Review,low,radar dip but optical shows dry soil soon after,0.71,0.28,8.2,13,06-25,,Other kharif crop,high,-18.919313430786133,-21.359798431396484,-21.36176490783691,-20.02847671508789,-16.942638397216797,-15.126508712768556,-14.704437255859377,-15.85211181640625,-14.73610019683838,-12.8639497756958,-13.464406967163086,-13.15028190612793,-14.190601348876951,-15.72886085510254,-15.649433135986328,-1.2111988067626953,-2.2818212509155273,-5.905251026153561,-1.5440263748168945,1.0378389358520508,2.7205610275268537,2.8394289016723615,0.801203727722168,0.39074802398681463,2.1096959114074707,1.3405547142028809,0.9381179809570312,0.979255676269533,-1.1471958160400408,0.46100473403930664,-12.828088760375977,-13.078181266784668,-9.464463233947754,-13.820883750915527,-10.57065200805664,-9.850950241088867,-9.257049560546877,-10.562094688415527,-9.53842067718506,-8.713339805603027,-10.632678031921388,-8.363840103149414,-7.960692405700684,-10.68405818939209,-10.2426118850708,0.222487598657608,0.2764555513858795,0.312514066696167,0.3997518122196197,0.369469553232193,0.4393520653247833,0.5711234211921692,0.5895330905914307,,0.6595611572265625,0.7050696015357971,0.5185824632644653,,0.5419411063194275,0.4658922553062439,-0.1931223422288894,-0.1398140788078308,-0.0590080097317695,-0.0393323525786399,0.0639412850141525,0.1062580198049545,0.183063119649887,0.1320137679576873,,0.1306684613227844,0.1224153786897659,0.0534497238695621,,-0.0477187149226665,-0.0584835596382617
P340,57,165,79.1067668136702,17.447214195461964,Other kharif crop,high,"clear green-up, no flooding",0.68,0.14,9.2,13,,,Other kharif crop,high,-21.713274002075195,-23.574617385864254,-15.871545791625977,-18.47910499572754,-17.644962310791016,-19.01839828491211,-19.209089279174805,-18.658676147460938,-15.02784824371338,-13.055747985839844,-16.14141273498535,-13.790771484375,-12.703001976013184,-13.50694179534912,-13.475335121154783,-4.202666282653809,-3.451729774475094,-0.7973337173461914,-0.4090700149536133,-2.57673978805542,-3.5536575317382812,-2.3410844802856445,-3.5519933700561523,-0.5770187377929705,1.6599798202514648,-1.8567428588867188,0.29762840270996094,2.062192916870117,0.9560766220092791,2.473021030426027,-11.973770141601562,-13.97967529296875,-5.600848197937012,-11.741098403930664,-3.4099338054656982,-5.074594497680664,-8.873307228088379,-8.88966178894043,-6.0108962059021,-4.084331035614014,-6.409217357635498,-7.894807815551758,-6.706332683563232,-7.8312602043151855,-8.267903327941895,0.2303793132305145,0.1384890973567962,0.1447354108095169,0.1815406382083892,0.1898213922977447,0.1706893593072891,0.2710762917995453,0.3888135552406311,,,0.4367240071296692,0.5530980825424194,0.6791066527366638,0.6596554517745972,0.6247785091400146,-0.1351715922355651,-0.2372976243495941,-0.1996193826198578,-0.3190106451511383,-0.0854692235589027,-0.0182045940309762,0.0974853485822677,0.0211344696581363,,,0.0300216060131788,0.1319214552640915,0.240927442908287,0.2408723533153534,0.2030681669712066
P341,57,165,79.05394587496399,17.41029343728465,Paddy,high,radar dip-and-rise + optical flood within 3 weeks,0.9,0.21,6.5,13,07-19,07-31,Paddy,high,-18.759681701660156,-21.707990646362305,-13.098747253417969,-19.30032539367676,-25.18850898742676,-19.787147521972656,-20.220590591430664,-16.711284637451172,-17.8400821685791,-17.2476863861084,-16.83247947692871,-13.436002731323242,-15.51372528076172,-13.731046676635742,-15.501957893371582,-0.33411598205566406,-1.2578907012939453,2.95833683013916,-0.19591045379639027,-8.07575607299805,-4.055582523345949,-2.692422866821289,-0.7163581848144531,-2.693568706512451,-2.484632968902588,-2.027517795562744,0.9882707595825195,-1.2036948204040545,1.7876486778259277,0.5783162117004395,-8.059340476989746,-10.035477638244627,-5.162210464477539,-12.32039737701416,-11.497175216674805,-10.470800399780272,-7.507288932800293,-7.95835542678833,-9.029879570007324,-9.564764022827148,-14.056501388549805,-9.386003494262695,-7.950783252716064,-8.181495666503906,-9.403221130371094,0.1181621849536895,0.2067663967609405,0.3882098793983459,0.4697140455245971,0.2338099330663681,0.290816068649292,0.806142270565033,0.6999205350875854,,,0.8951685428619385,0.6497354507446289,0.678927481174469,0.3258338868618011,0.2312349677085876,-0.1229946613311767,-0.1022518873214721,0.0497264899313449,0.1166083514690399,0.1242662146687507,0.3728678822517395,0.329914927482605,0.3174289762973785,,,0.3872087299823761,0.3098912835121155,0.2910992205142975,-0.0734472647309303,-0.1114180758595466
P342,57,165,79.06526464754388,17.377684592471113,Other kharif crop,high,"clear green-up, no flooding",0.56,0.21,3.6,13,06-25,,Other kharif crop,high,-16.261533737182617,-16.531314849853516,-18.47382164001465,-17.400978088378906,-18.31599235534668,-15.713897705078123,-16.943056106567383,-17.34374237060547,-16.72213363647461,-18.02432632446289,-14.746726036071776,-14.226468086242676,-15.715250968933104,-16.26185417175293,-15.826823234558104,2.5779638290405273,4.462034225463867,-3.017307758331299,1.6445236206054688,0.12064266204833984,2.133172035217287,1.407496452331543,-1.34881591796875,-1.8401594161987287,-3.5666613578796387,1.2996330261230487,-0.5238099098205566,-1.3666615486145002,-2.0921449661254883,-0.2511277198791486,-6.199481964111328,-8.98457145690918,-6.365146636962891,-10.348907470703123,-10.08981227874756,-7.785867691040039,-7.183013439178467,-4.701448440551758,-7.203704833984375,-7.701158046722412,-8.866791725158691,-7.178256034851074,-6.824917316436768,-6.65402889251709,-8.131204605102539,0.2027271538972854,0.2069815099239349,0.2156820744276046,0.2268121242523193,0.2889885306358337,0.3196013271808624,0.4033209681510925,0.470003217458725,,0.524583637714386,0.5555521845817566,0.4936667382717132,,0.4745385944843292,0.4588747322559356,-0.1056561842560768,-0.0945706069469451,-0.0087210526689887,0.0038123957347124,0.0749299377202987,0.1026727706193924,0.2188021093606948,0.1351322382688522,,0.1283737570047378,0.1464495956897735,0.1826260536909103,,0.0470314547419548,0.0456162802875041
P343,58,92,79.54307854716706,16.94218134272997,Review,low,radar dip but optical shows dry soil soon after,0.82,0.2,8.2,12,08-24,,Review,low,-21.045278549194336,-18.444183349609375,-20.260498046875,-22.040700912475582,-14.483402252197266,-19.247255325317383,-16.04491424560547,-25.817649841308594,-23.45038414001465,-15.508678436279297,,-15.779250144958496,-14.661508560180664,,-17.150449752807617,-3.378567695617676,-1.628190040588379,-2.0063085556030273,-4.07171535491943,0.8830981254577637,-1.2198610305786133,2.362375259399414,-8.391282081604004,-6.7609357833862305,0.7824764251708984,,-1.5439176559448242,-0.7353453636169434,,-1.8726778030395508,-10.584161758422852,-9.764907836914062,-12.5305757522583,-10.947250366210938,-5.706388473510742,-9.147958755493164,-7.397380352020264,-16.127229690551758,-10.099971771240234,-11.94418716430664,,-11.15895938873291,-8.662943840026855,,-9.220959663391112,0.1616550832986831,0.2460083961486816,,0.1409172117710113,,0.4188358783721924,0.2726384997367859,0.4188263416290283,,0.6933428645133972,0.815346896648407,0.8211091160774231,0.7739973664283752,0.7602304220199585,0.4097047448158264,-0.2117928117513656,-0.3163602948188782,,-0.051302533596754,,0.2098272144794464,0.0629402846097946,0.302188515663147,,0.3475375473499298,0.3554319143295288,0.3722974359989166,0.3570980131626129,0.3509872555732727,0.0232733860611915
P344,58,165,79.49133558680178,17.04620625263101,Other kharif crop,high,"clear green-up, no flooding",0.75,0.2,3.8,7,07-31,,Other kharif crop,high,-15.828980445861816,-17.56292724609375,-11.898581504821776,-16.834218978881836,-13.38813304901123,-16.128860473632812,-16.831558227539062,-14.42459487915039,-15.652173042297363,-17.335189819335938,-17.234840393066406,-14.554485321044922,-15.072327613830566,-15.50526237487793,-13.749130249023438,2.041975975036621,0.8578100204467773,3.573555469512943,2.8308801651000977,4.025568008422852,-1.3695611953735352,0.19936275482177734,1.1685752868652344,0.3013033866882324,-2.0071496963500977,-1.8570218086242676,0.8327898979187012,0.1589217185974121,0.47911834716796875,2.928901195526123,-6.512086868286133,-11.59620475769043,-7.038496971130371,-10.684386253356934,-9.988460540771484,-11.49950885772705,-9.100236892700195,-9.114047050476074,-7.046431541442871,-7.779099941253662,-7.652056694030762,-9.934072494506836,-8.776537895202637,-9.168317794799805,-10.77264404296875,0.1983135640621185,0.208937183022499,,0.2036272883415222,,,,0.5028964281082153,,,0.747350811958313,,,0.6501771807670593,0.4873522520065307,-0.1512780338525772,-0.1430384218692779,,-0.0049775685183703,,,,0.2573872804641723,,,0.2693987786769867,,,0.1953059136867523,0.0380738824605941
P345,58,165,79.4794778250514,16.96050697452601,Other kharif crop,high,"clear green-up, no flooding",0.73,0.27,6.4,9,,,Other kharif crop,high,-17.28997039794922,-17.89466667175293,-14.223299026489258,-17.86536407470703,-17.23646354675293,-19.69529914855957,-18.06928443908691,-19.92443084716797,-20.09650230407715,-16.970848083496094,-16.610984802246094,-17.469755172729492,-11.791412353515623,-13.51927089691162,-14.976200103759766,-0.48087501525878906,-0.23365497589111328,-0.12578058242797852,-2.0661826133728027,-2.4680891036987322,-5.339595317840576,-1.7427482604980433,-5.122733116149902,-4.0402140617370605,-1.2621111869812012,-3.023078441619873,-3.0317702293395996,2.996065616607668,2.1555337905883807,-0.03437089920043945,-9.63356590270996,-11.54673194885254,-7.441770076751709,-9.676523208618164,-8.532565116882324,-9.275309562683104,-10.296895027160645,-11.44053077697754,-9.428799629211426,-11.206975936889648,-10.294981956481934,-4.923667907714844,-8.1101713180542,-5.692507743835449,-11.421503067016602,0.2911436855792999,0.254738837480545,,0.2955791056156158,,0.3311742842197418,,0.4038047194480896,,0.5517760515213013,0.6556560397148132,,,0.7265627980232239,0.649378776550293,-0.0917564406991005,-0.1767357438802719,,-0.0680767968297004,,0.091394767165184,,0.237703800201416,,0.1234026253223419,0.1838876903057098,,,0.2485342770814895,0.1905528306961059
P346,58,92,79.54604298760465,16.987456433049594,Review,low,radar dip but optical shows dry soil soon after,0.82,0.17,8.9,8,"06-25, 10-23",,Review,low,-18.800363540649418,-18.969402313232425,-23.407318115234375,-23.213626861572266,-21.824138641357425,-22.32746124267578,-22.516714096069336,-21.53384017944336,-18.270748138427734,-18.430818557739254,,-12.884183883666992,-15.77725315093994,,-16.070096969604492,-0.4538516998291051,-1.7114048004150426,-5.471613883972168,-5.631985664367676,-5.731253147125248,-4.875068664550781,-4.387392997741699,-1.2746734619140625,-0.9767560958862305,-2.3414258956909144,,2.0405540466308594,-2.3193950653076154,,-0.7923250198364258,-11.923845291137695,-9.15243148803711,-10.436495780944824,-10.384259223937988,-13.599804878234863,-13.10468864440918,-12.77593231201172,-8.783844947814941,-7.906589031219482,-8.471189498901367,,-9.892182350158691,-9.821678161621094,,-5.29413366317749,0.1895354688167572,0.1545275747776031,,0.1796844452619552,,,,0.6028861403465271,,0.8190983533859253,0.7933821082115173,,,0.3191812336444855,0.2923192381858825,-0.1987017095088958,-0.2285387516021728,,-0.1754058599472046,,,,0.3079159557819366,,0.3739623725414276,0.328563243150711,,,0.0705933719873428,0.0975793302059173
P347,58,92,79.544156525508,16.976137660469686,Perennial,medium,green from June and stable radar all season,0.76,0.72,3.6,8,,,Review,low,-13.578338623046877,-13.955936431884766,-15.143844604492188,-11.976485252380373,-11.60292148590088,-14.216975212097168,-16.824382781982422,-12.453792572021484,-15.56938362121582,-14.3618745803833,,-14.28353214263916,-14.141447067260742,,-15.202832221984863,5.319969177246092,3.9237794876098633,3.4323043823242188,6.821157455444334,4.489964008331297,4.060214042663574,1.8032417297363281,8.156388282775879,2.1232824325561523,1.9292802810668945,,0.5930061340332031,-0.4920830726623535,,0.25087976455688477,-7.897521495819092,-8.867467880249023,-12.418901443481444,-8.372269630432129,-8.368257522583008,-6.845241069793701,-8.015069007873535,-6.034789562225342,-7.847288131713867,-7.669557571411133,,-8.8461275100708,-6.974349021911621,,-6.208367824554443,0.6762159466743469,0.7634464502334595,,0.746199905872345,,0.3127375245094299,,0.5732817053794861,,,0.5603378415107727,,,0.6678463816642761,0.6228586435317993,0.1133826076984405,0.1964629590511322,,0.1946197003126144,,0.1129302829504013,,0.1890931725502014,,,-0.0123133473098278,,,0.0676556378602981,0.0878924280405044
P348,58,92,79.49564750016555,16.933827010587656,Paddy,medium,optical flood + radar growth afterwards (shallow dip),0.87,0.11,8.2,11,,07-31,Review,low,-20.05769157409668,-19.13870620727539,-19.928014755249023,-22.70062255859375,-21.756681442260746,-25.64271545410156,-17.191139221191406,-16.81600570678711,-17.02550506591797,-16.140085220336914,,-14.187132835388184,-14.89214324951172,,-15.554712295532228,-2.3909807205200195,-2.3227128982543945,-1.6738252639770508,-4.731637001037598,-6.999498367309574,-7.615321159362789,1.0327720642089844,2.9692792892456055,-0.06756973266601562,0.10037708282470703,,0.737605094909668,-0.9659800529479998,,-0.27694034576416193,-11.745375633239746,-10.459372520446776,-11.12179183959961,-12.058426856994627,-15.628223419189451,-15.066412925720217,-12.301979064941406,-9.52735996246338,-10.737221717834473,-12.857293128967283,,-8.74395751953125,-11.206439971923828,,-12.396804809570312,0.131122201681137,0.1137461587786674,0.0850268825888633,0.1123010292649269,,0.2308153510093689,0.6337304711341858,0.6615502238273621,,,0.872278094291687,0.8188899755477905,,0.2308233678340912,0.1716340482234954,-0.1564200520515442,-0.137408435344696,0.0304047539830207,-0.0298059564083814,,0.2592573761940002,0.2429879754781723,0.3372286558151245,,,0.4008166790008545,0.4342031478881836,,-0.1173860356211662,-0.210746020078659
P349,59,165,78.90356789640238,17.589507336466497,Review,low,radar dip but optical shows dry soil soon after,0.86,0.32,7.8,12,"07-19, 08-12",,Review,low,-15.0253324508667,-16.692087173461914,-11.776585578918455,-15.821948051452637,-20.86908531188965,-18.4165096282959,-24.3792724609375,-16.529155731201172,-16.94046401977539,-13.05167007446289,-12.426712989807127,-13.463716506958008,-14.306056022644045,-15.409862518310549,-15.179814338684082,1.0338249206542969,0.5622034072875977,2.53064012527466,0.9247274398803711,-5.585778713226318,-1.8355026245117188,-8.654792308807373,-1.1069355010986328,-1.918996810913086,1.8264613151550293,2.210301399230959,0.8718972206115723,0.284263610839842,0.4041252136230451,-0.48314714431762695,-12.04517650604248,-10.04949188232422,-5.937159061431885,-9.369072914123535,-6.725499629974365,-9.672207832336426,-8.62917423248291,-7.953207492828369,-7.140936851501465,-6.883626937866211,-6.415633201599121,-9.48238468170166,-9.097261428833008,-12.088030815124512,-8.485206604003906,0.4339707493782043,0.2026813924312591,,0.4494662284851074,,0.2971774935722351,0.4706172347068786,0.5001322031021118,0.6527418494224548,,0.855504035949707,0.5103481411933899,0.526075541973114,0.4336944222450256,0.3172459900379181,-0.0031762304715812,-0.0390423275530338,,0.0440694876015186,,0.1818618774414062,0.1801058202981948,0.2171977758407592,0.3650867044925689,,0.3116477131843567,0.3786681592464447,0.1631235778331756,0.0655373185873031,-0.0295132510364055
P350,59,165,78.94668703004011,17.63289596468947,Perennial,medium,green from June and stable radar all season,0.87,0.52,4.4,10,,,Review,low,-12.004206657409668,-12.422297477722168,-12.451671600341797,-12.76893138885498,-12.419195175170898,-16.075292587280273,-16.755332946777344,-16.657522201538086,-15.323647499084473,-13.542874336242676,-14.709993362426758,-14.06855010986328,-11.07470417022705,-14.469069480895996,-15.783933639526367,4.862697601318359,5.240497589111328,1.9677023887634277,3.982508659362793,4.562483787536621,0.577113151550293,-0.38942813873291016,-1.383812427520752,0.030070781707763672,2.0150980949401855,-0.7173571586608887,0.30370521545410334,3.8779873847961426,1.3010482788085938,-0.9932265281677246,-10.293295860290527,-8.206646919250488,-5.750598430633545,-8.421817779541016,-9.543259620666504,-13.78329372406006,-9.566740036010742,-6.71773624420166,-7.740711212158203,-8.02627944946289,-9.524141311645508,-10.807821273803713,-7.110066890716553,-11.515802383422852,-10.303703308105469,0.6827660799026489,0.4131526947021484,0.5152972340583801,0.4204232394695282,,0.2437764704227447,0.3550308048725128,0.4976951777935028,,,0.8710383772850037,,,0.7270021438598633,0.4284982681274414,0.2001722007989883,0.0632337108254432,0.1066648289561271,0.058421291410923,,0.1764865517616272,0.288432776927948,0.2422916889190673,,,0.3106698095798492,,,0.2734397351741791,0.0740004852414131
P351,59,165,79.06769009881101,17.532913473566968,Other kharif crop,high,"clear green-up, no flooding",0.8,0.15,9.6,14,,,Other kharif crop,high,-24.409154891967773,-21.87568473815918,-17.15619468688965,-19.88310432434082,-17.429880142211914,-15.303948402404783,-12.832318305969238,-14.790275573730469,-14.16555881500244,-12.040958404541016,-13.822613716125488,-13.50369358062744,-13.008977890014648,-14.73155117034912,-14.823830604553224,-4.570367813110352,-2.8710107803344727,-1.0590929985046387,-2.03255558013916,-1.6865811347961426,-0.7494521141052228,4.461053848266602,0.48862791061401367,1.3232131004333514,3.204007625579834,1.5139532089233398,1.8336873054504412,1.6695303916931152,0.3140158653259313,2.3144702911376935,-9.802072525024414,-10.31851577758789,-8.06635570526123,-7.1651835441589355,-12.16073226928711,-6.693535327911377,-8.720940589904785,-6.520491123199463,-3.648392677307129,-7.271738052368164,-9.27518367767334,-9.048419952392578,-6.692333698272705,-6.755785942077637,-8.561067581176758,0.0968594998121261,0.1457792967557907,0.1546057611703872,0.2563708424568176,0.3853501677513122,0.4426719546318054,0.4201689660549164,0.5441296696662903,0.3669381737709045,0.4942843616008758,0.5125812292098999,0.5629919171333313,,0.8010563850402832,0.7613088488578796,-0.1974548101425171,-0.2044946402311325,-0.1092851459980011,-0.0670169442892074,0.0818757563829422,0.1567943394184112,0.1491179913282394,0.0578053593635559,0.2431127578020095,0.1872445791959762,0.0744467079639434,0.157570943236351,,0.3454765677452087,0.319650799036026
P352,59,165,79.01810309512761,17.555551018726778,Other kharif crop,high,"clear green-up, no flooding",0.77,0.34,4.1,13,,,Other kharif crop,high,-19.906583786010746,-18.613615036010746,-17.778234481811523,-18.77877426147461,-16.092294692993164,-14.377131462097168,-16.271785736083984,-15.133044242858888,-16.61176300048828,-15.192001342773438,-15.277518272399902,-17.73269271850586,-12.922178268432615,-17.296981811523438,-15.936942100524902,-0.24077892303467152,1.110667228698727,-1.6811327934265137,0.08566570281982422,-0.015398502349853516,1.1494588851928693,-0.6300134658813477,-0.305671691894533,-1.8963942527770996,-1.8442068099975586,-0.5053062438964844,-3.199036121368408,1.5883345603942889,-2.5464181900024414,1.2660789489746094,-10.285536766052246,-10.350470542907717,-11.214295387268066,-11.306601524353027,-8.298532485961914,-8.693746566772461,-10.62081813812256,-9.91550350189209,-7.274110317230225,-6.817943572998047,-8.258037567138672,-6.803413391113281,-8.380807876586914,-9.984160423278809,-9.258696556091309,0.337323933839798,0.3359028100967407,0.4841981828212738,0.3359937369823456,0.4190814793109894,0.5152086019515991,0.7711772322654724,0.6495293378829956,0.6394331455230713,,0.6743596196174622,0.5663633346557617,,0.648283064365387,0.5661080479621887,-0.0771526172757148,-0.0928584784269332,0.0344478599727153,-0.0209157597273588,0.1094885319471359,0.1899910569190979,0.2825029194355011,0.1909159719944,0.228969931602478,,0.1618653982877731,0.1180928796529769,,0.1158854365348815,0.0949519947171211
P353,59,165,79.05798829374253,17.549083148681117,Review,low,radar dip but optical shows dry soil soon after,0.55,0.07,12.1,13,06-13,,Review,low,-23.617347717285156,-32.830875396728516,-20.484617233276367,-23.94334602355957,-21.96367835998535,-22.647306442260746,-19.854461669921875,-17.5246639251709,-17.159189224243164,-15.170944213867188,-16.107378005981445,-18.511064529418945,-17.900218963623047,-15.321557998657228,-18.314674377441406,-3.0189743041992188,-13.681557655334473,-4.387515544891357,-5.398594856262207,-5.537786483764648,-7.629401683807378,-4.510707378387451,-2.525907039642334,-1.8832311630249023,0.07402181625366211,-1.309103012084961,-3.633181571960449,-3.3897061347961426,-0.8585395812988299,-2.1128673553466797,-15.587446212768556,-16.484878540039062,-10.173019409179688,-11.520960807800291,-12.106415748596191,-12.149617195129396,-11.962967872619627,-8.9058198928833,-11.497393608093262,-10.504124641418455,-9.59492015838623,-10.793290138244627,-8.1602201461792,-12.199271202087402,-11.762383460998535,0.071390688419342,0.0542428344488143,0.108482725918293,0.0628105327486991,0.176278218626976,0.1989158689975738,0.2056349068880081,0.2151090651750564,,0.2959566712379455,0.347270131111145,0.4843189716339111,,0.5490642189979553,0.509468138217926,-0.1386875361204147,-0.1200022101402282,-0.1016613915562629,-0.0913460850715637,-0.0541432872414588,0.0248935017734766,0.0220851600170135,-0.0091223679482936,,-0.0254656132310628,0.0503834933042526,0.0561425797641277,,0.0927029028534889,0.0587491057813167
P354,59,165,79.00328089293964,17.642058780587487,Paddy,high,radar dip-and-rise + optical flood within 3 weeks,0.77,0.35,6.4,12,07-19,07-31,Paddy,high,-17.061511993408203,-17.62692642211914,-14.043560028076172,-15.776914596557615,-21.55229759216309,-20.25567054748535,-20.581241607666016,-14.208117485046388,-12.181431770324709,-15.315719604492188,-14.834430694580078,-14.445234298706056,-14.54664421081543,-15.73385238647461,-18.24578094482422,0.8573122024536133,0.08022785186767578,0.42932653427124023,1.44691848754883,-5.970129966735843,-5.489777088165283,-4.175689697265625,0.9537391662597638,2.960286617279051,-0.1704411506652832,-0.10924577713012695,-0.31582355499267756,-0.21515321731567383,0.3347940444946289,-2.4948678016662598,-9.683302879333496,-8.026742935180664,-7.314577102661133,-11.779187202453612,-11.928179740905762,-12.593234062194824,-10.184891700744627,-8.722846984863281,-10.010102272033691,-6.059548854827881,-8.149275779724121,-7.825427532196045,-9.475059509277344,-10.769058227539062,-10.090961456298828,0.3482761681079864,0.2807363867759704,0.4788769781589508,0.3967624306678772,,0.2529000043869018,0.4401520192623138,0.6225638389587402,,,0.7694782614707947,0.6142708659172058,0.619635283946991,0.5195985436439514,0.2986908555030823,-0.0720907226204872,0.0057302331551909,0.0727736502885818,0.0734304562211036,,0.2148225605487823,0.2534841001033783,0.2480507791042328,,,0.2907021045684814,0.2758200466632843,0.1983536779880523,0.0842169374227523,-0.0853335559368133
